,city,date,treat,price,rating,omtaler,gæster,soveværelser,bathroom,hair dryer,hot water,bed linen,family,work,temperature,security,wi-fi,kitchen,refrigerator,outdoor,parkering and faciliteter,host,shampoo,hangers,blackout curtains,entertainment,washing machine,dishwasher,attractions nearby,other,cleaning products,smoking allowed,mailbox,view,fitness equipment,fireplace,pool etc.,Sights,Safety,Shopping,Location,Climate,Affordability
0,Hamburg,2024-07-23,1,596,4.41,278,2.0,1.0,1.0,1.0,1.0,1.0,1.0,1.0,1.0,1.0,1.0,1.0,1.0,1.0,1.0,1.0,,,,,,,,,,,,,,,,6.4,7.0,6.0,8.25,5.75,2.25
1,Hamburg,2024-07-23,1,544,4.88,573,,1.0,1.0,1.0,1.0,1.0,1.0,1.0,,1.0,,1.0,1.0,1.0,1.0,1.0,1.0,1.0,1.0,1.0,,,,,,,,,,,,6.4,7.0,6.0,8.25,5.75,2.25
2,Hamburg,2024-07-23,1,685,5.0,12,,1.0,1.0,1.0,1.0,,1.0,1.0,1.0,1.0,1.0,1.0,1.0,1.0,1.0,,1.0,1.0,1.0,1.0,1.0,1.0,,,,,,,,,,6.4,7.0,6.0,8.25,5.75,2.25
3,Hamburg,2024-07-23,1,894,4.96,23,2.0,1.0,1.0,1.0,,,1.0,1.0,,1.0,1.0,,,,,,1.0,1.0,,1.0,,,1.0,,,,,,,,,6.4,7.0,6.0,8.25,5.75,2.25
4,Hamburg,2024-07-23,1,339,4.65,63,,1.0,1.0,1.0,1.0,,1.0,1.0,1.0,1.0,,1.0,1.0,1.0,1.0,1.0,1.0,1.0,1.0,1.0,1.0,1.0,1.0,1.0,1.0,1.0,1.0,,,,,6.4,7.0,6.0,8.25,5.75,2.25
5,Hamburg,2024-07-23,1,377,4.97,325,,1.0,1.0,1.0,1.0,,,1.0,,1.0,1.0,1.0,1.0,1.0,,,,1.0,,1.0,1.0,,,,,,,,,,,6.4,7.0,6.0,8.25,5.75,2.25
6,Hamburg,2024-07-23,1,894,4.84,44,2.0,1.0,1.0,1.0,,,1.0,1.0,,1.0,1.0,,,,,,,1.0,,1.0,,,1.0,,,,,,,,,6.4,7.0,6.0,8.25,5.75,2.25
7,Hamburg,2024-07-23,1,701,4.65,71,,1.0,1.0,1.0,1.0,,,1.0,1.0,1.0,,,,,1.0,,,,1.0,,1.0,,,,,,,,,,,6.4,7.0,6.0,8.25,5.75,2.25
8,Hamburg,2024-07-23,1,648,4.91,22,,1.0,1.0,1.0,1.0,,,1.0,1.0,1.0,1.0,1.0,1.0,,1.0,,1.0,1.0,1.0,1.0,,1.0,,1.0,1.0,,,,,,,6.4,7.0,6.0,8.25,5.75,2.25
9,Hamburg,2024-07-23,1,454,4.58,151,2.0,2.0,1.0,,1.0,,1.0,1.0,,1.0,,1.0,1.0,1.0,1.0,,,1.0,,1.0,,,1.0,,,,,,,,,6.4,7.0,6.0,8.25,5.75,2.25
10,Hamburg,2024-07-23,1,526,4.61,216,,1.0,1.0,,,,1.0,,,,,1.0,1.0,1.0,1.0,,1.0,,,1.0,,,,,,,,1.0,,,,6.4,7.0,6.0,8.25,5.75,2.25
11,Hamburg,2024-07-23,1,535,4.77,26,2.0,1.0,1.0,,1.0,,,1.0,1.0,1.0,1.0,1.0,,1.0,1.0,,1.0,,1.0,1.0,,,1.0,1.0,1.0,,,1.0,,,,6.4,7.0,6.0,8.25,5.75,2.25
12,Hamburg,2024-07-23,1,454,,,2.0,2.0,1.0,1.0,1.0,1.0,1.0,1.0,,1.0,,1.0,1.0,1.0,1.0,,1.0,1.0,,1.0,,,,,,,,,,,,6.4,7.0,6.0,8.25,5.75,2.25
13,Hamburg,2024-07-23,1,632,4.60,83,,2.0,1.0,1.0,1.0,,1.0,1.0,,1.0,,1.0,1.0,1.0,1.0,1.0,1.0,1.0,1.0,1.0,,1.0,,1.0,1.0,,1.0,,,,,6.4,7.0,6.0,8.25,5.75,2.25
14,Hamburg,2024-07-23,1,633,4.73,11,2.0,1.0,1.0,1.0,1.0,1.0,1.0,1.0,,1.0,1.0,1.0,1.0,,1.0,1.0,,,,,1.0,,,,,,,,,,,6.4,7.0,6.0,8.25,5.75,2.25
15,Hamburg,2024-07-23,1,701,4.38,16,,1.0,,,,,,1.0,,1.0,1.0,1.0,,,,,,,,,1.0,,,,,,,,,,,6.4,7.0,6.0,8.25,5.75,2.25
16,Hamburg,2024-07-23,1,675,4.83,161,,1.0,1.0,1.0,1.0,1.0,1.0,1.0,,1.0,,1.0,1.0,1.0,1.0,,,1.0,1.0,1.0,1.0,1.0,1.0,,,,,,,,,6.4,7.0,6.0,8.25,5.75,2.25
17,Hamburg,2024-07-23,1,315,4.96,24,,1.0,1.0,1.0,,1.0,,1.0,,1.0,1.0,1.0,,,,,1.0,,,,,,,,,,,,,,,6.4,7.0,6.0,8.25,5.75,2.25
18,Hamburg,2024-07-23,1,614,4.89,47,2.0,1.0,1.0,1.0,1.0,1.0,1.0,1.0,1.0,1.0,1.0,1.0,1.0,1.0,1.0,1.0,1.0,1.0,,1.0,,,1.0,1.0,1.0,,1.0,,,,,6.4,7.0,6.0,8.25,5.75,2.25
19,Hamburg,2024-07-23,1,678,4.33,3,2.0,1.0,1.0,1.0,1.0,1.0,1.0,1.0,,1.0,1.0,1.0,1.0,,1.0,1.0,,,,,1.0,,,,,,,,,,,6.4,7.0,6.0,8.25,5.75,2.25
20,Hamburg,2024-07-23,1,421,4.50,22,,1.0,1.0,1.0,1.0,1.0,1.0,1.0,,1.0,1.0,1.0,1.0,1.0,1.0,1.0,,1.0,,,,1.0,1.0,1.0,1.0,,1.0,,,,,6.4,7.0,6.0,8.25,5.75,2.25
21,Hamburg,2024-07-23,1,782,4.31,45,2.0,1.0,1.0,1.0,1.0,1.0,1.0,1.0,,1.0,1.0,1.0,1.0,1.0,1.0,1.0,,,,,1.0,,,,,,,,,,,6.4,7.0,6.0,8.25,5.75,2.25
22,Hamburg,2024-07-23,1,894,4.81,26,2.0,1.0,1.0,1.0,,,1.0,1.0,,1.0,1.0,,,,,,1.0,1.0,,1.0,,,1.0,,,,,,,,,6.4,7.0,6.0,8.25,5.75,2.25
23,Hamburg,2024-07-23,1,454,4.63,127,2.0,2.0,1.0,1.0,1.0,,1.0,1.0,,1.0,1.0,1.0,1.0,1.0,1.0,,,1.0,1.0,1.0,,,,1.0,1.0,,,,,,,6.4,7.0,6.0,8.25,5.75,2.25
24,Hamburg,2024-07-23,1,454,,,2.0,2.0,1.0,,1.0,,1.0,1.0,,1.0,1.0,1.0,1.0,1.0,1.0,,,1.0,,1.0,,,,,,1.0,,,,,,6.4,7.0,6.0,8.25,5.75,2.25
25,Hamburg,2024-07-23,1,325,,,2.0,1.0,1.0,1.0,1.0,,,1.0,1.0,1.0,1.0,1.0,1.0,1.0,1.0,,1.0,1.0,1.0,1.0,1.0,,,1.0,1.0,,,,,,,6.4,7.0,6.0,8.25,5.75,2.25
26,Hamburg,2024-07-23,1,799,5.0,39,3.0,2.0,1.0,1.0,1.0,1.0,1.0,1.0,1.0,1.0,,1.0,1.0,,1.0,1.0,,1.0,1.0,1.0,,1.0,1.0,,,,1.0,1.0,,,,6.4,7.0,6.0,8.25,5.75,2.25
27,Hamburg,2024-07-23,1,789,4.85,13,,1.0,1.0,1.0,1.0,,,1.0,1.0,1.0,,1.0,1.0,1.0,1.0,,1.0,1.0,1.0,1.0,1.0,1.0,,1.0,1.0,,,1.0,,,,6.4,7.0,6.0,8.25,5.75,2.25
28,Hamburg,2024-07-23,1,789,4.58,12,2.0,1.0,1.0,1.0,1.0,1.0,,1.0,,1.0,1.0,1.0,1.0,,1.0,,1.0,,1.0,1.0,,,1.0,1.0,1.0,1.0,,,,,,6.4,7.0,6.0,8.25,5.75,2.25
29,Hamburg,2024-07-23,1,833,4.64,28,4.0,4.0,1.0,1.0,1.0,1.0,1.0,1.0,1.0,1.0,1.0,1.0,1.0,1.0,1.0,1.0,1.0,1.0,1.0,1.0,,1.0,1.0,1.0,1.0,,1.0,1.0,,,,6.4,7.0,6.0,8.25,5.75,2.25
30,Hamburg,2024-07-23,1,500,4.90,286,2.0,2.0,1.0,1.0,1.0,1.0,1.0,1.0,1.0,1.0,1.0,1.0,1.0,1.0,1.0,,1.0,1.0,1.0,1.0,,1.0,1.0,1.0,1.0,,,,,,,6.4,7.0,6.0,8.25,5.75,2.25
31,Hamburg,2024-07-23,1,877,4.40,5,,1.0,1.0,1.0,1.0,,1.0,1.0,1.0,1.0,1.0,1.0,1.0,1.0,1.0,,1.0,1.0,,1.0,1.0,1.0,1.0,1.0,1.0,,,,1.0,,,6.4,7.0,6.0,8.25,5.75,2.25
32,Hamburg,2024-07-23,1,789,5.0,6,,1.0,,,,,,1.0,,,1.0,1.0,,1.0,,,,,,,1.0,,,,,,,,,,,6.4,7.0,6.0,8.25,5.75,2.25
33,Hamburg,2024-07-23,1,368,4.75,330,,1.0,1.0,1.0,1.0,1.0,1.0,1.0,,1.0,1.0,,,1.0,1.0,,1.0,,,1.0,,,,1.0,1.0,,,1.0,,,,6.4,7.0,6.0,8.25,5.75,2.25
34,Hamburg,2024-07-23,1,674,4.89,9,,1.0,1.0,1.0,,,,1.0,,1.0,1.0,1.0,1.0,1.0,,,,,,1.0,1.0,,,,,,,,,,,6.4,7.0,6.0,8.25,5.75,2.25
35,Hamburg,2024-07-23,1,868,5.0,6,,1.0,1.0,1.0,1.0,1.0,,1.0,1.0,1.0,1.0,1.0,1.0,1.0,,,1.0,,1.0,1.0,1.0,1.0,1.0,,,,,1.0,,,,6.4,7.0,6.0,8.25,5.75,2.25
36,Hamburg,2024-07-23,1,298,,,,1.0,1.0,1.0,1.0,1.0,1.0,1.0,1.0,1.0,1.0,1.0,1.0,1.0,1.0,,,,,1.0,1.0,,,,,,,,,,,6.4,7.0,6.0,8.25,5.75,2.25
37,Hamburg,2024-07-23,1,474,4.79,70,,1.0,1.0,1.0,1.0,,,1.0,1.0,1.0,,1.0,1.0,1.0,,,,1.0,1.0,1.0,1.0,1.0,,,,,,,,,,6.4,7.0,6.0,8.25,5.75,2.25
38,Hamburg,2024-07-23,1,999,5.0,8,,1.0,1.0,1.0,1.0,,1.0,1.0,1.0,1.0,1.0,1.0,1.0,,1.0,1.0,1.0,1.0,,1.0,1.0,1.0,,,,,1.0,,,,,6.4,7.0,6.0,8.25,5.75,2.25
39,Hamburg,2024-07-23,1,307,4.84,19,,1.0,1.0,1.0,1.0,,1.0,1.0,,1.0,1.0,1.0,1.0,1.0,1.0,,1.0,1.0,1.0,1.0,1.0,1.0,,1.0,1.0,,,,,,,6.4,7.0,6.0,8.25,5.75,2.25
40,Hamburg,2024-07-23,1,368,4.89,104,,1.0,1.0,1.0,1.0,1.0,1.0,1.0,1.0,1.0,,1.0,1.0,1.0,1.0,,1.0,1.0,1.0,1.0,,1.0,,1.0,1.0,,,1.0,,,,6.4,7.0,6.0,8.25,5.75,2.25
41,Hamburg,2024-07-23,1,820,4.88,184,6.0,2.0,1.0,1.0,1.0,1.0,1.0,1.0,,1.0,1.0,1.0,1.0,1.0,1.0,1.0,,1.0,,1.0,,1.0,1.0,1.0,1.0,,1.0,1.0,,,,6.4,7.0,6.0,8.25,5.75,2.25
42,Hamburg,2024-07-23,1,708,4.67,3,2.0,1.0,1.0,1.0,1.0,1.0,1.0,1.0,,1.0,1.0,1.0,1.0,1.0,1.0,1.0,,,,,1.0,,,,,,,,,,,6.4,7.0,6.0,8.25,5.75,2.25
43,Hamburg,2024-07-23,1,772,4.89,27,,1.0,1.0,1.0,1.0,,,1.0,1.0,1.0,,1.0,1.0,1.0,1.0,,,1.0,1.0,1.0,,1.0,,1.0,1.0,,,1.0,,,,6.4,7.0,6.0,8.25,5.75,2.25
44,Hamburg,2024-07-23,1,478,4.36,25,2.0,2.0,,,,,,1.0,,1.0,1.0,1.0,1.0,1.0,1.0,,,,,1.0,,,,,,1.0,,,,,,6.4,7.0,6.0,8.25,5.75,2.25
45,Hamburg,2024-07-23,1,991,5.0,6,2.0,2.0,1.0,1.0,1.0,,,1.0,1.0,1.0,,1.0,1.0,,,,1.0,1.0,1.0,1.0,,1.0,,1.0,1.0,,,,1.0,,,6.4,7.0,6.0,8.25,5.75,2.25
46,Hamburg,2024-07-23,1,596,5.0,6,,1.0,1.0,1.0,1.0,,,1.0,1.0,1.0,1.0,1.0,1.0,,1.0,,1.0,,1.0,1.0,,,,,,,,,,,,6.4,7.0,6.0,8.25,5.75,2.25
47,Hamburg,2024-07-23,1,386,5.0,9,,2.0,1.0,1.0,1.0,1.0,1.0,1.0,,1.0,1.0,1.0,1.0,1.0,1.0,,,1.0,1.0,1.0,,,1.0,,,,,,,,,6.4,7.0,6.0,8.25,5.75,2.25
48,Hamburg,2024-07-23,1,736,4.93,230,4.0,2.0,1.0,1.0,1.0,1.0,1.0,1.0,1.0,1.0,1.0,1.0,1.0,1.0,1.0,,1.0,1.0,1.0,1.0,,1.0,1.0,1.0,1.0,,,1.0,,,,6.4,7.0,6.0,8.25,5.75,2.25
49,Hamburg,2024-07-23,1,663,4.33,33,5.0,3.0,1.0,1.0,1.0,,,1.0,,1.0,1.0,1.0,,,1.0,1.0,,1.0,,1.0,1.0,,1.0,,,,1.0,,,,,6.4,7.0,6.0,8.25,5.75,2.25
50,Hamburg,2024-07-23,1,368,4.55,109,2.0,1.0,1.0,,,,,1.0,1.0,1.0,1.0,1.0,,,1.0,1.0,,,,,,,,1.0,1.0,,1.0,,,,,6.4,7.0,6.0,8.25,5.75,2.25
51,Hamburg,2024-07-23,1,544,4.89,18,,1.0,1.0,1.0,1.0,1.0,1.0,1.0,1.0,1.0,1.0,1.0,1.0,,,,1.0,1.0,,,1.0,,,1.0,1.0,,,,,,,6.4,7.0,6.0,8.25,5.75,2.25
52,Hamburg,2024-07-23,1,658,4.78,93,,1.0,1.0,,1.0,,,1.0,,1.0,1.0,,,,1.0,,,,,,,,,,,,,,,,,6.4,7.0,6.0,8.25,5.75,2.25
53,Hamburg,2024-07-23,1,439,4.96,85,,1.0,1.0,1.0,1.0,,1.0,1.0,,1.0,,1.0,1.0,1.0,1.0,1.0,,1.0,1.0,1.0,,1.0,1.0,1.0,1.0,,1.0,1.0,,,,6.4,7.0,6.0,8.25,5.75,2.25
54,Hamburg,2024-07-23,1,658,4.83,54,,1.0,1.0,1.0,1.0,,1.0,1.0,1.0,1.0,1.0,1.0,1.0,1.0,1.0,,1.0,1.0,1.0,1.0,,1.0,,,,,,,,,,6.4,7.0,6.0,8.25,5.75,2.25
55,Hamburg,2024-07-23,1,553,4.97,34,2.0,1.0,1.0,1.0,1.0,,1.0,1.0,1.0,1.0,1.0,1.0,1.0,1.0,1.0,,1.0,1.0,,1.0,,1.0,1.0,1.0,1.0,,,,,,,6.4,7.0,6.0,8.25,5.75,2.25
56,Hamburg,2024-07-23,1,526,4.71,7,,1.0,,,,,,1.0,,1.0,1.0,1.0,,1.0,1.0,,,,,1.0,1.0,,1.0,,,,,,,,,6.4,7.0,6.0,8.25,5.75,2.25
57,Hamburg,2024-07-23,1,622,4.75,4,,2.0,1.0,,,,1.0,1.0,,1.0,1.0,1.0,1.0,1.0,1.0,,,,,,1.0,,,1.0,1.0,1.0,,1.0,,,,6.4,7.0,6.0,8.25,5.75,2.25
58,Hamburg,2024-07-23,1,579,4.60,30,,5.0,1.0,1.0,1.0,,1.0,1.0,,1.0,1.0,1.0,,1.0,1.0,,1.0,1.0,1.0,1.0,1.0,,1.0,1.0,1.0,,,1.0,,,,6.4,7.0,6.0,8.25,5.75,2.25
59,Hamburg,2024-07-23,1,263,4.23,13,,4.0,,,,,,1.0,,1.0,1.0,1.0,,,1.0,1.0,,,,1.0,1.0,,,,,,,,,,,6.4,7.0,6.0,8.25,5.75,2.25
60,Hamburg,2024-07-23,1,526,4.87,93,2.0,1.0,1.0,1.0,1.0,1.0,1.0,1.0,1.0,1.0,1.0,1.0,1.0,,1.0,1.0,1.0,1.0,1.0,1.0,,,1.0,1.0,1.0,,1.0,,,,,6.4,7.0,6.0,8.25,5.75,2.25
61,Hamburg,2024-07-23,1,280,4.56,78,,1.0,1.0,1.0,1.0,1.0,1.0,1.0,,1.0,1.0,1.0,1.0,,1.0,,1.0,1.0,1.0,1.0,,,1.0,1.0,1.0,,,,,,,6.4,7.0,6.0,8.25,5.75,2.25
62,Hamburg,2024-07-23,1,368,4.72,53,,1.0,1.0,1.0,1.0,,,1.0,1.0,1.0,,1.0,1.0,1.0,1.0,,1.0,1.0,1.0,1.0,,1.0,1.0,1.0,1.0,,,1.0,,,,6.4,7.0,6.0,8.25,5.75,2.25
63,Hamburg,2024-07-23,1,857,4.50,14,2.0,1.0,1.0,1.0,1.0,1.0,1.0,1.0,,1.0,1.0,1.0,1.0,,1.0,1.0,,,,,1.0,,,,,,,,,,,6.4,7.0,6.0,8.25,5.75,2.25
64,Hamburg,2024-07-23,1,799,4.68,40,,1.0,1.0,1.0,1.0,,,1.0,1.0,1.0,,1.0,1.0,1.0,1.0,,,1.0,1.0,1.0,,1.0,,,,,,1.0,,,,6.4,7.0,6.0,8.25,5.75,2.25
65,Hamburg,2024-07-23,1,779,,,2.0,2.0,1.0,1.0,1.0,,1.0,1.0,1.0,1.0,,1.0,,1.0,1.0,1.0,1.0,1.0,1.0,1.0,,,1.0,1.0,1.0,,1.0,1.0,,,,6.4,7.0,6.0,8.25,5.75,2.25
66,Hamburg,2024-07-23,1,701,,,,2.0,1.0,,1.0,,,1.0,,1.0,1.0,,,,,1.0,,,,1.0,,,,,,,,,,,,6.4,7.0,6.0,8.25,5.75,2.25
67,Hamburg,2024-07-23,1,263,4.83,6,,6.0,,,,,,1.0,,1.0,1.0,1.0,,,1.0,1.0,,,,1.0,1.0,,,,,,,,,,,6.4,7.0,6.0,8.25,5.75,2.25
68,Hamburg,2024-07-23,1,701,4.80,65,2.0,1.0,1.0,1.0,1.0,1.0,1.0,1.0,,1.0,,1.0,1.0,,1.0,1.0,1.0,1.0,,1.0,,1.0,1.0,1.0,1.0,,,,,,,6.4,7.0,6.0,8.25,5.75,2.25
69,Hamburg,2024-07-23,1,307,5.0,6,,1.0,1.0,1.0,1.0,,1.0,1.0,,1.0,1.0,1.0,1.0,1.0,1.0,,1.0,,1.0,1.0,,1.0,,1.0,1.0,,,,,,,6.4,7.0,6.0,8.25,5.75,2.25
70,Hamburg,2024-07-23,1,622,,,2.0,1.0,1.0,1.0,,,,1.0,1.0,1.0,1.0,1.0,,,1.0,,,,,1.0,,,,1.0,1.0,,,,,,,6.4,7.0,6.0,8.25,5.75,2.25
71,Hamburg,2024-07-23,1,351,4.89,44,,1.0,1.0,1.0,1.0,,,1.0,1.0,1.0,1.0,1.0,1.0,1.0,1.0,,,1.0,,1.0,,1.0,,1.0,1.0,,,1.0,,,,6.4,7.0,6.0,8.25,5.75,2.25
72,Hamburg,2024-07-23,1,614,,,2.0,1.0,1.0,1.0,1.0,,,1.0,,1.0,1.0,,,,1.0,1.0,1.0,1.0,,1.0,1.0,,,,,,,,,,,6.4,7.0,6.0,8.25,5.75,2.25
73,Hamburg,2024-07-23,1,596,3.67,6,2.0,1.0,1.0,,1.0,,1.0,1.0,,1.0,1.0,1.0,,,1.0,1.0,1.0,1.0,,1.0,,,1.0,,,,,,,,,6.4,7.0,6.0,8.25,5.75,2.25
74,Hamburg,2024-07-23,1,333,4.90,59,,1.0,1.0,1.0,1.0,1.0,,1.0,,1.0,1.0,1.0,1.0,1.0,1.0,1.0,,1.0,1.0,,,1.0,,1.0,1.0,,1.0,,,,,6.4,7.0,6.0,8.25,5.75,2.25
75,Hamburg,2024-07-23,1,1020,,,2.0,4.0,1.0,1.0,1.0,,,1.0,,1.0,1.0,1.0,1.0,,1.0,,,,1.0,,,1.0,1.0,,,,,,,,,6.4,7.0,6.0,8.25,5.75,2.25
76,Hamburg,2024-07-23,1,526,4.30,43,2.0,1.0,1.0,,1.0,,,1.0,,,1.0,1.0,1.0,1.0,,,,,,1.0,,,,,,,,,,,,6.4,7.0,6.0,8.25,5.75,2.25
77,Hamburg,2024-07-23,1,1190,,,2.0,4.0,1.0,1.0,1.0,,,1.0,1.0,1.0,1.0,1.0,1.0,,1.0,,,,1.0,,,1.0,1.0,,,,,,,,,6.4,7.0,6.0,8.25,5.75,2.25
78,Hamburg,2024-07-23,1,745,,,,1.0,1.0,1.0,,,,1.0,,,1.0,,,,1.0,,,,,1.0,,,,,,,,1.0,,,,6.4,7.0,6.0,8.25,5.75,2.25
79,Hamburg,2024-07-23,1,946,4.62,37,,2.0,1.0,1.0,1.0,,1.0,1.0,1.0,1.0,,1.0,1.0,1.0,1.0,1.0,1.0,1.0,1.0,1.0,,1.0,1.0,,,,1.0,1.0,,,,6.4,7.0,6.0,8.25,5.75,2.25
80,Hamburg,2024-07-23,1,812,4.48,52,4.0,3.0,1.0,1.0,1.0,1.0,,1.0,,1.0,,1.0,1.0,1.0,1.0,1.0,,1.0,,1.0,1.0,,,1.0,1.0,,1.0,,,,,6.4,7.0,6.0,8.25,5.75,2.25
81,Hamburg,2024-07-23,1,640,4.93,29,,1.0,1.0,1.0,1.0,,1.0,1.0,1.0,1.0,1.0,1.0,1.0,1.0,1.0,1.0,,1.0,1.0,1.0,,,1.0,,,,1.0,1.0,,,,6.4,7.0,6.0,8.25,5.75,2.25
82,Hamburg,2024-07-23,1,395,4.90,51,2.0,1.0,,,,,,,,1.0,,1.0,1.0,1.0,1.0,,,,,1.0,,,,,,,,1.0,,1.0,,6.4,7.0,6.0,8.25,5.75,2.25
83,Hamburg,2024-07-23,1,614,5.0,8,1.0,1.0,,,,,,1.0,,1.0,,1.0,,1.0,1.0,,,,,,1.0,,,,,,,1.0,,,,6.4,7.0,6.0,8.25,5.75,2.25
84,Hamburg,2024-07-23,1,745,4.89,19,4.0,2.0,1.0,,1.0,,1.0,1.0,1.0,1.0,1.0,1.0,1.0,1.0,1.0,,,1.0,,1.0,,,1.0,1.0,1.0,,,1.0,,,,6.4,7.0,6.0,8.25,5.75,2.25
85,Hamburg,2024-07-23,1,684,4.39,23,2.0,1.0,1.0,,1.0,1.0,1.0,1.0,,1.0,1.0,1.0,1.0,1.0,1.0,1.0,,1.0,1.0,1.0,,,1.0,,,,1.0,,,,,6.4,7.0,6.0,8.25,5.75,2.25
86,Hamburg,2024-07-23,1,499,4.77,56,2.0,1.0,1.0,1.0,1.0,1.0,,1.0,,1.0,1.0,1.0,1.0,,1.0,1.0,,1.0,,,,,1.0,,,,1.0,,,,,6.4,7.0,6.0,8.25,5.75,2.25
87,Hamburg,2024-07-23,1,920,4.67,9,,1.0,1.0,1.0,1.0,1.0,1.0,1.0,1.0,1.0,1.0,1.0,1.0,,1.0,,1.0,1.0,,1.0,1.0,1.0,,1.0,1.0,,,1.0,,,,6.4,7.0,6.0,8.25,5.75,2.25
88,Hamburg,2024-07-23,1,767,4.73,74,2.0,2.0,1.0,1.0,1.0,,,1.0,,1.0,1.0,1.0,1.0,1.0,1.0,1.0,1.0,1.0,,1.0,,,1.0,,,,,,,,,6.4,7.0,6.0,8.25,5.75,2.25
89,Hamburg,2024-07-23,1,509,4.95,20,,1.0,1.0,1.0,1.0,,1.0,1.0,1.0,1.0,,1.0,1.0,1.0,1.0,,1.0,1.0,1.0,1.0,,1.0,,1.0,1.0,,,,,,,6.4,7.0,6.0,8.25,5.75,2.25
90,Hamburg,2024-07-23,1,701,4.0,5,3.0,3.0,1.0,,1.0,,,1.0,,1.0,1.0,,,,,1.0,,,,1.0,,,,,,,,,,,,6.4,7.0,6.0,8.25,5.75,2.25
91,Hamburg,2024-07-23,1,745,4.63,8,2.0,1.0,1.0,1.0,1.0,1.0,1.0,1.0,,1.0,1.0,,,1.0,1.0,,1.0,1.0,1.0,1.0,,,,1.0,1.0,,,,,,,6.4,7.0,6.0,8.25,5.75,2.25
92,Hamburg,2024-07-23,1,561,4.84,82,,1.0,1.0,1.0,1.0,1.0,1.0,1.0,,1.0,,1.0,1.0,1.0,1.0,,1.0,1.0,1.0,1.0,,,,1.0,1.0,,,1.0,,,,6.4,7.0,6.0,8.25,5.75,2.25
93,Hamburg,2024-07-23,1,499,4.70,94,2.0,1.0,1.0,1.0,1.0,1.0,1.0,1.0,,1.0,1.0,1.0,1.0,,1.0,1.0,,1.0,,,,,,,,,1.0,,,,,6.4,7.0,6.0,8.25,5.75,2.25
94,Hamburg,2024-07-23,1,614,4.93,73,,2.0,1.0,,1.0,1.0,1.0,1.0,1.0,1.0,,1.0,1.0,,1.0,,,1.0,,1.0,,,,,,,,,,,,6.4,7.0,6.0,8.25,5.75,2.25
95,Hamburg,2024-07-23,1,824,4.80,208,3.0,4.0,1.0,1.0,1.0,1.0,1.0,1.0,,1.0,1.0,1.0,1.0,1.0,1.0,1.0,1.0,1.0,,1.0,1.0,,1.0,,,,1.0,,,,,6.4,7.0,6.0,8.25,5.75,2.25
96,Hamburg,2024-07-23,1,526,,,2.0,1.0,1.0,1.0,1.0,,1.0,1.0,1.0,1.0,1.0,1.0,1.0,1.0,1.0,,1.0,1.0,1.0,1.0,,,,1.0,1.0,,,,,1.0,,6.4,7.0,6.0,8.25,5.75,2.25
97,Hamburg,2024-07-23,1,368,4.91,35,,1.0,1.0,1.0,1.0,,1.0,1.0,1.0,1.0,1.0,1.0,1.0,1.0,1.0,,1.0,1.0,1.0,1.0,,1.0,1.0,1.0,1.0,,,1.0,,,,6.4,7.0,6.0,8.25,5.75,2.25
98,Hamburg,2024-07-23,1,386,4.37,38,,1.0,1.0,1.0,1.0,1.0,1.0,1.0,,1.0,1.0,1.0,1.0,,1.0,,,1.0,,1.0,1.0,1.0,,,,,,,,,,6.4,7.0,6.0,8.25,5.75,2.25
99,Hamburg,2024-07-23,1,614,4.78,23,,1.0,1.0,1.0,1.0,,1.0,1.0,,1.0,1.0,1.0,1.0,,1.0,1.0,1.0,,1.0,1.0,,1.0,,1.0,1.0,,,,,,,6.4,7.0,6.0,8.25,5.75,2.25
100,Hamburg,2024-07-23,1,701,5.0,4,,1.0,,,,,,1.0,,1.0,1.0,1.0,,1.0,1.0,,,,,1.0,1.0,,,,,,,,,,,6.4,7.0,6.0,8.25,5.75,2.25
101,Hamburg,2024-07-23,1,1008,4.53,60,4.0,3.0,1.0,1.0,1.0,1.0,1.0,1.0,1.0,1.0,1.0,1.0,1.0,1.0,1.0,1.0,1.0,1.0,,1.0,,,1.0,1.0,1.0,,1.0,1.0,,,,6.4,7.0,6.0,8.25,5.75,2.25
102,Hamburg,2024-07-23,1,351,4.94,89,,2.0,1.0,1.0,1.0,1.0,,1.0,,1.0,1.0,1.0,1.0,1.0,1.0,,1.0,1.0,1.0,1.0,1.0,,,,,,,1.0,,,,6.4,7.0,6.0,8.25,5.75,2.25
103,Hamburg,2024-07-23,1,412,5.0,4,,1.0,,,,,,1.0,,1.0,1.0,,,,1.0,,,,,1.0,,,,,,,,,,,,6.4,7.0,6.0,8.25,5.75,2.25
104,Hamburg,2024-07-23,1,465,4.90,39,,1.0,1.0,1.0,1.0,1.0,,1.0,,1.0,1.0,1.0,,1.0,1.0,,,1.0,,1.0,,,,,,,,,,,,6.4,7.0,6.0,8.25,5.75,2.25
105,Hamburg,2024-07-23,1,613,4.95,38,2.0,1.0,1.0,1.0,1.0,,1.0,1.0,1.0,1.0,1.0,1.0,1.0,1.0,1.0,,1.0,1.0,1.0,1.0,,,1.0,1.0,1.0,,,,,,,6.4,7.0,6.0,8.25,5.75,2.25
106,Hamburg,2024-07-23,1,986,5.0,3,,1.0,1.0,1.0,1.0,,1.0,1.0,1.0,1.0,1.0,1.0,,1.0,1.0,,,,,,,,,1.0,1.0,,,1.0,,,1.0,6.4,7.0,6.0,8.25,5.75,2.25
107,Hamburg,2024-07-23,1,807,,,2.0,2.0,1.0,1.0,1.0,1.0,,1.0,1.0,1.0,1.0,1.0,1.0,1.0,1.0,1.0,,1.0,1.0,1.0,,1.0,,1.0,1.0,,1.0,,,,,6.4,7.0,6.0,8.25,5.75,2.25
108,Hamburg,2024-07-23,1,701,5.0,26,,2.0,1.0,1.0,1.0,,,1.0,1.0,1.0,1.0,1.0,1.0,1.0,1.0,1.0,1.0,1.0,1.0,1.0,,,,1.0,1.0,,1.0,1.0,,,,6.4,7.0,6.0,8.25,5.75,2.25
109,Hamburg,2024-07-23,1,868,4.40,5,2.0,1.0,1.0,,1.0,,,,1.0,1.0,,1.0,1.0,1.0,,,,,,1.0,1.0,,,,,,,,,,,6.4,7.0,6.0,8.25,5.75,2.25
110,Hamburg,2024-07-23,1,333,4.79,29,3.0,2.0,1.0,1.0,1.0,,1.0,1.0,,1.0,1.0,1.0,1.0,1.0,1.0,,1.0,,1.0,1.0,,,1.0,1.0,1.0,,,,,,,6.4,7.0,6.0,8.25,5.75,2.25
111,Hamburg,2024-07-23,1,789,4.27,33,2.0,1.0,1.0,,1.0,1.0,1.0,1.0,,1.0,,1.0,1.0,1.0,1.0,1.0,,1.0,1.0,1.0,,,1.0,,,,1.0,,,,,6.4,7.0,6.0,8.25,5.75,2.25
112,Hamburg,2024-07-23,1,219,4.60,5,,4.0,,,,,,1.0,,1.0,1.0,1.0,,,1.0,1.0,,,,1.0,1.0,,,,,,,,,,,6.4,7.0,6.0,8.25,5.75,2.25
113,Hamburg,2024-07-23,1,614,5.0,3,1.0,1.0,1.0,,,,,1.0,,1.0,1.0,1.0,1.0,1.0,1.0,,,,1.0,1.0,1.0,,,1.0,1.0,,,,,,,6.4,7.0,6.0,8.25,5.75,2.25
114,Hamburg,2024-07-23,1,614,4.92,126,4.0,1.0,1.0,1.0,1.0,1.0,1.0,1.0,,1.0,1.0,1.0,1.0,1.0,1.0,,,1.0,1.0,1.0,1.0,1.0,1.0,1.0,1.0,,,,,,,6.4,7.0,6.0,8.25,5.75,2.25
115,Hamburg,2024-07-23,1,701,4.76,317,4.0,4.0,1.0,,1.0,1.0,,,1.0,1.0,,1.0,1.0,1.0,1.0,,,,,1.0,1.0,,1.0,1.0,1.0,,,1.0,,1.0,,6.4,7.0,6.0,8.25,5.75,2.25
116,Hamburg,2024-07-23,1,263,,,,6.0,,,,,,1.0,,1.0,1.0,1.0,,,1.0,1.0,,,,1.0,1.0,,,,,,,,,,,6.4,7.0,6.0,8.25,5.75,2.25
117,Hamburg,2024-07-23,1,1008,,,2.0,1.0,1.0,1.0,1.0,,,1.0,1.0,1.0,1.0,1.0,1.0,1.0,,,1.0,1.0,1.0,1.0,,1.0,1.0,1.0,1.0,,,,,,,6.4,7.0,6.0,8.25,5.75,2.25
118,Hamburg,2024-07-23,1,762,4.79,30,2.0,1.0,1.0,1.0,1.0,,,1.0,,1.0,1.0,1.0,1.0,1.0,1.0,,1.0,1.0,,1.0,1.0,,,,,1.0,,,,,,6.4,7.0,6.0,8.25,5.75,2.25
119,Hamburg,2024-07-23,1,482,4.87,115,,1.0,1.0,1.0,1.0,1.0,,1.0,1.0,1.0,1.0,1.0,,1.0,1.0,1.0,,1.0,,1.0,,,,,,,1.0,,,,,6.4,7.0,6.0,8.25,5.75,2.25
120,Hamburg,2024-07-23,1,518,5.0,13,,2.0,1.0,1.0,,,,1.0,,1.0,1.0,,,,,,,,,,,,,,,,,,,,,6.4,7.0,6.0,8.25,5.75,2.25
121,Hamburg,2024-07-23,1,684,4.59,27,2.0,1.0,1.0,,1.0,1.0,1.0,1.0,1.0,1.0,1.0,1.0,,1.0,1.0,1.0,,1.0,1.0,1.0,,,1.0,,,,1.0,,,,,6.4,7.0,6.0,8.25,5.75,2.25
122,Hamburg,2024-07-23,1,526,4.64,84,,2.0,1.0,,1.0,1.0,1.0,1.0,,1.0,1.0,1.0,,1.0,1.0,,,,1.0,1.0,,1.0,,1.0,1.0,,,1.0,,,,6.4,7.0,6.0,8.25,5.75,2.25
123,Hamburg,2024-07-23,1,877,,,2.0,1.0,1.0,1.0,1.0,1.0,,1.0,1.0,,1.0,,,,,,1.0,,,1.0,,,,1.0,1.0,,,,,,,6.4,7.0,6.0,8.25,5.75,2.25
124,Hamburg,2024-07-23,1,999,,,4.0,1.0,1.0,1.0,,,1.0,1.0,,1.0,1.0,1.0,1.0,1.0,1.0,,,,,1.0,1.0,,,,,1.0,,,,,,6.4,7.0,6.0,8.25,5.75,2.25
125,Hamburg,2024-07-23,1,605,4.90,10,,1.0,1.0,,1.0,1.0,,,,,,1.0,,1.0,1.0,,,,,,,,,,,,,,,,,6.4,7.0,6.0,8.25,5.75,2.25
126,Hamburg,2024-07-23,1,412,4.93,40,,1.0,1.0,1.0,1.0,1.0,,1.0,1.0,1.0,,1.0,1.0,1.0,1.0,1.0,1.0,1.0,1.0,1.0,,1.0,,1.0,1.0,,1.0,,,,,6.4,7.0,6.0,8.25,5.75,2.25
127,Hamburg,2024-07-23,1,789,4.11,19,2.0,1.0,1.0,,1.0,1.0,1.0,1.0,,1.0,1.0,1.0,1.0,1.0,1.0,1.0,,1.0,1.0,1.0,,,1.0,,,,1.0,,,,,6.4,7.0,6.0,8.25,5.75,2.25
128,Hamburg,2024-07-23,1,263,,,,6.0,,,,,,1.0,,1.0,1.0,1.0,,,1.0,1.0,,,,1.0,1.0,,,,,,,,,,,6.4,7.0,6.0,8.25,5.75,2.25
129,Hamburg,2024-07-23,1,526,4.90,31,,1.0,1.0,1.0,1.0,,1.0,1.0,,1.0,1.0,1.0,1.0,1.0,1.0,1.0,1.0,1.0,1.0,1.0,1.0,1.0,,1.0,1.0,,1.0,1.0,,,,6.4,7.0,6.0,8.25,5.75,2.25
130,Hamburg,2024-07-23,1,394,,,,1.0,1.0,1.0,1.0,,,1.0,,,1.0,1.0,,,1.0,,1.0,,1.0,,1.0,,,1.0,1.0,,,,,,,6.4,7.0,6.0,8.25,5.75,2.25
131,Hamburg,2024-07-23,1,701,4.22,9,2.0,1.0,,,,,,1.0,,1.0,1.0,,,,1.0,,,,,1.0,,,,,,,,,,,,6.4,7.0,6.0,8.25,5.75,2.25
132,Hamburg,2024-07-23,1,421,4.90,63,,1.0,1.0,1.0,1.0,1.0,1.0,1.0,1.0,1.0,1.0,1.0,1.0,1.0,1.0,,1.0,1.0,1.0,1.0,,1.0,1.0,1.0,1.0,,,,,,,6.4,7.0,6.0,8.25,5.75,2.25
133,Hamburg,2024-07-23,1,684,4.0,7,1.0,1.0,1.0,,1.0,1.0,1.0,1.0,,1.0,1.0,1.0,1.0,1.0,1.0,1.0,,1.0,1.0,1.0,,,1.0,,,,1.0,,,,,6.4,7.0,6.0,8.25,5.75,2.25
134,Hamburg,2024-07-23,1,263,4.67,9,,6.0,,,,,,1.0,,1.0,1.0,1.0,,,1.0,1.0,,,,1.0,1.0,,,,,,,,,,,6.4,7.0,6.0,8.25,5.75,2.25
135,Hamburg,2024-07-23,1,727,4.50,8,4.0,1.0,,,,,,1.0,,1.0,1.0,1.0,,,1.0,,,,,1.0,1.0,,,,,,,,,,,6.4,7.0,6.0,8.25,5.75,2.25
136,Hamburg,2024-07-23,1,263,,,,6.0,,,,,,1.0,,1.0,1.0,1.0,,,1.0,,,,,1.0,1.0,,,,,,,,,,,6.4,7.0,6.0,8.25,5.75,2.25
137,Hamburg,2024-07-23,1,438,4.93,28,,1.0,1.0,1.0,1.0,1.0,1.0,1.0,,1.0,1.0,1.0,1.0,1.0,1.0,1.0,1.0,1.0,1.0,1.0,,1.0,,1.0,1.0,,1.0,,,1.0,,6.4,7.0,6.0,8.25,5.75,2.25
138,Hamburg,2024-07-23,1,781,,,4.0,2.0,1.0,1.0,1.0,,1.0,1.0,1.0,1.0,1.0,1.0,1.0,1.0,1.0,1.0,1.0,1.0,1.0,1.0,,1.0,1.0,1.0,1.0,,,1.0,,1.0,,6.4,7.0,6.0,8.25,5.75,2.25
139,Hamburg,2024-07-23,1,263,,,,6.0,,,,,,1.0,,1.0,1.0,1.0,,,1.0,,,,,1.0,1.0,,,,,,,,,,,6.4,7.0,6.0,8.25,5.75,2.25
140,Hamburg,2024-07-23,1,780,4.67,6,,1.0,1.0,1.0,1.0,1.0,1.0,1.0,,1.0,1.0,1.0,1.0,,1.0,,,1.0,1.0,1.0,,,,,,,,,,,,6.4,7.0,6.0,8.25,5.75,2.25
141,Hamburg,2024-07-23,1,850,4.89,9,,1.0,1.0,1.0,1.0,1.0,1.0,1.0,1.0,1.0,1.0,1.0,1.0,,1.0,1.0,1.0,,,1.0,,1.0,,1.0,1.0,,1.0,,,1.0,,6.4,7.0,6.0,8.25,5.75,2.25
142,Hamburg,2024-07-23,1,263,4.67,3,,6.0,,,,,,1.0,,1.0,1.0,1.0,,,1.0,1.0,,,,1.0,1.0,,,,,,,,,,,6.4,7.0,6.0,8.25,5.75,2.25
143,Hamburg,2024-07-23,1,263,,,,6.0,,,,,,1.0,,1.0,1.0,1.0,,,1.0,1.0,,,,1.0,1.0,,,,,,,,,,,6.4,7.0,6.0,8.25,5.75,2.25
144,Hamburg,2024-07-23,1,571,,,,1.0,,,,,,1.0,,1.0,1.0,1.0,,,,,,,,1.0,1.0,,,,,,,,,,,6.4,7.0,6.0,8.25,5.75,2.25
145,Hamburg,2024-07-23,1,693,,,1.0,1.0,,,,,,1.0,,1.0,1.0,1.0,,,1.0,,,,,1.0,,,,,,,,,,,,6.4,7.0,6.0,8.25,5.75,2.25
146,Hamburg,2024-07-23,1,455,4.73,33,,1.0,1.0,1.0,1.0,,1.0,1.0,,1.0,1.0,1.0,1.0,1.0,1.0,,1.0,1.0,,,,1.0,,,,,,,,,,6.4,7.0,6.0,8.25,5.75,2.25
147,Hamburg,2024-07-23,1,789,5.0,16,4.0,2.0,1.0,1.0,1.0,1.0,1.0,1.0,,1.0,1.0,1.0,1.0,1.0,1.0,1.0,,1.0,1.0,1.0,,1.0,1.0,,,,1.0,,,,,6.4,7.0,6.0,8.25,5.75,2.25
148,Hamburg,2024-07-23,1,789,5.0,19,,1.0,1.0,1.0,1.0,,,1.0,1.0,1.0,1.0,1.0,1.0,1.0,1.0,,1.0,1.0,,1.0,,1.0,,1.0,1.0,,,1.0,,,1.0,6.4,7.0,6.0,8.25,5.75,2.25
149,Hamburg,2024-07-23,1,838,,,2.0,1.0,1.0,1.0,,,,1.0,,1.0,1.0,1.0,1.0,1.0,1.0,,,1.0,,1.0,,,1.0,,,,,1.0,,,,6.4,7.0,6.0,8.25,5.75,2.25
150,Hamburg,2024-07-23,1,1053,,,1.0,1.0,1.0,1.0,1.0,1.0,1.0,1.0,,1.0,1.0,1.0,1.0,,1.0,,,1.0,,,,,,,,,,,,,,6.4,7.0,6.0,8.25,5.75,2.25
151,Hamburg,2024-07-23,1,465,5.0,24,,1.0,1.0,1.0,1.0,1.0,1.0,1.0,,1.0,1.0,1.0,1.0,1.0,1.0,,,1.0,1.0,,,1.0,,,,,,1.0,,,1.0,6.4,7.0,6.0,8.25,5.75,2.25
152,Hamburg,2024-07-23,1,587,4.86,37,2.0,2.0,1.0,,1.0,1.0,,1.0,,1.0,1.0,1.0,1.0,1.0,1.0,,,1.0,,1.0,,,1.0,,,,,,,,,6.4,7.0,6.0,8.25,5.75,2.25
153,Hamburg,2024-07-23,1,789,4.97,59,2.0,,1.0,1.0,1.0,,1.0,1.0,1.0,1.0,1.0,1.0,1.0,1.0,1.0,1.0,,1.0,1.0,1.0,,,1.0,1.0,1.0,,1.0,,,,,6.4,7.0,6.0,8.25,5.75,2.25
154,Hamburg,2024-07-23,1,877,,,4.0,3.0,,,,,,1.0,,,,,,,,,,,,,,,,,,,,,,,,6.4,7.0,6.0,8.25,5.75,2.25
155,Hamburg,2024-07-23,1,779,,,,1.0,1.0,1.0,1.0,,1.0,1.0,,1.0,1.0,1.0,1.0,1.0,1.0,,,,,,1.0,1.0,1.0,,,,,,,,,6.4,7.0,6.0,8.25,5.75,2.25
156,Hamburg,2024-07-23,1,263,4.0,3,,6.0,,,,,,1.0,,1.0,1.0,1.0,,,1.0,1.0,,,,1.0,1.0,,,,,,,,,,,6.4,7.0,6.0,8.25,5.75,2.25
157,Hamburg,2024-07-23,1,526,,,3.0,1.0,,,,,,1.0,,,1.0,1.0,,,1.0,,,,,1.0,,,,,,,,,,,,6.4,7.0,6.0,8.25,5.75,2.25
158,Hamburg,2024-07-23,1,663,,,6.0,4.0,,,,,,,,,,1.0,,,1.0,,,,,1.0,,,,,,,,,,,,6.4,7.0,6.0,8.25,5.75,2.25
159,Hamburg,2024-07-23,1,675,4.55,11,1.0,1.0,1.0,1.0,1.0,1.0,1.0,1.0,,1.0,1.0,1.0,1.0,1.0,1.0,,1.0,1.0,,1.0,,,1.0,1.0,1.0,,,,,,,6.4,7.0,6.0,8.25,5.75,2.25
160,Hamburg,2024-07-23,1,877,4.96,84,4.0,2.0,1.0,1.0,,1.0,,1.0,,1.0,1.0,1.0,1.0,1.0,1.0,,,,,1.0,1.0,,,,,,,1.0,,,,6.4,7.0,6.0,8.25,5.75,2.25
161,Hamburg,2024-07-23,1,473,4.39,18,1.0,1.0,1.0,,1.0,1.0,1.0,1.0,,1.0,,1.0,1.0,,1.0,,,1.0,,1.0,,1.0,1.0,,,,,,,,,6.4,7.0,6.0,8.25,5.75,2.25
162,Hamburg,2024-07-23,1,263,3.25,4,,4.0,,,,,,1.0,,1.0,1.0,1.0,,,1.0,1.0,,,,1.0,1.0,,,,,,,,,,,6.4,7.0,6.0,8.25,5.75,2.25
163,Hamburg,2024-07-23,1,789,4.89,27,,2.0,1.0,1.0,,,1.0,1.0,1.0,1.0,,1.0,1.0,1.0,1.0,,,1.0,,1.0,1.0,1.0,,1.0,1.0,,,,1.0,,1.0,6.4,7.0,6.0,8.25,5.75,2.25
164,Hamburg,2024-07-23,1,508,4.73,56,,1.0,1.0,1.0,1.0,1.0,1.0,1.0,1.0,1.0,1.0,1.0,,1.0,1.0,,1.0,1.0,1.0,1.0,,,,1.0,1.0,,,1.0,,,,6.4,7.0,6.0,8.25,5.75,2.25
165,Hamburg,2024-07-23,1,693,,,1.0,1.0,,,,,,1.0,,1.0,1.0,1.0,,,1.0,,,,,1.0,,,,,,,,,,,,6.4,7.0,6.0,8.25,5.75,2.25
166,Hamburg,2024-07-23,1,877,,,3.0,2.0,1.0,1.0,,,1.0,1.0,,1.0,1.0,1.0,1.0,1.0,1.0,,,1.0,,1.0,1.0,,1.0,,,,,1.0,,,,6.4,7.0,6.0,8.25,5.75,2.25
167,Hamburg,2024-07-23,1,263,3.75,4,,6.0,,,,,,1.0,,1.0,1.0,1.0,,,1.0,1.0,,,,1.0,1.0,,,,,,,,,,,6.4,7.0,6.0,8.25,5.75,2.25
168,Hamburg,2024-07-23,1,219,,,,4.0,,,,,,1.0,,1.0,1.0,1.0,,,1.0,1.0,,,,1.0,1.0,,,,,,,,,,,6.4,7.0,6.0,8.25,5.75,2.25
169,Hamburg,2024-07-23,1,570,5.0,4,,1.0,,,,,,1.0,,1.0,1.0,1.0,,1.0,1.0,,,,,,1.0,,,,,,,,,,1.0,6.4,7.0,6.0,8.25,5.75,2.25
170,Hamburg,2024-07-23,1,701,4.80,15,,2.0,1.0,1.0,,,1.0,1.0,1.0,1.0,1.0,1.0,1.0,1.0,1.0,1.0,1.0,1.0,1.0,1.0,1.0,,,1.0,1.0,,1.0,,,,,6.4,7.0,6.0,8.25,5.75,2.25
171,Hamburg,2024-07-23,1,439,4.86,7,,1.0,1.0,1.0,1.0,,,1.0,1.0,1.0,,1.0,1.0,1.0,1.0,,,1.0,1.0,1.0,,,,,,,,,,,,6.4,7.0,6.0,8.25,5.75,2.25
172,Hamburg,2024-07-23,1,693,,,1.0,1.0,,,,,,1.0,,1.0,1.0,1.0,,,1.0,,,,,1.0,,,,,,,,,,,,6.4,7.0,6.0,8.25,5.75,2.25
173,Hamburg,2024-07-23,1,842,4.83,12,3.0,2.0,1.0,1.0,1.0,1.0,,1.0,,1.0,1.0,1.0,1.0,1.0,1.0,1.0,1.0,1.0,1.0,1.0,,,1.0,,,,,1.0,,,,6.4,7.0,6.0,8.25,5.75,2.25
174,Hamburg,2024-07-23,1,526,4.80,10,2.0,1.0,1.0,1.0,1.0,,,1.0,1.0,1.0,,1.0,1.0,1.0,1.0,,1.0,1.0,,1.0,,1.0,1.0,1.0,1.0,1.0,,,,,,6.4,7.0,6.0,8.25,5.75,2.25
175,Hamburg,2024-07-23,1,219,,,,4.0,,,,,,1.0,,1.0,1.0,1.0,,,1.0,1.0,,,,1.0,1.0,,,,,,,,,,,6.4,7.0,6.0,8.25,5.75,2.25
176,Hamburg,2024-07-23,1,614,4.78,18,,2.0,,,,,,1.0,,1.0,1.0,1.0,1.0,1.0,1.0,,,,,1.0,1.0,,,,,,,,,,,6.4,7.0,6.0,8.25,5.75,2.25
177,Hamburg,2024-07-23,1,701,,,3.0,1.0,,,,,,1.0,,1.0,1.0,1.0,,1.0,1.0,,,,,1.0,1.0,,,,,,,,,,,6.4,7.0,6.0,8.25,5.75,2.25
178,Hamburg,2024-07-23,1,263,3.67,3,,4.0,,,,,,1.0,,1.0,1.0,1.0,,,1.0,1.0,,,,1.0,1.0,,,,,,,,,,,6.4,7.0,6.0,8.25,5.75,2.25
179,Hamburg,2024-07-23,1,482,4.91,13,,1.0,1.0,,1.0,1.0,,1.0,,,1.0,,,,1.0,,1.0,1.0,1.0,1.0,,,,,,,,,,,,6.4,7.0,6.0,8.25,5.75,2.25
180,Hamburg,2024-07-23,1,850,,,4.0,4.0,,,,,,1.0,,1.0,1.0,1.0,,,1.0,1.0,,,,1.0,,,,,,,1.0,,,,,6.4,7.0,6.0,8.25,5.75,2.25
181,Hamburg,2024-07-23,1,570,4.66,29,,2.0,,,,,,1.0,,1.0,1.0,1.0,1.0,,1.0,1.0,,1.0,,1.0,1.0,,,,,,1.0,,,,,6.4,7.0,6.0,8.25,5.75,2.25
182,Hamburg,2024-07-23,1,867,4.85,13,2.0,1.0,1.0,1.0,1.0,,1.0,1.0,1.0,1.0,1.0,1.0,1.0,1.0,1.0,1.0,,1.0,1.0,1.0,,,1.0,,,,1.0,,,,,6.4,7.0,6.0,8.25,5.75,2.25
183,Hamburg,2024-07-23,1,307,,,,6.0,,,,,,1.0,,1.0,1.0,1.0,,,1.0,1.0,,,,1.0,1.0,,,,,,,,,,,6.4,7.0,6.0,8.25,5.75,2.25
184,Hamburg,2024-07-23,1,955,,,2.0,2.0,1.0,1.0,1.0,1.0,1.0,1.0,,1.0,1.0,1.0,1.0,1.0,1.0,,1.0,,1.0,1.0,,,1.0,,,,,,,,,6.4,7.0,6.0,8.25,5.75,2.25
185,Hamburg,2024-07-23,1,307,,,,6.0,,,,,,1.0,,1.0,1.0,1.0,,,1.0,1.0,,,,1.0,1.0,,,,,,,,,,,6.4,7.0,6.0,8.25,5.75,2.25
186,Hamburg,2024-07-23,1,219,,,,4.0,,,,,,1.0,,1.0,1.0,1.0,,,1.0,1.0,,,,1.0,1.0,,,,,,,,,,,6.4,7.0,6.0,8.25,5.75,2.25
187,Hamburg,2024-07-23,1,955,,,2.0,2.0,1.0,1.0,1.0,,1.0,1.0,1.0,1.0,1.0,1.0,1.0,1.0,1.0,,1.0,,1.0,1.0,,,1.0,,,,,,,,,6.4,7.0,6.0,8.25,5.75,2.25
188,Hamburg,2024-07-23,1,307,,,,6.0,,,,,,1.0,,1.0,1.0,1.0,,,1.0,1.0,,,,1.0,1.0,,,,,,,,,,,6.4,7.0,6.0,8.25,5.75,2.25
189,Hamburg,2024-07-23,1,512,4.33,3,,1.0,1.0,,1.0,,1.0,1.0,1.0,1.0,1.0,1.0,,1.0,1.0,1.0,,1.0,1.0,1.0,,1.0,1.0,1.0,1.0,,,1.0,,,,6.4,7.0,6.0,8.25,5.75,2.25
190,Hamburg,2024-07-23,1,964,4.83,40,2.0,1.0,1.0,1.0,1.0,,,1.0,,1.0,1.0,1.0,,,1.0,,,1.0,,1.0,,,1.0,,,,,,,,,6.4,7.0,6.0,8.25,5.75,2.25
191,Hamburg,2024-07-23,1,675,,,1.0,1.0,1.0,1.0,1.0,1.0,,1.0,,1.0,1.0,1.0,1.0,,1.0,,1.0,1.0,,1.0,,,1.0,,,,,,,,,6.4,7.0,6.0,8.25,5.75,2.25
192,Hamburg,2024-07-23,1,877,,,,4.0,,,,,,1.0,,1.0,1.0,1.0,,,1.0,1.0,,,,1.0,1.0,,,,,,,,,,,6.4,7.0,6.0,8.25,5.75,2.25
193,Hamburg,2024-07-23,1,263,,,,6.0,,,,,,1.0,,1.0,1.0,1.0,,,1.0,1.0,,,,1.0,1.0,,,,,,,,,,,6.4,7.0,6.0,8.25,5.75,2.25
194,Hamburg,2024-07-23,1,307,,,,6.0,,,,,,1.0,,1.0,1.0,1.0,,,1.0,1.0,,,,1.0,1.0,,,,,,,,,,,6.4,7.0,6.0,8.25,5.75,2.25
195,Hamburg,2024-07-23,1,351,5.0,7,2.0,1.0,1.0,1.0,1.0,1.0,,,,1.0,,1.0,,1.0,1.0,,,,,,,,,,,,,,,,,6.4,7.0,6.0,8.25,5.75,2.25
196,Hamburg,2024-07-23,1,219,,,,1.0,1.0,1.0,1.0,,1.0,1.0,1.0,1.0,1.0,1.0,1.0,1.0,1.0,,1.0,1.0,1.0,1.0,1.0,1.0,1.0,1.0,1.0,,,,,,,6.4,7.0,6.0,8.25,5.75,2.25
197,Hamburg,2024-07-23,1,955,,,2.0,2.0,1.0,1.0,1.0,1.0,1.0,1.0,,1.0,1.0,1.0,1.0,1.0,1.0,,1.0,,1.0,1.0,,,1.0,,,,,,,,,6.4,7.0,6.0,8.25,5.75,2.25
198,Hamburg,2024-07-23,1,307,,,,4.0,,,,,,1.0,,1.0,1.0,1.0,,,1.0,1.0,,,,1.0,1.0,,,,,,,,,,,6.4,7.0,6.0,8.25,5.75,2.25
199,Hamburg,2024-07-23,1,719,,,2.0,2.0,1.0,,1.0,,,1.0,,1.0,1.0,,,,1.0,1.0,,1.0,,1.0,,,,,,,1.0,,,,,6.4,7.0,6.0,8.25,5.75,2.25
200,Hamburg,2024-07-23,1,1008,,,2.0,1.0,1.0,1.0,1.0,1.0,1.0,1.0,,1.0,1.0,1.0,1.0,1.0,1.0,,1.0,,1.0,1.0,1.0,1.0,1.0,1.0,1.0,,,,,,,6.4,7.0,6.0,8.25,5.75,2.25
201,Hamburg,2024-07-23,1,885,4.95,22,2.0,2.0,1.0,1.0,,,,1.0,,1.0,1.0,1.0,,,1.0,,,1.0,,1.0,1.0,,1.0,,,,,,,,,6.4,7.0,6.0,8.25,5.75,2.25
202,Hamburg,2024-07-23,1,526,4.14,7,,1.0,1.0,1.0,1.0,,,1.0,,,1.0,1.0,1.0,,1.0,,1.0,1.0,,,1.0,,,,,,,1.0,,,,6.4,7.0,6.0,8.25,5.75,2.25
203,Hamburg,2024-07-23,1,841,,,2.0,2.0,1.0,1.0,1.0,1.0,1.0,1.0,,1.0,1.0,1.0,1.0,,1.0,,1.0,1.0,,1.0,,,1.0,1.0,1.0,,,,,,,6.4,7.0,6.0,8.25,5.75,2.25
204,Hamburg,2024-07-23,1,307,,,,6.0,,,,,,1.0,,1.0,1.0,1.0,,,1.0,1.0,,,,1.0,1.0,,,,,,,,,,,6.4,7.0,6.0,8.25,5.75,2.25
205,Hamburg,2024-07-23,1,658,4.44,27,,1.0,1.0,1.0,1.0,1.0,1.0,1.0,1.0,1.0,1.0,1.0,1.0,1.0,1.0,,1.0,1.0,1.0,1.0,,,,1.0,1.0,,,1.0,1.0,,,6.4,7.0,6.0,8.25,5.75,2.25
206,Hamburg,2024-07-23,1,762,4.94,85,,2.0,1.0,1.0,1.0,1.0,1.0,1.0,,1.0,1.0,1.0,1.0,1.0,1.0,,1.0,1.0,,1.0,1.0,1.0,,,,,,,,1.0,,6.4,7.0,6.0,8.25,5.75,2.25
207,Hamburg,2024-07-23,1,920,4.77,93,,4.0,1.0,1.0,,1.0,,1.0,,,1.0,1.0,1.0,1.0,1.0,,,1.0,,1.0,1.0,,1.0,,,,,1.0,,,,6.4,7.0,6.0,8.25,5.75,2.25
208,Hamburg,2024-07-23,1,780,4.78,9,,3.0,1.0,1.0,1.0,,1.0,1.0,1.0,1.0,1.0,1.0,1.0,1.0,1.0,1.0,1.0,1.0,1.0,1.0,,,,1.0,1.0,,1.0,1.0,,,,6.4,7.0,6.0,8.25,5.75,2.25
209,Hamburg,2024-07-23,1,263,,,,4.0,,,,,,1.0,,1.0,1.0,1.0,,,1.0,1.0,,,,1.0,1.0,,,,,,,,,,,6.4,7.0,6.0,8.25,5.75,2.25
210,Hamburg,2024-07-23,1,571,4.82,22,,2.0,1.0,1.0,,,,1.0,,1.0,1.0,1.0,,,1.0,,,1.0,,1.0,,,,,,,,,,,,6.4,7.0,6.0,8.25,5.75,2.25
211,Hamburg,2024-07-23,1,263,,,,6.0,,,,,,1.0,,1.0,1.0,1.0,,,1.0,,,,,1.0,1.0,,,,,,,,,,,6.4,7.0,6.0,8.25,5.75,2.25
212,Hamburg,2024-07-23,1,307,,,,6.0,,,,,,1.0,,1.0,1.0,1.0,,,1.0,1.0,,,,1.0,1.0,,,,,,,,,,,6.4,7.0,6.0,8.25,5.75,2.25
213,Hamburg,2024-07-23,1,307,,,,6.0,,,,,,1.0,,1.0,1.0,1.0,,,1.0,1.0,,,,1.0,1.0,,,,,,,,,,,6.4,7.0,6.0,8.25,5.75,2.25
214,Hamburg,2024-07-23,1,307,,,,6.0,,,,,,1.0,,1.0,1.0,1.0,,,1.0,1.0,,,,1.0,1.0,,,,,,,,,,,6.4,7.0,6.0,8.25,5.75,2.25
215,Hamburg,2024-07-23,1,910,4.50,4,,3.0,1.0,1.0,,,1.0,1.0,1.0,1.0,1.0,1.0,1.0,1.0,1.0,,1.0,1.0,1.0,1.0,,,,,,,,,,1.0,,6.4,7.0,6.0,8.25,5.75,2.25
216,Hamburg,2024-07-23,1,307,,,,4.0,,,,,,1.0,,1.0,1.0,1.0,,,1.0,1.0,,,,1.0,1.0,,,,,,,,,,,6.4,7.0,6.0,8.25,5.75,2.25
217,Hamburg,2024-07-23,1,307,,,,4.0,,,,,,1.0,,1.0,1.0,1.0,,,1.0,1.0,,,,1.0,1.0,,,,,,,,,,,6.4,7.0,6.0,8.25,5.75,2.25
218,Hamburg,2024-07-23,1,762,4.83,12,,1.0,1.0,1.0,1.0,1.0,1.0,1.0,,1.0,1.0,1.0,1.0,1.0,1.0,,,1.0,1.0,1.0,1.0,1.0,,,,,,,,1.0,,6.4,7.0,6.0,8.25,5.75,2.25
219,Hamburg,2024-07-23,1,439,5.0,7,4.0,2.0,1.0,,,1.0,,1.0,,1.0,,1.0,1.0,1.0,1.0,,1.0,,,,,,,1.0,1.0,,,1.0,,,,6.4,7.0,6.0,8.25,5.75,2.25
220,Hamburg,2024-07-23,1,307,,,,4.0,,,,,,1.0,,1.0,1.0,1.0,,,1.0,1.0,,,,1.0,1.0,,,,,,,,,,,6.4,7.0,6.0,8.25,5.75,2.25
221,Hamburg,2024-07-23,1,921,,,,1.0,1.0,,1.0,1.0,,1.0,,1.0,1.0,1.0,1.0,,1.0,,,1.0,1.0,1.0,1.0,,1.0,,,,,,,,,6.4,7.0,6.0,8.25,5.75,2.25
222,Hamburg,2024-07-23,1,527,,,,1.0,1.0,1.0,1.0,1.0,1.0,1.0,,1.0,1.0,1.0,1.0,1.0,1.0,,1.0,1.0,1.0,1.0,1.0,1.0,1.0,1.0,1.0,1.0,,,1.0,,,6.4,7.0,6.0,8.25,5.75,2.25
223,Hamburg,2024-07-23,1,780,4.29,7,3.0,3.0,1.0,,1.0,1.0,1.0,1.0,,1.0,,1.0,1.0,,1.0,,,1.0,,1.0,,1.0,1.0,,,,,,,,,6.4,7.0,6.0,8.25,5.75,2.25
224,Hamburg,2024-07-23,1,307,,,,6.0,,,,,,1.0,,1.0,1.0,1.0,,,1.0,1.0,,,,1.0,1.0,,,,,,,,,,,6.4,7.0,6.0,8.25,5.75,2.25
225,Hamburg,2024-07-23,1,553,,,,1.0,,,,,,1.0,,1.0,1.0,1.0,,,,,,,,,,,,,,,,,,,,6.4,7.0,6.0,8.25,5.75,2.25
226,Hamburg,2024-07-23,1,307,,,,6.0,,,,,,1.0,,1.0,1.0,1.0,,,1.0,1.0,,,,1.0,1.0,,,,,,,,,,,6.4,7.0,6.0,8.25,5.75,2.25
227,Hamburg,2024-07-23,1,254,4.60,10,,,1.0,1.0,1.0,,,1.0,,1.0,1.0,1.0,,,,,,,,1.0,1.0,,,,,1.0,,,,,,6.4,7.0,6.0,8.25,5.75,2.25
228,Hamburg,2024-07-23,1,307,,,,6.0,,,,,,1.0,,1.0,1.0,1.0,,,1.0,1.0,,,,1.0,1.0,,,,,,,,,,,6.4,7.0,6.0,8.25,5.75,2.25
229,Hamburg,2024-07-23,1,877,,,2.0,1.0,1.0,1.0,1.0,,1.0,1.0,,1.0,1.0,1.0,1.0,1.0,1.0,,1.0,1.0,1.0,1.0,,1.0,,1.0,1.0,,,,,,,6.4,7.0,6.0,8.25,5.75,2.25
230,Hamburg,2024-07-23,1,745,4.0,4,4.0,2.0,,,,,,1.0,,1.0,1.0,1.0,,,1.0,,,,,,,,,,,,,,,,,6.4,7.0,6.0,8.25,5.75,2.25
231,Hamburg,2024-07-23,1,736,4.70,27,5.0,4.0,1.0,1.0,1.0,,1.0,1.0,,1.0,1.0,1.0,1.0,1.0,1.0,,,,1.0,1.0,,,1.0,1.0,1.0,,,,,,,6.4,7.0,6.0,8.25,5.75,2.25
232,Hamburg,2024-07-23,1,1076,5.0,5,5.0,5.0,1.0,1.0,,,1.0,1.0,,1.0,1.0,1.0,1.0,1.0,1.0,,,1.0,,1.0,,,1.0,,,,,1.0,,,,6.4,7.0,6.0,8.25,5.75,2.25
233,Hamburg,2024-07-23,1,307,,,,6.0,,,,,,1.0,,1.0,1.0,1.0,,,1.0,1.0,,,,1.0,1.0,,,,,,,,,,,6.4,7.0,6.0,8.25,5.75,2.25
234,Hamburg,2024-07-23,1,658,4.65,17,,1.0,,,,,,1.0,,1.0,1.0,1.0,1.0,,1.0,,,1.0,,1.0,1.0,,,,,,,,,,,6.4,7.0,6.0,8.25,5.75,2.25
235,Hamburg,2024-07-23,1,789,,,,1.0,1.0,1.0,,,,1.0,,1.0,1.0,1.0,,,1.0,,,1.0,,1.0,1.0,,,,,,,,,,,6.4,7.0,6.0,8.25,5.75,2.25
236,Hamburg,2024-07-23,1,851,4.91,11,4.0,3.0,1.0,,1.0,1.0,,1.0,,1.0,,1.0,,1.0,1.0,,,,,1.0,1.0,,,1.0,1.0,,,,1.0,,,6.4,7.0,6.0,8.25,5.75,2.25
237,Hamburg,2024-07-23,1,596,4.91,22,4.0,3.0,1.0,1.0,1.0,,1.0,1.0,,1.0,1.0,1.0,1.0,1.0,1.0,1.0,,1.0,1.0,1.0,,,1.0,,,,1.0,1.0,,,,6.4,7.0,6.0,8.25,5.75,2.25
238,Hamburg,2024-07-23,1,856,4.94,17,7.0,,1.0,1.0,1.0,,1.0,1.0,,1.0,1.0,1.0,1.0,,1.0,1.0,1.0,1.0,,1.0,1.0,,1.0,,,,1.0,,,,,6.4,7.0,6.0,8.25,5.75,2.25
239,Hamburg,2024-07-23,1,394,,,2.0,1.0,,,,,,1.0,,1.0,,1.0,1.0,,1.0,,,,,,1.0,,,,,,,1.0,,,,6.4,7.0,6.0,8.25,5.75,2.25
240,Hamburg,2024-07-23,1,429,,,16.0,16.0,1.0,1.0,,,,1.0,,1.0,1.0,1.0,,,1.0,,1.0,1.0,,,,,1.0,,,,,,,,,6.4,7.0,6.0,8.25,5.75,2.25
241,Hamburg,2024-07-23,1,421,,,,1.0,1.0,,1.0,,,1.0,,1.0,1.0,1.0,1.0,,,,1.0,,,,1.0,,,1.0,1.0,1.0,,,,,,6.4,7.0,6.0,8.25,5.75,2.25
242,Hamburg,2024-07-23,1,965,,,4.0,4.0,,,,,,1.0,,1.0,1.0,1.0,1.0,,1.0,,,,,,,,,,,,,,,,,6.4,7.0,6.0,8.25,5.75,2.25
243,Hamburg,2024-07-23,1,552,,,,2.0,,,,,,1.0,,1.0,1.0,1.0,,1.0,,,,,,1.0,1.0,,,,,,,,1.0,,,6.4,7.0,6.0,8.25,5.75,2.25
244,Hamburg,2024-07-23,1,965,,,4.0,4.0,1.0,,1.0,1.0,1.0,1.0,,1.0,1.0,1.0,1.0,1.0,1.0,,1.0,1.0,1.0,,,,1.0,,,,,1.0,,,,6.4,7.0,6.0,8.25,5.75,2.25
245,Hamburg,2024-07-23,1,965,,,4.0,4.0,,,,,,1.0,,1.0,1.0,1.0,1.0,1.0,1.0,,,,,,,,,,,,,,,,,6.4,7.0,6.0,8.25,5.75,2.25
246,Hamburg,2024-07-23,1,965,,,4.0,4.0,1.0,,1.0,1.0,1.0,1.0,,1.0,1.0,1.0,1.0,1.0,1.0,,1.0,1.0,1.0,,,,1.0,,,,,,,,,6.4,7.0,6.0,8.25,5.75,2.25
247,Hamburg,2024-07-23,1,965,,,5.0,6.0,1.0,,1.0,,1.0,1.0,1.0,1.0,1.0,1.0,1.0,1.0,1.0,,1.0,1.0,1.0,,,,1.0,,,,,1.0,,,,6.4,7.0,6.0,8.25,5.75,2.25
248,Hamburg,2024-07-23,1,965,,,5.0,6.0,,,,,,1.0,,,1.0,1.0,1.0,,1.0,,,,,,,,,,,,,,,,,6.4,7.0,6.0,8.25,5.75,2.25
249,Hamburg,2024-07-23,1,965,,,4.0,4.0,,,,,,1.0,,1.0,1.0,1.0,1.0,1.0,1.0,,,,,,,,,,,,,,,,,6.4,7.0,6.0,8.25,5.75,2.25
250,Hamburg,2024-07-23,1,1125,4.93,58,3.0,2.0,1.0,1.0,1.0,1.0,1.0,1.0,,1.0,1.0,1.0,,,1.0,1.0,1.0,1.0,,1.0,1.0,,1.0,,,,1.0,,,,,6.4,7.0,6.0,8.25,5.75,2.25
251,Hamburg,2024-07-23,1,1280,4.90,30,,1.0,1.0,1.0,1.0,,1.0,1.0,,1.0,1.0,1.0,1.0,,1.0,1.0,,,,1.0,1.0,1.0,,,,,,,,,,6.4,7.0,6.0,8.25,5.75,2.25
252,Hamburg,2024-07-23,1,1315,4.87,52,,1.0,1.0,1.0,1.0,,,1.0,1.0,1.0,1.0,,,,,,,1.0,1.0,1.0,,,,,,,,,,,,6.4,7.0,6.0,8.25,5.75,2.25
253,Hamburg,2024-07-23,1,1254,4.91,23,,1.0,1.0,1.0,1.0,,,1.0,,1.0,1.0,1.0,1.0,1.0,1.0,1.0,,1.0,,1.0,1.0,,,,,,,,,,,6.4,7.0,6.0,8.25,5.75,2.25
254,Hamburg,2024-07-23,1,1498,,,2.0,1.0,1.0,1.0,1.0,1.0,1.0,1.0,1.0,1.0,1.0,,,,1.0,1.0,1.0,1.0,1.0,1.0,,,1.0,,,,,,,,,6.4,7.0,6.0,8.25,5.75,2.25
255,Hamburg,2024-07-23,1,1235,4.79,19,6.0,2.0,1.0,,1.0,1.0,1.0,,,1.0,,1.0,1.0,1.0,1.0,1.0,1.0,,,1.0,,1.0,1.0,,,,1.0,,,,,6.4,7.0,6.0,8.25,5.75,2.25
256,Hamburg,2024-07-23,1,1060,4.93,271,,1.0,1.0,1.0,1.0,1.0,1.0,1.0,1.0,1.0,1.0,1.0,,1.0,1.0,,1.0,1.0,1.0,1.0,,1.0,1.0,1.0,1.0,,,,,,,6.4,7.0,6.0,8.25,5.75,2.25
257,Hamburg,2024-07-23,1,1087,,,,1.0,1.0,1.0,1.0,1.0,1.0,1.0,,1.0,1.0,1.0,1.0,,,1.0,1.0,1.0,,,,1.0,,1.0,1.0,,1.0,,,,,6.4,7.0,6.0,8.25,5.75,2.25
258,Hamburg,2024-07-23,1,1602,4.97,38,2.0,1.0,,,,,,1.0,,,1.0,1.0,1.0,,1.0,,,,,1.0,,,,,,,,1.0,,,,6.4,7.0,6.0,8.25,5.75,2.25
259,Hamburg,2024-07-23,1,1139,,,2.0,1.0,1.0,,1.0,1.0,,1.0,,1.0,1.0,1.0,1.0,1.0,1.0,,1.0,,,1.0,1.0,1.0,,,,,,,,,,6.4,7.0,6.0,8.25,5.75,2.25
260,Hamburg,2024-07-23,1,1122,4.73,116,,2.0,1.0,1.0,1.0,1.0,1.0,1.0,,1.0,1.0,1.0,1.0,1.0,1.0,,1.0,1.0,1.0,1.0,,1.0,1.0,1.0,1.0,1.0,,1.0,,,,6.4,7.0,6.0,8.25,5.75,2.25
261,Hamburg,2024-07-23,1,1700,,,2.0,1.0,1.0,,1.0,,,1.0,1.0,1.0,1.0,1.0,,1.0,1.0,,1.0,,,1.0,1.0,1.0,1.0,1.0,1.0,,,1.0,,1.0,,6.4,7.0,6.0,8.25,5.75,2.25
262,Hamburg,2024-07-23,1,1043,4.67,3,2.0,1.0,,,,,,1.0,,,1.0,,,,1.0,,,,,,1.0,,,,,,,,,,,6.4,7.0,6.0,8.25,5.75,2.25
263,Hamburg,2024-07-23,1,1359,4.97,36,,1.0,1.0,1.0,1.0,,1.0,1.0,1.0,1.0,,1.0,1.0,1.0,1.0,1.0,1.0,1.0,1.0,1.0,,,1.0,1.0,1.0,,1.0,1.0,,,,6.4,7.0,6.0,8.25,5.75,2.25
264,Hamburg,2024-07-23,1,1184,4.88,8,2.0,1.0,1.0,1.0,1.0,,,1.0,,1.0,1.0,1.0,,,,,,,,1.0,1.0,,,,,,,,,,,6.4,7.0,6.0,8.25,5.75,2.25
265,Hamburg,2024-07-23,1,1341,4.91,43,3.0,2.0,1.0,1.0,1.0,1.0,1.0,1.0,,1.0,1.0,1.0,1.0,1.0,1.0,1.0,1.0,1.0,1.0,1.0,,1.0,1.0,1.0,1.0,,1.0,1.0,,,,6.4,7.0,6.0,8.25,5.75,2.25
266,Hamburg,2024-07-23,1,1796,4.91,11,2.0,,1.0,1.0,1.0,1.0,1.0,1.0,,1.0,1.0,1.0,1.0,,1.0,,1.0,1.0,1.0,1.0,,,1.0,,,,,,,,,6.4,7.0,6.0,8.25,5.75,2.25
267,Hamburg,2024-07-23,1,1280,4.88,32,2.0,2.0,,,,,1.0,,,1.0,,1.0,1.0,1.0,1.0,,,,,1.0,,,,,,,,1.0,,1.0,,6.4,7.0,6.0,8.25,5.75,2.25
268,Hamburg,2024-07-23,1,1402,4.71,7,,1.0,1.0,1.0,1.0,1.0,1.0,1.0,,1.0,1.0,1.0,1.0,1.0,1.0,,,1.0,,1.0,1.0,1.0,1.0,1.0,1.0,,,,1.0,,,6.4,7.0,6.0,8.25,5.75,2.25
269,Hamburg,2024-07-23,1,1324,4.86,7,2.0,1.0,1.0,1.0,1.0,,,1.0,1.0,1.0,1.0,1.0,1.0,,1.0,1.0,1.0,,,1.0,1.0,1.0,1.0,1.0,1.0,,1.0,,,,,6.4,7.0,6.0,8.25,5.75,2.25
270,Hamburg,2024-07-23,1,1035,5.0,8,2.0,1.0,1.0,1.0,,,,1.0,,1.0,1.0,1.0,1.0,,1.0,,,1.0,,1.0,1.0,,1.0,,,,,,,,,6.4,7.0,6.0,8.25,5.75,2.25
271,Hamburg,2024-07-23,1,1228,4.89,18,,1.0,1.0,1.0,1.0,,1.0,1.0,,1.0,1.0,1.0,1.0,1.0,1.0,1.0,1.0,1.0,,1.0,1.0,1.0,,,,,,,,,,6.4,7.0,6.0,8.25,5.75,2.25
272,Hamburg,2024-07-23,1,2168,,,3.0,3.0,1.0,1.0,1.0,1.0,1.0,1.0,1.0,1.0,1.0,,,,1.0,1.0,1.0,1.0,1.0,1.0,,,1.0,,,,,,,,,6.4,7.0,6.0,8.25,5.75,2.25
273,Hamburg,2024-07-23,1,1349,,,1.0,1.0,1.0,1.0,1.0,1.0,1.0,1.0,1.0,1.0,1.0,,,,1.0,1.0,1.0,1.0,1.0,1.0,,,1.0,,,,,,,,,6.4,7.0,6.0,8.25,5.75,2.25
274,Hamburg,2024-07-23,1,1096,,,,1.0,,,,,,1.0,,,1.0,1.0,,,,,,,,1.0,1.0,,,,,,,,,1.0,,6.4,7.0,6.0,8.25,5.75,2.25
275,Hamburg,2024-07-23,1,1078,,,,1.0,1.0,1.0,1.0,1.0,1.0,1.0,,1.0,1.0,1.0,1.0,,,1.0,1.0,1.0,,,,1.0,,1.0,1.0,,1.0,,,,,6.4,7.0,6.0,8.25,5.75,2.25
276,Hamburg,2024-07-23,1,1762,4.80,97,3.0,2.0,1.0,1.0,1.0,1.0,1.0,1.0,,1.0,1.0,1.0,1.0,,1.0,,1.0,1.0,,1.0,1.0,1.0,,,,,,,,1.0,,6.4,7.0,6.0,8.25,5.75,2.25
277,Hamburg,2024-07-23,1,1184,5.0,5,2.0,1.0,,,,,,1.0,,1.0,1.0,1.0,,,,,,,,1.0,1.0,,,,,,,,,,,6.4,7.0,6.0,8.25,5.75,2.25
278,Hamburg,2024-07-23,1,1095,5.0,6,4.0,1.0,1.0,1.0,,,,1.0,1.0,,1.0,1.0,1.0,,,,1.0,,,1.0,1.0,1.0,,1.0,1.0,,,,,,,6.4,7.0,6.0,8.25,5.75,2.25
279,Hamburg,2024-07-23,1,1193,4.69,45,4.0,3.0,1.0,1.0,1.0,1.0,1.0,1.0,,1.0,1.0,1.0,1.0,1.0,1.0,1.0,1.0,1.0,1.0,1.0,1.0,1.0,,1.0,1.0,,1.0,,,,,6.4,7.0,6.0,8.25,5.75,2.25
280,Hamburg,2024-07-23,1,1043,,,2.0,1.0,1.0,1.0,1.0,1.0,,1.0,,1.0,1.0,1.0,1.0,1.0,1.0,,1.0,1.0,,1.0,1.0,1.0,,1.0,1.0,,,1.0,,1.0,,6.4,7.0,6.0,8.25,5.75,2.25
281,Hamburg,2024-07-23,1,1359,,,3.0,1.0,,,,,,1.0,,,1.0,1.0,,1.0,,,,,,1.0,1.0,,,,,,,,,,,6.4,7.0,6.0,8.25,5.75,2.25
282,Hamburg,2024-07-23,1,1255,5.0,3,,1.0,1.0,,1.0,,1.0,1.0,,1.0,1.0,1.0,1.0,1.0,1.0,1.0,1.0,1.0,1.0,1.0,,1.0,,1.0,1.0,,1.0,1.0,,,,6.4,7.0,6.0,8.25,5.75,2.25
283,Hamburg,2024-07-23,1,1491,5.0,6,,1.0,1.0,1.0,1.0,1.0,,1.0,1.0,1.0,1.0,1.0,1.0,,,,,1.0,1.0,,,,,,,,,,,,,6.4,7.0,6.0,8.25,5.75,2.25
284,Hamburg,2024-07-23,1,1315,5.0,3,,1.0,1.0,1.0,1.0,,,1.0,1.0,1.0,,1.0,,1.0,1.0,,1.0,1.0,1.0,1.0,,,1.0,1.0,1.0,,,1.0,,,,6.4,7.0,6.0,8.25,5.75,2.25
285,Hamburg,2024-07-23,1,1420,5.0,4,2.0,1.0,1.0,1.0,1.0,,,1.0,,1.0,1.0,1.0,,,,,1.0,1.0,,,1.0,,,,,,,1.0,,,,6.4,7.0,6.0,8.25,5.75,2.25
286,Hamburg,2024-07-23,1,1087,4.71,28,2.0,1.0,1.0,1.0,1.0,,1.0,1.0,1.0,1.0,1.0,1.0,1.0,1.0,1.0,,1.0,1.0,1.0,1.0,1.0,1.0,1.0,1.0,1.0,1.0,,1.0,,,,6.4,7.0,6.0,8.25,5.75,2.25
287,Hamburg,2024-07-23,1,1315,4.90,251,,1.0,1.0,1.0,1.0,1.0,,1.0,,1.0,1.0,1.0,,,1.0,,,1.0,,1.0,,,,,,,,,,,,6.4,7.0,6.0,8.25,5.75,2.25
288,Hamburg,2024-07-23,1,1754,5.0,8,3.0,1.0,1.0,1.0,1.0,,1.0,1.0,1.0,1.0,,1.0,1.0,1.0,1.0,,,1.0,1.0,1.0,1.0,1.0,,,,,,,,,,6.4,7.0,6.0,8.25,5.75,2.25
289,Hamburg,2024-07-23,1,1201,5.0,11,,2.0,1.0,1.0,1.0,1.0,1.0,1.0,1.0,1.0,1.0,1.0,1.0,1.0,1.0,,,1.0,1.0,1.0,,1.0,1.0,1.0,1.0,,,,,,,6.4,7.0,6.0,8.25,5.75,2.25
290,Hamburg,2024-07-23,1,1823,4.75,24,3.0,1.0,1.0,1.0,1.0,1.0,1.0,1.0,,1.0,1.0,1.0,1.0,1.0,1.0,,1.0,1.0,1.0,1.0,1.0,,1.0,1.0,1.0,,,,1.0,,,6.4,7.0,6.0,8.25,5.75,2.25
291,Hamburg,2024-07-23,1,1149,4.95,21,4.0,2.0,1.0,,1.0,,1.0,1.0,1.0,1.0,1.0,1.0,1.0,1.0,1.0,,,,1.0,1.0,1.0,1.0,1.0,1.0,1.0,,,1.0,,,,6.4,7.0,6.0,8.25,5.75,2.25
292,Hamburg,2024-07-23,1,1572,4.30,23,2.0,1.0,1.0,1.0,1.0,1.0,1.0,1.0,1.0,1.0,1.0,,,1.0,1.0,1.0,1.0,1.0,1.0,1.0,,,1.0,,,,,,,,,6.4,7.0,6.0,8.25,5.75,2.25
293,Hamburg,2024-07-23,1,1647,,,2.0,1.0,1.0,1.0,1.0,1.0,1.0,1.0,1.0,1.0,1.0,,,,1.0,1.0,1.0,1.0,1.0,1.0,,,1.0,,,,,,,,,6.4,7.0,6.0,8.25,5.75,2.25
294,Hamburg,2024-07-23,1,1572,4.59,39,2.0,1.0,1.0,1.0,1.0,1.0,1.0,1.0,1.0,1.0,1.0,,,,1.0,1.0,1.0,1.0,,1.0,,,,,,,,,,,,6.4,7.0,6.0,8.25,5.75,2.25
295,Hamburg,2024-07-23,1,1955,4.87,23,5.0,2.0,1.0,1.0,1.0,,,1.0,1.0,1.0,1.0,1.0,1.0,,1.0,1.0,1.0,1.0,1.0,1.0,,,,,,,1.0,,,1.0,,6.4,7.0,6.0,8.25,5.75,2.25
296,Hamburg,2024-07-23,1,1709,,,2.0,1.0,1.0,1.0,,,,1.0,,1.0,1.0,1.0,,,,1.0,,,,1.0,1.0,,,,,,1.0,,,,,6.4,7.0,6.0,8.25,5.75,2.25
297,Hamburg,2024-07-23,1,1215,4.62,138,2.0,1.0,1.0,1.0,1.0,1.0,1.0,1.0,,1.0,1.0,1.0,1.0,,1.0,1.0,,1.0,,1.0,,,1.0,,,,1.0,,,,,6.4,7.0,6.0,8.25,5.75,2.25
298,Hamburg,2024-07-23,1,1438,5.0,57,2.0,1.0,1.0,1.0,1.0,1.0,1.0,1.0,,1.0,,1.0,1.0,1.0,1.0,1.0,,1.0,1.0,1.0,,,1.0,,,,1.0,1.0,,,,6.4,7.0,6.0,8.25,5.75,2.25
299,Hamburg,2024-07-23,1,1184,5.0,4,,2.0,,,,,,1.0,,,1.0,1.0,1.0,1.0,,,,,,1.0,1.0,,,,,,,,,,,6.4,7.0,6.0,8.25,5.75,2.25
300,Hamburg,2024-07-23,1,1394,4.80,5,3.0,1.0,1.0,1.0,1.0,1.0,1.0,1.0,,1.0,1.0,1.0,1.0,,1.0,,1.0,,,,1.0,,,1.0,1.0,,,,,,,6.4,7.0,6.0,8.25,5.75,2.25
301,Hamburg,2024-07-23,1,1753,5.0,10,4.0,2.0,1.0,,1.0,,1.0,1.0,,1.0,1.0,1.0,1.0,1.0,1.0,,,,1.0,1.0,,1.0,,1.0,1.0,,,,,,,6.4,7.0,6.0,8.25,5.75,2.25
302,Hamburg,2024-07-23,1,1215,4.85,13,2.0,1.0,,,,,,1.0,,1.0,1.0,1.0,,,,1.0,,,,1.0,,,,,,,1.0,,,,,6.4,7.0,6.0,8.25,5.75,2.25
303,Hamburg,2024-07-23,1,1315,4.94,16,2.0,1.0,1.0,1.0,1.0,,1.0,1.0,,1.0,1.0,1.0,1.0,1.0,1.0,1.0,1.0,1.0,,1.0,,1.0,1.0,,,,1.0,,,,,6.4,7.0,6.0,8.25,5.75,2.25
304,Hamburg,2024-07-23,1,1306,5.0,3,2.0,1.0,1.0,1.0,,,,1.0,,1.0,1.0,1.0,,1.0,,,,,,1.0,1.0,,,,,,,,,,,6.4,7.0,6.0,8.25,5.75,2.25
305,Hamburg,2024-07-23,1,1878,4.60,6,2.0,1.0,1.0,1.0,1.0,1.0,1.0,1.0,,1.0,1.0,1.0,1.0,1.0,1.0,,1.0,1.0,1.0,1.0,,,,,,,,,,,,6.4,7.0,6.0,8.25,5.75,2.25
306,Hamburg,2024-07-23,1,1228,5.0,7,2.0,1.0,,,,,,,,,,1.0,,,,,,,,,,,,,,,,1.0,,,,6.4,7.0,6.0,8.25,5.75,2.25
307,Hamburg,2024-07-23,1,1823,4.78,58,3.0,2.0,1.0,1.0,1.0,1.0,1.0,1.0,,1.0,,1.0,1.0,,1.0,1.0,1.0,1.0,1.0,1.0,,,1.0,1.0,1.0,,1.0,,,,,6.4,7.0,6.0,8.25,5.75,2.25
308,Hamburg,2024-07-23,1,1796,4.84,75,8.0,8.0,1.0,1.0,1.0,,,1.0,1.0,1.0,1.0,1.0,1.0,,1.0,1.0,1.0,1.0,,1.0,,,1.0,,,,,,,,,6.4,7.0,6.0,8.25,5.75,2.25
309,Hamburg,2024-07-23,1,1184,4.76,25,2.0,2.0,1.0,1.0,,,,1.0,,1.0,1.0,1.0,,,1.0,,,1.0,,1.0,,,1.0,,,,,,,,,6.4,7.0,6.0,8.25,5.75,2.25
310,Hamburg,2024-07-23,1,1078,4.61,46,3.0,2.0,1.0,1.0,1.0,,1.0,1.0,,1.0,1.0,1.0,1.0,1.0,1.0,1.0,1.0,1.0,1.0,1.0,,,,1.0,1.0,,1.0,1.0,,,,6.4,7.0,6.0,8.25,5.75,2.25
311,Hamburg,2024-07-23,1,1026,,,4.0,3.0,1.0,1.0,,,,1.0,,1.0,1.0,1.0,,1.0,1.0,1.0,,,,1.0,1.0,,,,,,1.0,1.0,,,,6.4,7.0,6.0,8.25,5.75,2.25
312,Hamburg,2024-07-23,1,1272,4.58,12,3.0,3.0,1.0,1.0,1.0,,,1.0,,,1.0,1.0,1.0,1.0,1.0,,1.0,,,1.0,1.0,,,1.0,1.0,,,,,,,6.4,7.0,6.0,8.25,5.75,2.25
313,Hamburg,2024-07-23,1,1061,5.0,5,2.0,1.0,1.0,1.0,,,,1.0,,1.0,1.0,1.0,,1.0,1.0,,,,,1.0,1.0,,,,,,,,,,,6.4,7.0,6.0,8.25,5.75,2.25
314,Hamburg,2024-07-23,1,1079,4.81,21,4.0,2.0,1.0,1.0,1.0,1.0,1.0,1.0,1.0,1.0,1.0,1.0,1.0,1.0,1.0,1.0,1.0,1.0,1.0,1.0,1.0,1.0,1.0,1.0,1.0,,1.0,,,,,6.4,7.0,6.0,8.25,5.75,2.25
315,Hamburg,2024-07-23,1,1841,,,4.0,2.0,1.0,1.0,1.0,1.0,1.0,1.0,1.0,1.0,1.0,1.0,1.0,1.0,1.0,,1.0,,1.0,1.0,1.0,1.0,,1.0,1.0,,,,,,,6.4,7.0,6.0,8.25,5.75,2.25
316,Hamburg,2024-07-23,1,1043,,,2.0,1.0,1.0,1.0,1.0,,1.0,1.0,1.0,,1.0,1.0,1.0,1.0,1.0,,1.0,1.0,,,,1.0,1.0,1.0,1.0,,,1.0,,,,6.4,7.0,6.0,8.25,5.75,2.25
317,Hamburg,2024-07-23,1,1227,,,,4.0,,,,,,1.0,,1.0,1.0,1.0,,,1.0,1.0,,,,1.0,1.0,,,,,,,,,,,6.4,7.0,6.0,8.25,5.75,2.25
318,Hamburg,2024-07-23,1,1131,,,,1.0,1.0,1.0,1.0,1.0,,1.0,,1.0,1.0,1.0,,,1.0,,,1.0,,1.0,1.0,,,,,,,,,,,6.4,7.0,6.0,8.25,5.75,2.25
319,Hamburg,2024-07-23,1,1052,4.0,6,,4.0,,,,,,1.0,,1.0,1.0,1.0,,,1.0,1.0,,,,1.0,1.0,,,,,,,,,,,6.4,7.0,6.0,8.25,5.75,2.25
320,Hamburg,2024-07-23,1,1841,,,,6.0,,,,,,1.0,,1.0,1.0,1.0,,,1.0,1.0,,,,1.0,1.0,,,,,,,,,,,6.4,7.0,6.0,8.25,5.75,2.25
321,Hamburg,2024-07-23,1,1236,5.0,9,8.0,5.0,1.0,1.0,1.0,,1.0,1.0,1.0,1.0,1.0,1.0,1.0,1.0,1.0,,,1.0,1.0,1.0,,1.0,1.0,1.0,1.0,,,1.0,,,,6.4,7.0,6.0,8.25,5.75,2.25
322,Hamburg,2024-07-23,1,1578,,,,6.0,,,,,,1.0,,1.0,1.0,1.0,,,1.0,1.0,,,,1.0,1.0,,,,,,,,,,,6.4,7.0,6.0,8.25,5.75,2.25
323,Hamburg,2024-07-23,1,1624,4.87,39,7.0,7.0,1.0,1.0,1.0,,,1.0,,1.0,1.0,1.0,1.0,,1.0,1.0,1.0,1.0,,1.0,,,1.0,,,,,,,,,6.4,7.0,6.0,8.25,5.75,2.25
324,Hamburg,2024-07-23,1,1184,,,,2.0,,,,,,1.0,,,1.0,1.0,,1.0,1.0,,,,,,1.0,,,,,,,,,,,6.4,7.0,6.0,8.25,5.75,2.25
325,Hamburg,2024-07-23,1,1753,,,4.0,6.0,,,,,,1.0,,1.0,1.0,1.0,,,1.0,,,,,1.0,,,,,,,,,,,,6.4,7.0,6.0,8.25,5.75,2.25
326,Hamburg,2024-07-23,1,1385,5.0,5,4.0,2.0,1.0,1.0,1.0,,1.0,1.0,,1.0,1.0,1.0,1.0,1.0,1.0,1.0,1.0,1.0,,1.0,,,1.0,1.0,1.0,,1.0,1.0,,,1.0,6.4,7.0,6.0,8.25,5.75,2.25
327,Hamburg,2024-07-23,1,1052,,,,1.0,,,,,,1.0,,1.0,1.0,1.0,,1.0,1.0,,,,,1.0,1.0,,,,,,,,1.0,,,6.4,7.0,6.0,8.25,5.75,2.25
328,Hamburg,2024-07-23,1,1140,5.0,3,2.0,1.0,1.0,1.0,1.0,,1.0,1.0,1.0,1.0,1.0,1.0,1.0,1.0,1.0,1.0,1.0,1.0,,1.0,,,1.0,1.0,1.0,,1.0,1.0,,,1.0,6.4,7.0,6.0,8.25,5.75,2.25
329,Hamburg,2024-07-23,1,1832,4.67,6,4.0,4.0,1.0,1.0,1.0,,,1.0,1.0,1.0,1.0,1.0,,1.0,1.0,1.0,1.0,1.0,,1.0,,1.0,1.0,1.0,1.0,,1.0,1.0,,,,6.4,7.0,6.0,8.25,5.75,2.25
330,Hamburg,2024-07-23,1,1578,3.75,8,,6.0,,,,,,1.0,,1.0,1.0,1.0,,,1.0,1.0,,,,1.0,1.0,,,,,,,,,,,6.4,7.0,6.0,8.25,5.75,2.25
331,Hamburg,2024-07-23,1,1841,,,,3.0,,,,,,1.0,,1.0,1.0,1.0,,,1.0,1.0,,,,1.0,1.0,,,,,,,,,,,6.4,7.0,6.0,8.25,5.75,2.25
332,Hamburg,2024-07-23,1,1447,4.50,8,2.0,1.0,1.0,1.0,1.0,1.0,1.0,1.0,1.0,1.0,1.0,1.0,1.0,1.0,1.0,1.0,1.0,1.0,1.0,1.0,,1.0,1.0,1.0,1.0,,,1.0,1.0,,,6.4,7.0,6.0,8.25,5.75,2.25
333,Hamburg,2024-07-23,1,1227,,,2.0,1.0,,,,,,1.0,,1.0,1.0,1.0,,1.0,1.0,,,,,1.0,1.0,,,,,,,,,,,6.4,7.0,6.0,8.25,5.75,2.25
334,Hamburg,2024-07-23,1,1753,,,4.0,6.0,,,,,,1.0,,1.0,1.0,1.0,,,1.0,,,,,1.0,,,,,,,,,,,,6.4,7.0,6.0,8.25,5.75,2.25
335,Hamburg,2024-07-23,1,1117,,,4.0,3.0,1.0,1.0,1.0,1.0,,1.0,,1.0,1.0,1.0,1.0,1.0,1.0,,,,,1.0,,1.0,1.0,,,,,,,,,6.4,7.0,6.0,8.25,5.75,2.25
336,Hamburg,2024-07-23,1,1140,4.88,8,4.0,2.0,,,,,,1.0,,1.0,1.0,1.0,1.0,1.0,1.0,,,,,,1.0,1.0,,,,,,,,,,6.4,7.0,6.0,8.25,5.75,2.25
337,Hamburg,2024-07-23,1,1490,4.76,27,4.0,2.0,,,,,,1.0,,,1.0,1.0,1.0,1.0,1.0,,,,,1.0,1.0,,,,,,,,,,,6.4,7.0,6.0,8.25,5.75,2.25
338,Hamburg,2024-07-23,1,1359,,,1.0,1.0,1.0,,1.0,1.0,,1.0,,1.0,1.0,1.0,1.0,1.0,1.0,,1.0,1.0,1.0,1.0,1.0,,,1.0,1.0,,,,,,,6.4,7.0,6.0,8.25,5.75,2.25
339,Hamburg,2024-07-23,1,1017,4.50,6,,6.0,1.0,,,,1.0,1.0,,1.0,1.0,1.0,1.0,1.0,1.0,,,,,,,,,,,,,,,,,6.4,7.0,6.0,8.25,5.75,2.25
340,Hamburg,2024-07-23,1,1166,5.0,8,6.0,3.0,1.0,1.0,1.0,,1.0,1.0,1.0,1.0,1.0,1.0,1.0,1.0,1.0,1.0,1.0,1.0,,1.0,,1.0,1.0,1.0,1.0,,1.0,,,,1.0,6.4,7.0,6.0,8.25,5.75,2.25
341,Hamburg,2024-07-23,1,1654,4.75,4,3.0,2.0,1.0,1.0,,1.0,,1.0,,1.0,1.0,1.0,1.0,1.0,1.0,,,,,1.0,1.0,,1.0,,,,,,,,,6.4,7.0,6.0,8.25,5.75,2.25
342,Hamburg,2024-07-23,1,1017,4.60,16,,1.0,1.0,1.0,1.0,1.0,,1.0,,1.0,1.0,1.0,,,1.0,,1.0,1.0,,1.0,1.0,,,,,,,,,,,6.4,7.0,6.0,8.25,5.75,2.25
343,Hamburg,2024-07-23,1,2021,4.0,3,1.0,1.0,1.0,1.0,,1.0,1.0,1.0,,,1.0,1.0,1.0,,,1.0,,,,1.0,,1.0,,,,,1.0,,,,,6.4,7.0,6.0,8.25,5.75,2.25
344,Hamburg,2024-07-23,1,2262,4.80,5,4.0,2.0,1.0,1.0,1.0,,,1.0,1.0,1.0,1.0,1.0,,1.0,1.0,1.0,1.0,1.0,1.0,1.0,,1.0,1.0,1.0,1.0,,1.0,1.0,,,,6.4,7.0,6.0,8.25,5.75,2.25
345,Hamburg,2024-07-23,1,2118,,,3.0,3.0,1.0,1.0,,1.0,,1.0,,,1.0,1.0,1.0,,,,,,,1.0,,1.0,,,,,,,,,,6.4,7.0,6.0,8.25,5.75,2.25
346,Hamburg,2024-07-23,1,2330,4.42,12,2.0,1.0,1.0,1.0,,1.0,1.0,1.0,,,1.0,1.0,1.0,,,1.0,,,,1.0,,1.0,,,,,1.0,,,,,6.4,7.0,6.0,8.25,5.75,2.25
347,Hamburg,2024-07-23,1,2256,4.0,5,3.0,3.0,1.0,1.0,,1.0,1.0,1.0,,,1.0,1.0,1.0,,,1.0,,,,1.0,,1.0,,,,,1.0,,,,,6.4,7.0,6.0,8.25,5.75,2.25
348,Hamburg,2024-07-23,1,2211,4.22,9,1.0,1.0,1.0,1.0,,1.0,1.0,1.0,,,1.0,1.0,1.0,,,1.0,,,,1.0,,1.0,,,,,1.0,,,,,6.4,7.0,6.0,8.25,5.75,2.25
349,Hamburg,2024-07-23,1,2016,,,6.0,6.0,,,,,,1.0,,1.0,1.0,1.0,,,1.0,,,,,1.0,,,,,,,,,,,,6.4,7.0,6.0,8.25,5.75,2.25
350,Hamburg,2024-07-23,1,2629,,,,1.0,1.0,1.0,,,1.0,1.0,,1.0,1.0,1.0,,1.0,1.0,,1.0,,,1.0,1.0,,,1.0,1.0,,,,,,,6.4,7.0,6.0,8.25,5.75,2.25
351,Hamburg,2024-07-23,1,2394,4.43,7,2.0,1.0,1.0,1.0,,1.0,1.0,1.0,,,1.0,1.0,1.0,,1.0,1.0,,,,1.0,,1.0,,,,,1.0,,,,,6.4,7.0,6.0,8.25,5.75,2.25
352,Hamburg,2024-07-23,1,2563,,,3.0,1.0,1.0,1.0,,1.0,1.0,1.0,,,1.0,1.0,1.0,,,1.0,,,,1.0,,1.0,,,,,1.0,,,,,6.4,7.0,6.0,8.25,5.75,2.25
353,Hamburg,2024-07-23,1,2446,3.67,6,2.0,1.0,1.0,1.0,,1.0,1.0,1.0,,,1.0,1.0,1.0,,,1.0,,,,1.0,,1.0,,,,,1.0,,,,,6.4,7.0,6.0,8.25,5.75,2.25
354,Hamburg,2024-07-23,1,2677,4.33,3,2.0,1.0,1.0,1.0,,1.0,1.0,1.0,,,1.0,1.0,1.0,,,1.0,,,,1.0,,1.0,,,,,1.0,,,,,6.4,7.0,6.0,8.25,5.75,2.25
355,Hamburg,2024-07-23,1,2256,3.71,7,3.0,3.0,1.0,1.0,,1.0,1.0,1.0,,,1.0,1.0,1.0,,,1.0,,,,1.0,,1.0,,,,,1.0,,,,,6.4,7.0,6.0,8.25,5.75,2.25
356,Hamburg,2024-07-23,1,2312,4.0,6,2.0,1.0,1.0,1.0,,1.0,1.0,1.0,,,1.0,1.0,1.0,,1.0,1.0,,,,1.0,,1.0,,,,,1.0,,,,,6.4,7.0,6.0,8.25,5.75,2.25
357,Hamburg,2024-07-23,1,2442,4.14,7,2.0,1.0,1.0,1.0,,1.0,1.0,1.0,,,1.0,1.0,1.0,,,1.0,,,,1.0,,1.0,,,,,1.0,,,,,6.4,7.0,6.0,8.25,5.75,2.25
