,city,date,treat,price,rating,omtaler,gæster,soveværelser,bathroom,shampoo,hot water,bed linen,entertainment,temperature,security,work,wi-fi,kitchen,outdoor,parkering and faciliteter,view,hair dryer,other,cleaning products,hangers,blackout curtains,family,dishwasher,attractions nearby,host,refrigerator,washing machine,fitness equipment,mailbox,fireplace,pool etc.,smoking allowed,Sights,Safety,Shopping,Location,Climate,Affordability
0,Oslo,2024-07-09,0,592,5.0,8,2.0,1.0,1.0,1.0,1.0,1.0,1.0,1.0,1.0,1.0,1.0,1.0,1.0,1.0,,,,,,,,,,,,,,,,,,6.2,8.5,5.5,8.5,4.0,1.25
1,Oslo,2024-07-09,0,407,4.93,194,,1.0,1.0,,1.0,,1.0,1.0,1.0,1.0,,1.0,1.0,1.0,1.0,1.0,1.0,1.0,1.0,1.0,1.0,1.0,1.0,1.0,,,,,,,,6.2,8.5,5.5,8.5,4.0,1.25
2,Oslo,2024-07-09,0,560,,,,,1.0,1.0,1.0,1.0,1.0,,1.0,1.0,1.0,1.0,1.0,1.0,,1.0,1.0,1.0,1.0,,1.0,1.0,1.0,,1.0,,,,,,,6.2,8.5,5.5,8.5,4.0,1.25
3,Oslo,2024-07-09,0,894,,,3.0,1.0,1.0,,1.0,,1.0,1.0,1.0,1.0,1.0,1.0,1.0,1.0,,1.0,1.0,1.0,1.0,,1.0,1.0,,,1.0,1.0,,,,,,6.2,8.5,5.5,8.5,4.0,1.25
4,Oslo,2024-07-09,0,729,,,6.0,2.0,1.0,1.0,1.0,,1.0,,1.0,1.0,,1.0,1.0,1.0,1.0,1.0,1.0,1.0,1.0,,1.0,1.0,1.0,1.0,1.0,1.0,1.0,1.0,,,,6.2,8.5,5.5,8.5,4.0,1.25
5,Oslo,2024-07-09,0,768,4.83,12,2.0,1.0,1.0,1.0,1.0,,,1.0,1.0,1.0,,1.0,,1.0,,,1.0,1.0,1.0,,1.0,1.0,1.0,,,1.0,,,,,,6.2,8.5,5.5,8.5,4.0,1.25
6,Oslo,2024-07-09,0,584,4.94,345,,2.0,1.0,1.0,1.0,1.0,1.0,,1.0,1.0,,1.0,,1.0,,1.0,,,,,1.0,1.0,,,1.0,1.0,,,,,,6.2,8.5,5.5,8.5,4.0,1.25
7,Oslo,2024-07-09,0,609,4.67,3,3.0,3.0,1.0,1.0,1.0,,1.0,,1.0,1.0,1.0,1.0,1.0,1.0,,1.0,1.0,1.0,1.0,1.0,,,1.0,,1.0,,,,,,,6.2,8.5,5.5,8.5,4.0,1.25
8,Oslo,2024-07-09,0,592,4.63,8,2.0,1.0,,,,,1.0,,1.0,1.0,1.0,1.0,1.0,,,,,,,,,,,,,1.0,1.0,,,,,6.2,8.5,5.5,8.5,4.0,1.25
9,Oslo,2024-07-09,0,414,,,,1.0,1.0,1.0,1.0,1.0,1.0,1.0,1.0,1.0,1.0,1.0,1.0,1.0,,1.0,1.0,1.0,,,1.0,1.0,1.0,1.0,1.0,1.0,,,1.0,,,6.2,8.5,5.5,8.5,4.0,1.25
10,Oslo,2024-07-09,0,642,4.45,11,3.0,2.0,,,,,1.0,,1.0,1.0,1.0,1.0,1.0,1.0,,,,,,,,,,,1.0,1.0,,,,,,6.2,8.5,5.5,8.5,4.0,1.25
11,Oslo,2024-07-09,0,553,,,,2.0,1.0,1.0,1.0,,1.0,1.0,1.0,1.0,1.0,1.0,1.0,1.0,,1.0,1.0,1.0,1.0,,1.0,,1.0,1.0,1.0,,,1.0,,,,6.2,8.5,5.5,8.5,4.0,1.25
12,Oslo,2024-07-09,0,629,,,,1.0,1.0,1.0,1.0,,1.0,,1.0,1.0,1.0,1.0,1.0,1.0,,1.0,1.0,1.0,1.0,1.0,1.0,,1.0,1.0,1.0,,1.0,,,,,6.2,8.5,5.5,8.5,4.0,1.25
13,Oslo,2024-07-09,0,499,,,,1.0,1.0,,1.0,1.0,1.0,,1.0,1.0,1.0,1.0,,1.0,,1.0,1.0,1.0,,,1.0,1.0,,1.0,1.0,1.0,,1.0,1.0,,,6.2,8.5,5.5,8.5,4.0,1.25
14,Oslo,2024-07-09,0,538,4.80,5,3.0,2.0,,,,,1.0,,1.0,1.0,1.0,1.0,1.0,1.0,,,,,,,,,,,1.0,1.0,,,,,,6.2,8.5,5.5,8.5,4.0,1.25
15,Oslo,2024-07-09,0,538,,,4.0,3.0,1.0,,,,,,1.0,,,1.0,1.0,1.0,,,,,,,,,,,,,,,,,,6.2,8.5,5.5,8.5,4.0,1.25
16,Oslo,2024-07-09,0,753,,,1.0,1.0,1.0,1.0,1.0,1.0,,,1.0,1.0,1.0,1.0,1.0,1.0,,1.0,1.0,1.0,1.0,1.0,1.0,,1.0,1.0,1.0,,,1.0,,,,6.2,8.5,5.5,8.5,4.0,1.25
17,Oslo,2024-07-09,0,768,,,2.0,1.0,1.0,1.0,1.0,,1.0,,1.0,1.0,1.0,1.0,1.0,1.0,1.0,,1.0,1.0,1.0,,1.0,1.0,1.0,,1.0,1.0,,,,,,6.2,8.5,5.5,8.5,4.0,1.25
18,Oslo,2024-07-09,0,499,4.75,20,,1.0,1.0,1.0,1.0,1.0,1.0,,1.0,1.0,1.0,1.0,,,,1.0,1.0,1.0,1.0,,1.0,1.0,,,1.0,1.0,,,,,,6.2,8.5,5.5,8.5,4.0,1.25
19,Oslo,2024-07-09,0,584,,,,1.0,1.0,1.0,1.0,1.0,1.0,,1.0,1.0,,1.0,,1.0,,1.0,1.0,1.0,1.0,,1.0,1.0,,,1.0,1.0,,,1.0,,,6.2,8.5,5.5,8.5,4.0,1.25
20,Oslo,2024-07-09,0,499,4.71,49,,1.0,1.0,1.0,1.0,,,,1.0,1.0,1.0,1.0,1.0,1.0,,1.0,1.0,1.0,,1.0,1.0,,1.0,,,,,,,,,6.2,8.5,5.5,8.5,4.0,1.25
21,Oslo,2024-07-09,0,768,4.96,73,,1.0,1.0,1.0,1.0,,1.0,1.0,1.0,1.0,,1.0,1.0,1.0,1.0,1.0,1.0,1.0,1.0,1.0,1.0,1.0,,,1.0,,,,,,,6.2,8.5,5.5,8.5,4.0,1.25
22,Oslo,2024-07-09,0,661,4.87,121,,1.0,1.0,1.0,,,1.0,,1.0,1.0,1.0,1.0,,1.0,,1.0,,,1.0,,,,,1.0,,1.0,,,1.0,,,6.2,8.5,5.5,8.5,4.0,1.25
23,Oslo,2024-07-09,0,560,4.82,487,,1.0,1.0,1.0,1.0,,1.0,,1.0,1.0,,1.0,1.0,1.0,,1.0,,,1.0,,1.0,1.0,,,1.0,1.0,,,,,,6.2,8.5,5.5,8.5,4.0,1.25
24,Oslo,2024-07-09,0,534,4.77,414,,1.0,1.0,1.0,1.0,1.0,1.0,1.0,1.0,1.0,,1.0,1.0,1.0,,1.0,1.0,1.0,1.0,1.0,1.0,1.0,1.0,1.0,1.0,1.0,,,,,,6.2,8.5,5.5,8.5,4.0,1.25
25,Oslo,2024-07-09,0,684,4.64,104,2.0,1.0,1.0,1.0,1.0,1.0,1.0,1.0,,1.0,1.0,1.0,1.0,1.0,,,1.0,1.0,,,1.0,,1.0,1.0,1.0,1.0,,1.0,,,,6.2,8.5,5.5,8.5,4.0,1.25
26,Oslo,2024-07-09,0,714,,,,1.0,,1.0,1.0,1.0,,,1.0,1.0,1.0,1.0,1.0,1.0,,,1.0,1.0,1.0,1.0,1.0,1.0,,,1.0,1.0,,,,,,6.2,8.5,5.5,8.5,4.0,1.25
27,Oslo,2024-07-09,0,614,,,,1.0,1.0,1.0,1.0,1.0,1.0,,1.0,1.0,1.0,1.0,1.0,1.0,1.0,1.0,1.0,1.0,1.0,1.0,1.0,1.0,1.0,1.0,1.0,1.0,,1.0,,,,6.2,8.5,5.5,8.5,4.0,1.25
28,Oslo,2024-07-09,0,614,,,,1.0,1.0,1.0,1.0,,1.0,,1.0,1.0,,1.0,1.0,1.0,1.0,1.0,1.0,1.0,1.0,1.0,1.0,1.0,1.0,,1.0,1.0,1.0,,1.0,,,6.2,8.5,5.5,8.5,4.0,1.25
29,Oslo,2024-07-09,0,407,4.78,63,,2.0,1.0,,1.0,,1.0,,1.0,1.0,1.0,1.0,1.0,1.0,,1.0,,,1.0,,,,,,,1.0,,,1.0,,,6.2,8.5,5.5,8.5,4.0,1.25
30,Oslo,2024-07-09,0,384,4.57,7,2.0,1.0,1.0,1.0,1.0,1.0,1.0,,1.0,1.0,1.0,1.0,,1.0,,,,,1.0,,1.0,1.0,,,1.0,1.0,,,,,,6.2,8.5,5.5,8.5,4.0,1.25
31,Oslo,2024-07-09,0,596,,,2.0,1.0,,,,,1.0,,1.0,1.0,1.0,1.0,1.0,1.0,,,,,,,,,,,,1.0,1.0,,,,,6.2,8.5,5.5,8.5,4.0,1.25
32,Oslo,2024-07-09,0,521,,,,1.0,1.0,1.0,1.0,,1.0,1.0,1.0,1.0,,1.0,1.0,1.0,,,1.0,1.0,1.0,1.0,1.0,1.0,1.0,,1.0,,,,,,,6.2,8.5,5.5,8.5,4.0,1.25
33,Oslo,2024-07-09,0,768,5.0,11,,1.0,1.0,1.0,1.0,1.0,1.0,1.0,1.0,1.0,,1.0,1.0,1.0,,1.0,1.0,1.0,1.0,1.0,1.0,1.0,,,1.0,1.0,1.0,,,,,6.2,8.5,5.5,8.5,4.0,1.25
34,Oslo,2024-07-09,0,676,5.0,3,3.0,2.0,,,,,1.0,,1.0,1.0,1.0,1.0,1.0,,,,,,,,1.0,1.0,1.0,,1.0,1.0,,,,,,6.2,8.5,5.5,8.5,4.0,1.25
35,Oslo,2024-07-09,0,653,4.86,7,2.0,1.0,1.0,,1.0,,1.0,,1.0,1.0,1.0,1.0,,1.0,,,,,,1.0,,,,,1.0,,,,,,,6.2,8.5,5.5,8.5,4.0,1.25
36,Oslo,2024-07-09,0,791,,,,1.0,1.0,,1.0,,1.0,1.0,1.0,1.0,,1.0,1.0,1.0,1.0,1.0,1.0,1.0,1.0,1.0,1.0,1.0,1.0,,,1.0,,,,,,6.2,8.5,5.5,8.5,4.0,1.25
37,Oslo,2024-07-09,0,595,4.78,96,2.0,2.0,1.0,,1.0,,1.0,1.0,1.0,1.0,1.0,1.0,1.0,1.0,,1.0,1.0,1.0,1.0,,,,1.0,,,,,,,,,6.2,8.5,5.5,8.5,4.0,1.25
38,Oslo,2024-07-09,0,542,,,3.0,3.0,1.0,,1.0,,1.0,,1.0,1.0,1.0,1.0,1.0,1.0,,,,,1.0,1.0,1.0,1.0,1.0,1.0,,1.0,,,,,,6.2,8.5,5.5,8.5,4.0,1.25
39,Oslo,2024-07-09,0,499,5.0,12,,1.0,1.0,1.0,1.0,1.0,1.0,1.0,1.0,1.0,1.0,1.0,1.0,1.0,1.0,1.0,1.0,1.0,1.0,1.0,1.0,1.0,1.0,,1.0,1.0,,,,,,6.2,8.5,5.5,8.5,4.0,1.25
40,Oslo,2024-07-09,0,492,4.85,232,,1.0,1.0,1.0,1.0,1.0,1.0,,1.0,1.0,1.0,1.0,1.0,1.0,,1.0,,,1.0,,1.0,1.0,,1.0,1.0,1.0,,1.0,,,,6.2,8.5,5.5,8.5,4.0,1.25
41,Oslo,2024-07-09,0,385,4.63,8,,1.0,1.0,,1.0,,1.0,,1.0,1.0,1.0,1.0,,1.0,,1.0,1.0,1.0,1.0,1.0,,1.0,,,1.0,,1.0,,,,,6.2,8.5,5.5,8.5,4.0,1.25
42,Oslo,2024-07-09,0,499,5.0,3,2.0,1.0,,,,,1.0,,1.0,1.0,1.0,1.0,,,,,,,,,,,,,,,,,,,,6.2,8.5,5.5,8.5,4.0,1.25
43,Oslo,2024-07-09,0,461,,,,1.0,,,,,1.0,,1.0,1.0,1.0,1.0,,1.0,,,,,,,,,,,,1.0,,,1.0,,,6.2,8.5,5.5,8.5,4.0,1.25
44,Oslo,2024-07-09,0,607,,,,1.0,1.0,1.0,1.0,,,1.0,1.0,1.0,1.0,1.0,1.0,1.0,,1.0,1.0,1.0,1.0,1.0,1.0,1.0,,,1.0,,,,,,,6.2,8.5,5.5,8.5,4.0,1.25
45,Oslo,2024-07-09,0,615,4.87,23,,1.0,,,,,1.0,,1.0,1.0,1.0,1.0,1.0,1.0,,,,,,,,,,,,1.0,,,,,,6.2,8.5,5.5,8.5,4.0,1.25
46,Oslo,2024-07-09,0,706,4.80,10,,1.0,1.0,,,,,,1.0,1.0,1.0,1.0,1.0,1.0,,1.0,,,,,1.0,,,,1.0,1.0,,,,,,6.2,8.5,5.5,8.5,4.0,1.25
47,Oslo,2024-07-09,0,353,,,,1.0,1.0,1.0,1.0,,,,1.0,1.0,1.0,1.0,,,,1.0,,,1.0,1.0,,,,,,,,,,,,6.2,8.5,5.5,8.5,4.0,1.25
48,Oslo,2024-07-09,0,729,5.0,5,6.0,2.0,1.0,1.0,1.0,1.0,1.0,,1.0,1.0,1.0,1.0,1.0,1.0,1.0,1.0,1.0,1.0,1.0,,1.0,1.0,1.0,1.0,1.0,,1.0,1.0,,,,6.2,8.5,5.5,8.5,4.0,1.25
49,Oslo,2024-07-09,0,382,4.64,114,,2.0,,,,,1.0,,1.0,1.0,1.0,1.0,,1.0,,,,,,,,,,,,1.0,1.0,,,,,6.2,8.5,5.5,8.5,4.0,1.25
50,Oslo,2024-07-09,0,576,,,,1.0,1.0,1.0,1.0,,1.0,1.0,1.0,1.0,,1.0,1.0,1.0,1.0,1.0,1.0,1.0,1.0,1.0,1.0,1.0,1.0,,,,,,,,,6.2,8.5,5.5,8.5,4.0,1.25
51,Oslo,2024-07-09,0,384,,,2.0,2.0,,,,,1.0,,1.0,1.0,1.0,1.0,,,,,,,,,,,,,,1.0,,,,,,6.2,8.5,5.5,8.5,4.0,1.25
52,Oslo,2024-07-09,0,575,4.83,6,2.0,2.0,,,,,,,1.0,1.0,1.0,1.0,1.0,1.0,,,,,,,,,1.0,,1.0,,,,,,,6.2,8.5,5.5,8.5,4.0,1.25
53,Oslo,2024-07-09,0,738,5.0,11,1.0,1.0,1.0,1.0,1.0,,1.0,1.0,1.0,1.0,1.0,1.0,1.0,1.0,1.0,1.0,1.0,1.0,1.0,1.0,1.0,1.0,1.0,,1.0,,,,,,,6.2,8.5,5.5,8.5,4.0,1.25
54,Oslo,2024-07-09,0,492,4.60,102,2.0,1.0,1.0,,,,1.0,,1.0,1.0,,1.0,1.0,1.0,1.0,,1.0,1.0,1.0,1.0,1.0,,1.0,1.0,,,,1.0,1.0,1.0,,6.2,8.5,5.5,8.5,4.0,1.25
55,Oslo,2024-07-09,0,416,4.75,4,3.0,3.0,1.0,,,,1.0,,1.0,1.0,,1.0,1.0,1.0,1.0,,1.0,1.0,,,1.0,,1.0,1.0,,,,1.0,1.0,,,6.2,8.5,5.5,8.5,4.0,1.25
56,Oslo,2024-07-09,0,461,4.83,41,,1.0,1.0,1.0,1.0,,1.0,1.0,1.0,1.0,1.0,1.0,1.0,1.0,,1.0,1.0,1.0,1.0,,1.0,,,1.0,1.0,,,1.0,,1.0,1.0,6.2,8.5,5.5,8.5,4.0,1.25
57,Oslo,2024-07-09,0,614,4.75,4,4.0,2.0,1.0,,1.0,,,1.0,1.0,1.0,1.0,1.0,,1.0,,1.0,1.0,1.0,,,1.0,,1.0,1.0,1.0,,,1.0,,,,6.2,8.5,5.5,8.5,4.0,1.25
58,Oslo,2024-07-09,0,346,,,,1.0,1.0,,1.0,,1.0,,1.0,1.0,,1.0,,1.0,,1.0,,,,,1.0,1.0,,,1.0,1.0,1.0,,,,,6.2,8.5,5.5,8.5,4.0,1.25
59,Oslo,2024-07-09,0,407,,,,2.0,1.0,,1.0,,1.0,,1.0,1.0,1.0,1.0,1.0,1.0,,1.0,,,1.0,,,,,,,1.0,,,,,,6.2,8.5,5.5,8.5,4.0,1.25
60,Oslo,2024-07-09,0,537,,,,2.0,1.0,1.0,1.0,1.0,1.0,1.0,1.0,1.0,1.0,1.0,1.0,1.0,,1.0,1.0,1.0,1.0,1.0,1.0,1.0,1.0,,1.0,,,,,,,6.2,8.5,5.5,8.5,4.0,1.25
61,Oslo,2024-07-09,0,499,,,2.0,1.0,,,,,1.0,,1.0,1.0,1.0,1.0,,,,,,,,,,,,,,1.0,,,,,,6.2,8.5,5.5,8.5,4.0,1.25
62,Oslo,2024-07-09,0,431,4.92,12,,1.0,1.0,,1.0,,1.0,,1.0,1.0,1.0,1.0,1.0,1.0,,,1.0,1.0,1.0,,,,,,,1.0,,,,,,6.2,8.5,5.5,8.5,4.0,1.25
63,Oslo,2024-07-09,0,638,4.47,109,,1.0,1.0,1.0,1.0,,,,1.0,1.0,1.0,1.0,,1.0,,1.0,,,,,,,,,1.0,1.0,,,,,,6.2,8.5,5.5,8.5,4.0,1.25
64,Oslo,2024-07-09,0,446,5.0,10,,1.0,1.0,1.0,1.0,,1.0,,1.0,1.0,1.0,1.0,1.0,1.0,,1.0,1.0,1.0,1.0,1.0,1.0,1.0,,,1.0,1.0,,,,,,6.2,8.5,5.5,8.5,4.0,1.25
65,Oslo,2024-07-09,0,729,,,3.0,2.0,1.0,,1.0,,1.0,,1.0,1.0,1.0,1.0,1.0,1.0,1.0,1.0,1.0,1.0,1.0,1.0,1.0,,1.0,,1.0,,,,,,,6.2,8.5,5.5,8.5,4.0,1.25
66,Oslo,2024-07-09,0,768,4.67,3,2.0,1.0,1.0,,1.0,,1.0,,1.0,1.0,1.0,1.0,1.0,1.0,1.0,1.0,,,,,1.0,,1.0,,1.0,1.0,,,,,,6.2,8.5,5.5,8.5,4.0,1.25
67,Oslo,2024-07-09,0,322,,,2.0,2.0,1.0,,1.0,1.0,,,1.0,1.0,1.0,1.0,,1.0,,1.0,,,1.0,,,,1.0,,,1.0,,,,,,6.2,8.5,5.5,8.5,4.0,1.25
68,Oslo,2024-07-09,0,614,,,,1.0,1.0,1.0,1.0,1.0,,,1.0,1.0,,1.0,1.0,1.0,,1.0,1.0,1.0,,1.0,1.0,1.0,,,1.0,1.0,,,,,1.0,6.2,8.5,5.5,8.5,4.0,1.25
69,Oslo,2024-07-09,0,706,4.88,33,,1.0,1.0,1.0,1.0,,1.0,,1.0,1.0,1.0,,1.0,1.0,1.0,1.0,,,1.0,1.0,1.0,,1.0,,,,,,,,,6.2,8.5,5.5,8.5,4.0,1.25
70,Oslo,2024-07-09,0,729,,,1.0,1.0,,1.0,1.0,1.0,,,1.0,1.0,1.0,1.0,1.0,1.0,,,1.0,1.0,,,1.0,,,1.0,1.0,,,1.0,,,,6.2,8.5,5.5,8.5,4.0,1.25
71,Oslo,2024-07-09,0,768,5.0,20,,1.0,1.0,1.0,1.0,,,1.0,1.0,1.0,,1.0,1.0,1.0,,1.0,1.0,1.0,1.0,1.0,1.0,1.0,,1.0,1.0,,,1.0,,,,6.2,8.5,5.5,8.5,4.0,1.25
72,Oslo,2024-07-09,0,468,4.85,33,,1.0,1.0,1.0,1.0,,1.0,1.0,1.0,1.0,1.0,1.0,,1.0,,1.0,1.0,1.0,,,1.0,1.0,,1.0,1.0,1.0,,,,,,6.2,8.5,5.5,8.5,4.0,1.25
73,Oslo,2024-07-09,0,461,4.91,32,,2.0,1.0,,1.0,1.0,1.0,,1.0,1.0,1.0,1.0,1.0,1.0,,1.0,,,1.0,1.0,1.0,1.0,,,1.0,1.0,,,1.0,,,6.2,8.5,5.5,8.5,4.0,1.25
74,Oslo,2024-07-09,0,376,4.88,8,1.0,1.0,1.0,,1.0,1.0,,,1.0,1.0,1.0,1.0,1.0,1.0,,1.0,1.0,1.0,,,,1.0,,1.0,1.0,1.0,,,,,,6.2,8.5,5.5,8.5,4.0,1.25
75,Oslo,2024-07-09,0,553,5.0,3,,1.0,,,,,1.0,,,1.0,1.0,1.0,,,1.0,,,,,,,,,,,1.0,,,,,,6.2,8.5,5.5,8.5,4.0,1.25
76,Oslo,2024-07-09,0,711,4.62,13,2.0,1.0,1.0,1.0,1.0,,1.0,1.0,1.0,1.0,1.0,1.0,1.0,1.0,,1.0,1.0,1.0,1.0,1.0,1.0,1.0,1.0,1.0,1.0,1.0,,1.0,,,,6.2,8.5,5.5,8.5,4.0,1.25
77,Oslo,2024-07-09,0,692,,,2.0,1.0,,,,,1.0,,1.0,1.0,1.0,1.0,1.0,1.0,1.0,,,,,,,,,1.0,1.0,1.0,,1.0,,,,6.2,8.5,5.5,8.5,4.0,1.25
78,Oslo,2024-07-09,0,468,,,3.0,2.0,1.0,1.0,1.0,1.0,1.0,,1.0,1.0,1.0,1.0,1.0,1.0,1.0,,1.0,1.0,1.0,1.0,1.0,,1.0,,1.0,1.0,,,,,,6.2,8.5,5.5,8.5,4.0,1.25
79,Oslo,2024-07-09,0,461,4.80,30,,1.0,1.0,,1.0,,1.0,,1.0,1.0,1.0,1.0,,1.0,,1.0,,,1.0,,,,,,,1.0,,,1.0,,,6.2,8.5,5.5,8.5,4.0,1.25
80,Oslo,2024-07-09,0,692,4.87,15,2.0,2.0,1.0,,1.0,,,,1.0,1.0,1.0,1.0,,1.0,,,,,,,,,,,1.0,,,,,,,6.2,8.5,5.5,8.5,4.0,1.25
81,Oslo,2024-07-09,0,714,4.80,40,2.0,2.0,1.0,,1.0,,,,1.0,1.0,,1.0,1.0,1.0,1.0,,1.0,1.0,1.0,,1.0,1.0,1.0,1.0,1.0,,,1.0,,,,6.2,8.5,5.5,8.5,4.0,1.25
82,Oslo,2024-07-09,0,606,,,,1.0,,,,,1.0,,1.0,1.0,1.0,1.0,1.0,1.0,,,,,,,,,,,,1.0,,,,,,6.2,8.5,5.5,8.5,4.0,1.25
83,Oslo,2024-07-09,0,568,3.33,3,3.0,2.0,,,,,,,1.0,1.0,1.0,1.0,,1.0,,,,,1.0,,,,,1.0,1.0,,,1.0,,,,6.2,8.5,5.5,8.5,4.0,1.25
84,Oslo,2024-07-09,0,491,4.70,57,,2.0,1.0,1.0,1.0,,,1.0,1.0,1.0,1.0,1.0,1.0,1.0,1.0,1.0,1.0,1.0,1.0,,1.0,1.0,1.0,,1.0,,,,,,,6.2,8.5,5.5,8.5,4.0,1.25
85,Oslo,2024-07-09,0,824,4.67,3,6.0,3.0,,,,,1.0,,1.0,1.0,1.0,1.0,,1.0,,,,,,,,,,,,1.0,,,,,,6.2,8.5,5.5,8.5,4.0,1.25
86,Oslo,2024-07-09,0,576,,,,1.0,,,,,1.0,,1.0,1.0,1.0,1.0,,1.0,,,,,,,,,,1.0,,1.0,,,,,,6.2,8.5,5.5,8.5,4.0,1.25
87,Oslo,2024-07-09,0,768,,,5.0,2.0,1.0,1.0,1.0,1.0,1.0,1.0,1.0,1.0,1.0,1.0,1.0,1.0,,1.0,1.0,1.0,1.0,,1.0,1.0,1.0,1.0,1.0,1.0,1.0,1.0,,,,6.2,8.5,5.5,8.5,4.0,1.25
88,Oslo,2024-07-09,0,460,,,,1.0,,,,,1.0,,1.0,1.0,1.0,1.0,,,,,,,,,,,,,,,,,,,,6.2,8.5,5.5,8.5,4.0,1.25
89,Oslo,2024-07-09,0,575,5.0,11,,1.0,1.0,1.0,1.0,,1.0,1.0,1.0,1.0,1.0,1.0,1.0,1.0,,1.0,,,1.0,1.0,,,,,1.0,1.0,,,,,,6.2,8.5,5.5,8.5,4.0,1.25
90,Oslo,2024-07-09,0,595,4.99,72,,1.0,1.0,1.0,1.0,,,1.0,1.0,1.0,,1.0,1.0,1.0,,1.0,,,,,1.0,,,,1.0,,,,,,,6.2,8.5,5.5,8.5,4.0,1.25
91,Oslo,2024-07-09,0,499,4.89,77,,,1.0,1.0,1.0,1.0,1.0,,1.0,1.0,1.0,1.0,1.0,1.0,1.0,,1.0,1.0,1.0,,1.0,,1.0,1.0,1.0,,,1.0,,,,6.2,8.5,5.5,8.5,4.0,1.25
92,Oslo,2024-07-09,0,691,4.67,3,4.0,2.0,1.0,1.0,1.0,,1.0,1.0,1.0,1.0,1.0,1.0,1.0,1.0,,1.0,1.0,1.0,1.0,1.0,1.0,1.0,,1.0,1.0,,,1.0,,,,6.2,8.5,5.5,8.5,4.0,1.25
93,Oslo,2024-07-09,0,701,,,4.0,2.0,,,,,,,1.0,1.0,1.0,1.0,,,,,,,,,,,,,,,,,,,,6.2,8.5,5.5,8.5,4.0,1.25
94,Oslo,2024-07-09,0,653,4.59,29,,1.0,1.0,,,,1.0,,1.0,1.0,1.0,1.0,1.0,1.0,,,,,,,,,,,1.0,,,,,,,6.2,8.5,5.5,8.5,4.0,1.25
95,Oslo,2024-07-09,0,445,4.50,4,,1.0,1.0,,1.0,,,1.0,1.0,1.0,,1.0,,1.0,1.0,1.0,,,1.0,,,1.0,,1.0,1.0,,,1.0,,,,6.2,8.5,5.5,8.5,4.0,1.25
96,Oslo,2024-07-09,0,576,4.27,11,,1.0,1.0,1.0,1.0,,,,1.0,1.0,1.0,1.0,,1.0,,1.0,,,,,,,,,1.0,1.0,,,,,,6.2,8.5,5.5,8.5,4.0,1.25
97,Oslo,2024-07-09,0,380,,,,1.0,,,,,1.0,,,1.0,1.0,,,1.0,,,,,,,,,,,,,1.0,,,1.0,,6.2,8.5,5.5,8.5,4.0,1.25
98,Oslo,2024-07-09,0,578,4.83,6,,1.0,1.0,,1.0,,1.0,,1.0,1.0,1.0,1.0,,,,1.0,1.0,1.0,,,,,,,,,,,,,,6.2,8.5,5.5,8.5,4.0,1.25
99,Oslo,2024-07-09,0,729,4.93,14,1.0,1.0,1.0,,,,1.0,,1.0,1.0,1.0,,,,,1.0,,,,,1.0,,,1.0,,,,,1.0,,,6.2,8.5,5.5,8.5,4.0,1.25
100,Oslo,2024-07-09,0,691,,,,1.0,,,,,1.0,1.0,1.0,1.0,1.0,1.0,1.0,,,,,,,,1.0,,,,1.0,1.0,,,1.0,,,6.2,8.5,5.5,8.5,4.0,1.25
101,Oslo,2024-07-09,0,760,4.60,5,,1.0,,,,,,,1.0,1.0,,1.0,,1.0,,,,,,,,,,,1.0,,,,,,,6.2,8.5,5.5,8.5,4.0,1.25
102,Oslo,2024-07-09,0,553,4.84,43,1.0,1.0,1.0,,,,1.0,,1.0,1.0,1.0,,,,,1.0,,,,,1.0,,,,,,,,1.0,,,6.2,8.5,5.5,8.5,4.0,1.25
103,Oslo,2024-07-09,0,675,4.67,6,,1.0,1.0,,1.0,1.0,1.0,1.0,1.0,1.0,1.0,1.0,1.0,1.0,1.0,1.0,1.0,1.0,1.0,1.0,,1.0,1.0,1.0,,1.0,,1.0,,1.0,,6.2,8.5,5.5,8.5,4.0,1.25
104,Oslo,2024-07-09,0,484,4.63,101,,2.0,1.0,,,,1.0,,1.0,1.0,1.0,1.0,,,,1.0,,,,,,,,,,,,,1.0,,,6.2,8.5,5.5,8.5,4.0,1.25
105,Oslo,2024-07-09,0,307,,,,1.0,1.0,1.0,1.0,1.0,1.0,,1.0,1.0,1.0,1.0,1.0,1.0,1.0,1.0,,,,,1.0,1.0,,,1.0,1.0,,,,,,6.2,8.5,5.5,8.5,4.0,1.25
106,Oslo,2024-07-09,0,691,4.82,40,2.0,1.0,1.0,1.0,1.0,1.0,1.0,1.0,1.0,1.0,1.0,1.0,1.0,1.0,,1.0,,,1.0,,1.0,1.0,1.0,1.0,1.0,1.0,,1.0,,,,6.2,8.5,5.5,8.5,4.0,1.25
107,Oslo,2024-07-09,0,753,,,4.0,2.0,1.0,1.0,1.0,,1.0,,1.0,1.0,,1.0,1.0,1.0,1.0,1.0,1.0,1.0,1.0,,1.0,1.0,1.0,,,1.0,,,1.0,,,6.2,8.5,5.5,8.5,4.0,1.25
108,Oslo,2024-07-09,0,576,4.79,62,,1.0,1.0,1.0,1.0,,,,1.0,1.0,1.0,1.0,1.0,1.0,1.0,1.0,1.0,1.0,1.0,1.0,1.0,,1.0,,1.0,,,,,,,6.2,8.5,5.5,8.5,4.0,1.25
109,Oslo,2024-07-09,0,554,4.78,9,,2.0,1.0,1.0,1.0,1.0,1.0,1.0,,1.0,1.0,1.0,1.0,1.0,,,1.0,1.0,,,1.0,,,1.0,,1.0,1.0,,1.0,,,6.2,8.5,5.5,8.5,4.0,1.25
110,Oslo,2024-07-09,0,404,4.89,9,,2.0,,,,,1.0,,,1.0,1.0,1.0,,,,,,,,,,,,,,,,,,,,6.2,8.5,5.5,8.5,4.0,1.25
111,Oslo,2024-07-09,0,653,,,,1.0,1.0,,1.0,1.0,1.0,,1.0,1.0,1.0,1.0,1.0,1.0,,,,,,1.0,,,,,,1.0,,,,,,6.2,8.5,5.5,8.5,4.0,1.25
112,Oslo,2024-07-09,0,825,,,,1.0,1.0,,,,1.0,1.0,1.0,1.0,1.0,1.0,1.0,1.0,,1.0,,,1.0,,,,1.0,1.0,,1.0,,,1.0,,,6.2,8.5,5.5,8.5,4.0,1.25
113,Oslo,2024-07-09,0,529,,,,1.0,1.0,,1.0,,1.0,,1.0,1.0,1.0,1.0,,1.0,,,1.0,1.0,,,1.0,,,,,1.0,,,,,,6.2,8.5,5.5,8.5,4.0,1.25
114,Oslo,2024-07-09,0,553,4.72,36,1.0,1.0,1.0,,,,1.0,,1.0,1.0,1.0,,,,,1.0,,,,,1.0,,,1.0,,,,,1.0,,,6.2,8.5,5.5,8.5,4.0,1.25
115,Oslo,2024-07-09,0,768,4.67,3,3.0,1.0,,,,,1.0,,1.0,1.0,1.0,1.0,1.0,1.0,,,,,,,,,,,,1.0,,,,,,6.2,8.5,5.5,8.5,4.0,1.25
116,Oslo,2024-07-09,0,614,4.92,12,,1.0,1.0,1.0,,,1.0,,1.0,1.0,1.0,,1.0,1.0,,,,,,,,,1.0,,,1.0,,,1.0,,,6.2,8.5,5.5,8.5,4.0,1.25
117,Oslo,2024-07-09,0,780,,,,1.0,1.0,,,,1.0,,1.0,1.0,1.0,1.0,,1.0,,1.0,,,,,,,1.0,,1.0,1.0,,,1.0,,,6.2,8.5,5.5,8.5,4.0,1.25
118,Oslo,2024-07-09,0,538,4.33,3,,1.0,1.0,1.0,,1.0,1.0,1.0,1.0,1.0,1.0,1.0,1.0,1.0,,1.0,1.0,1.0,1.0,1.0,1.0,1.0,,,1.0,1.0,,,1.0,,,6.2,8.5,5.5,8.5,4.0,1.25
119,Oslo,2024-07-09,0,355,4.75,4,,1.0,1.0,,1.0,,1.0,,1.0,1.0,1.0,1.0,1.0,1.0,,,1.0,1.0,1.0,,,,,,,,,,,,,6.2,8.5,5.5,8.5,4.0,1.25
120,Oslo,2024-07-09,0,776,,,,1.0,,,,,1.0,,1.0,1.0,1.0,1.0,1.0,1.0,1.0,,,,,,1.0,,,,1.0,,,,1.0,,,6.2,8.5,5.5,8.5,4.0,1.25
121,Oslo,2024-07-09,0,576,4.47,15,,1.0,,,,,1.0,,,1.0,,1.0,,1.0,,,,,,,,,,,1.0,1.0,,,,,,6.2,8.5,5.5,8.5,4.0,1.25
122,Oslo,2024-07-09,0,768,,,2.0,1.0,1.0,,1.0,,1.0,,1.0,1.0,1.0,1.0,1.0,1.0,,,1.0,1.0,,,1.0,1.0,,1.0,1.0,,,1.0,,,,6.2,8.5,5.5,8.5,4.0,1.25
123,Oslo,2024-07-09,0,768,,,,1.0,1.0,1.0,1.0,,1.0,1.0,1.0,1.0,1.0,1.0,1.0,1.0,1.0,1.0,1.0,1.0,1.0,1.0,1.0,1.0,1.0,,1.0,,,,,,,6.2,8.5,5.5,8.5,4.0,1.25
124,Oslo,2024-07-09,0,767,4.50,4,3.0,1.0,,,,,1.0,,1.0,1.0,1.0,1.0,,1.0,,,,,,,,,1.0,,,1.0,,,,,,6.2,8.5,5.5,8.5,4.0,1.25
125,Oslo,2024-07-09,0,461,4.40,5,,1.0,1.0,,,,1.0,,1.0,1.0,1.0,1.0,1.0,1.0,,1.0,,,,,,,,,1.0,1.0,,,,,,6.2,8.5,5.5,8.5,4.0,1.25
126,Oslo,2024-07-09,0,384,,,,2.0,,,,,,,1.0,1.0,1.0,1.0,,1.0,,,,,,,,,,,,1.0,,,,,,6.2,8.5,5.5,8.5,4.0,1.25
127,Oslo,2024-07-09,0,576,4.51,35,2.0,2.0,1.0,,1.0,1.0,,,1.0,1.0,1.0,1.0,,,,,,,1.0,,,,,,1.0,,,,,,,6.2,8.5,5.5,8.5,4.0,1.25
128,Oslo,2024-07-09,0,695,4.83,6,,2.0,1.0,,1.0,,1.0,,1.0,1.0,,1.0,1.0,1.0,1.0,1.0,1.0,1.0,1.0,,1.0,,1.0,,1.0,,,,,,,6.2,8.5,5.5,8.5,4.0,1.25
129,Oslo,2024-07-09,0,768,,,4.0,2.0,,,,,1.0,,1.0,1.0,1.0,1.0,1.0,,,,,,,,,,,,,1.0,,,,,,6.2,8.5,5.5,8.5,4.0,1.25
130,Oslo,2024-07-09,0,864,,,,1.0,,,,,,,1.0,1.0,1.0,1.0,,1.0,,,,,,,,,,1.0,,1.0,,1.0,,,,6.2,8.5,5.5,8.5,4.0,1.25
131,Oslo,2024-07-09,0,315,4.61,570,,1.0,1.0,1.0,,,1.0,,1.0,1.0,1.0,1.0,,,,,,,,,,,,,,1.0,,,,,,6.2,8.5,5.5,8.5,4.0,1.25
132,Oslo,2024-07-09,0,465,,,,1.0,,,,,1.0,,1.0,1.0,1.0,1.0,,1.0,,,,,,,,,,,,,,,,,,6.2,8.5,5.5,8.5,4.0,1.25
133,Oslo,2024-07-09,0,575,4.71,14,,2.0,1.0,,1.0,,1.0,1.0,1.0,1.0,1.0,1.0,1.0,1.0,1.0,1.0,1.0,1.0,1.0,1.0,1.0,1.0,1.0,,1.0,,1.0,,,,,6.2,8.5,5.5,8.5,4.0,1.25
134,Oslo,2024-07-09,0,768,,,2.0,2.0,,,,,1.0,1.0,1.0,1.0,1.0,1.0,,1.0,,,,,,,,,,,,,,,,,,6.2,8.5,5.5,8.5,4.0,1.25
135,Oslo,2024-07-09,0,614,,,,2.0,,,,,,,1.0,1.0,1.0,1.0,,1.0,,,,,,,,,,,1.0,,,,,,,6.2,8.5,5.5,8.5,4.0,1.25
136,Oslo,2024-07-09,0,383,,,,1.0,1.0,,1.0,,1.0,,1.0,1.0,1.0,,,1.0,,1.0,,,1.0,,,,,,,1.0,,,,,,6.2,8.5,5.5,8.5,4.0,1.25
137,Oslo,2024-07-09,0,441,,,,1.0,1.0,,,,1.0,1.0,,,,1.0,,,,,1.0,1.0,,,,,,,1.0,,,,,,,6.2,8.5,5.5,8.5,4.0,1.25
138,Oslo,2024-07-09,0,687,4.79,24,1.0,1.0,1.0,,,,1.0,,1.0,1.0,1.0,,,,,1.0,,,,,1.0,,,,,,,,1.0,,,6.2,8.5,5.5,8.5,4.0,1.25
139,Oslo,2024-07-09,0,622,,,,1.0,1.0,,1.0,,1.0,,1.0,1.0,1.0,1.0,1.0,1.0,,1.0,,,1.0,,,,,,1.0,1.0,,,1.0,,,6.2,8.5,5.5,8.5,4.0,1.25
140,Oslo,2024-07-09,0,499,,,,1.0,,,,,1.0,,1.0,1.0,1.0,1.0,1.0,1.0,,,,,,,,,,,,1.0,,,,,1.0,6.2,8.5,5.5,8.5,4.0,1.25
141,Oslo,2024-07-09,0,500,5.0,4,,1.0,,,,,1.0,,,1.0,1.0,1.0,,1.0,,,,,,,,,,,,1.0,,,,,,6.2,8.5,5.5,8.5,4.0,1.25
142,Oslo,2024-07-09,0,741,4.64,14,2.0,1.0,1.0,,1.0,,1.0,,1.0,1.0,1.0,1.0,1.0,,,1.0,1.0,1.0,,,1.0,1.0,1.0,,1.0,1.0,,,,,,6.2,8.5,5.5,8.5,4.0,1.25
143,Oslo,2024-07-09,0,614,,,,1.0,1.0,1.0,,,,,1.0,1.0,1.0,1.0,,1.0,,,,,,,,,,,,1.0,,,,,,6.2,8.5,5.5,8.5,4.0,1.25
144,Oslo,2024-07-09,0,538,,,,1.0,1.0,,1.0,1.0,1.0,,1.0,1.0,1.0,1.0,1.0,1.0,,,,,,,1.0,1.0,,,1.0,1.0,,,1.0,,,6.2,8.5,5.5,8.5,4.0,1.25
145,Oslo,2024-07-09,0,614,,,2.0,1.0,,,,,1.0,,1.0,1.0,1.0,1.0,,,,,,,,,,,,,,1.0,,,,,,6.2,8.5,5.5,8.5,4.0,1.25
146,Oslo,2024-07-09,0,729,5.0,5,1.0,1.0,1.0,,,,1.0,,1.0,1.0,1.0,,,,,1.0,,,,,1.0,,,1.0,,,,,1.0,,,6.2,8.5,5.5,8.5,4.0,1.25
147,Oslo,2024-07-09,0,487,,,,2.0,,,,,,,,1.0,,,,,,,,,,,,,,1.0,,,,1.0,,,,6.2,8.5,5.5,8.5,4.0,1.25
148,Oslo,2024-07-09,0,729,4.43,28,4.0,2.0,,,,,1.0,,1.0,1.0,,1.0,1.0,1.0,,,,,1.0,1.0,1.0,,1.0,,1.0,,,,,,,6.2,8.5,5.5,8.5,4.0,1.25
149,Oslo,2024-07-09,0,376,,,,1.0,,,,,1.0,,1.0,1.0,1.0,1.0,1.0,1.0,,,,,,,,,,,,1.0,,,,,,6.2,8.5,5.5,8.5,4.0,1.25
150,Oslo,2024-07-09,0,653,,,4.0,1.0,,,,,,,1.0,1.0,1.0,1.0,,1.0,,,,,,,,,,,,1.0,,,,,,6.2,8.5,5.5,8.5,4.0,1.25
151,Oslo,2024-07-09,0,767,4.11,36,2.0,1.0,,,,,,,1.0,,,,,,,,,,,,,,,,,,,,,,,6.2,8.5,5.5,8.5,4.0,1.25
152,Oslo,2024-07-09,0,768,4.67,12,2.0,1.0,1.0,,1.0,,,1.0,1.0,1.0,1.0,1.0,,1.0,,,1.0,1.0,,,,1.0,,1.0,1.0,,,1.0,,,,6.2,8.5,5.5,8.5,4.0,1.25
153,Oslo,2024-07-09,0,614,,,,1.0,,,,,1.0,,1.0,1.0,1.0,1.0,,1.0,,,,,,,,,,,1.0,1.0,,,,,,6.2,8.5,5.5,8.5,4.0,1.25
154,Oslo,2024-07-09,0,500,4.53,15,,1.0,,,,,1.0,,1.0,1.0,1.0,1.0,1.0,,,,,,,,,,,,1.0,1.0,,,,,,6.2,8.5,5.5,8.5,4.0,1.25
155,Oslo,2024-07-09,0,633,,,2.0,1.0,,,,,,,1.0,1.0,1.0,1.0,1.0,,,,,,,,,,,,,1.0,,,,,,6.2,8.5,5.5,8.5,4.0,1.25
156,Oslo,2024-07-09,0,582,4.83,6,,1.0,,1.0,1.0,,1.0,,1.0,1.0,1.0,1.0,1.0,1.0,,,1.0,1.0,1.0,1.0,1.0,1.0,,,1.0,1.0,,,,,,6.2,8.5,5.5,8.5,4.0,1.25
157,Oslo,2024-07-09,0,899,,,,1.0,1.0,,,1.0,,,1.0,1.0,1.0,1.0,1.0,1.0,,,,,,,1.0,,,,1.0,1.0,,,,,,6.2,8.5,5.5,8.5,4.0,1.25
158,Oslo,2024-07-09,0,653,4.82,11,2.0,1.0,1.0,1.0,1.0,,1.0,,1.0,1.0,1.0,1.0,1.0,1.0,,,1.0,1.0,,,1.0,,1.0,1.0,1.0,,,1.0,1.0,,,6.2,8.5,5.5,8.5,4.0,1.25
159,Oslo,2024-07-09,0,346,4.57,87,,1.0,1.0,,1.0,,1.0,,1.0,1.0,1.0,1.0,,,,,,,,,,,,,,1.0,,,,,,6.2,8.5,5.5,8.5,4.0,1.25
160,Oslo,2024-07-09,0,461,,,,1.0,1.0,1.0,1.0,1.0,1.0,,1.0,1.0,1.0,1.0,1.0,1.0,,1.0,1.0,1.0,1.0,,1.0,1.0,1.0,,1.0,1.0,,,,,,6.2,8.5,5.5,8.5,4.0,1.25
161,Oslo,2024-07-09,0,469,,,,1.0,1.0,,,,1.0,,1.0,1.0,1.0,1.0,,1.0,,1.0,,,,,,,1.0,1.0,,1.0,,1.0,,,,6.2,8.5,5.5,8.5,4.0,1.25
162,Oslo,2024-07-09,0,675,,,,2.0,1.0,1.0,1.0,,1.0,1.0,1.0,1.0,,1.0,1.0,1.0,,1.0,,,1.0,1.0,1.0,,1.0,1.0,1.0,,,1.0,,,,6.2,8.5,5.5,8.5,4.0,1.25
163,Oslo,2024-07-09,0,538,,,,1.0,,,,,1.0,1.0,1.0,1.0,1.0,1.0,,,,,,,1.0,,,,1.0,,,1.0,,,,,,6.2,8.5,5.5,8.5,4.0,1.25
164,Oslo,2024-07-09,0,394,,,,1.0,,,,,1.0,,,1.0,1.0,1.0,,1.0,1.0,,,,,,,,,,,1.0,,,1.0,1.0,,6.2,8.5,5.5,8.5,4.0,1.25
165,Oslo,2024-07-09,0,291,,,,1.0,1.0,,1.0,1.0,1.0,,1.0,1.0,1.0,1.0,1.0,1.0,,1.0,1.0,1.0,1.0,,1.0,1.0,1.0,,1.0,1.0,,,,,,6.2,8.5,5.5,8.5,4.0,1.25
166,Oslo,2024-07-09,0,729,5.0,7,,1.0,,,,,1.0,,,1.0,,1.0,1.0,1.0,,,,,,,,,,,1.0,1.0,,,,,,6.2,8.5,5.5,8.5,4.0,1.25
167,Oslo,2024-07-09,0,499,4.83,18,,1.0,,,,,1.0,,1.0,1.0,1.0,1.0,1.0,1.0,,,,,,,,,,1.0,1.0,1.0,,1.0,,,,6.2,8.5,5.5,8.5,4.0,1.25
168,Oslo,2024-07-09,0,768,,,,1.0,1.0,,,,1.0,,1.0,1.0,1.0,1.0,1.0,1.0,,1.0,,,,,1.0,,,,1.0,1.0,,,,,,6.2,8.5,5.5,8.5,4.0,1.25
169,Oslo,2024-07-09,0,730,,,,,1.0,1.0,1.0,1.0,1.0,,1.0,1.0,,1.0,1.0,1.0,1.0,1.0,1.0,1.0,1.0,,1.0,1.0,,,1.0,1.0,,,,,,6.2,8.5,5.5,8.5,4.0,1.25
170,Oslo,2024-07-09,0,499,,,,1.0,1.0,,1.0,,1.0,,1.0,1.0,1.0,1.0,1.0,1.0,,,,,,1.0,1.0,1.0,,,1.0,1.0,,,,,,6.2,8.5,5.5,8.5,4.0,1.25
171,Oslo,2024-07-09,0,537,,,,1.0,1.0,,1.0,1.0,1.0,,1.0,1.0,1.0,1.0,1.0,1.0,,,1.0,1.0,,,1.0,1.0,,,1.0,1.0,,,,,,6.2,8.5,5.5,8.5,4.0,1.25
172,Oslo,2024-07-09,0,653,,,4.0,2.0,,,,,1.0,,1.0,1.0,1.0,1.0,,1.0,1.0,,,,,,,,,,1.0,1.0,,,,,,6.2,8.5,5.5,8.5,4.0,1.25
173,Oslo,2024-07-09,0,253,,,,1.0,,,,,,,1.0,1.0,1.0,,,,,,,,,,,,,,,,,,,,,6.2,8.5,5.5,8.5,4.0,1.25
174,Oslo,2024-07-09,0,384,,,,3.0,,,,,1.0,1.0,1.0,1.0,1.0,1.0,1.0,1.0,,,,,,,,,,,,1.0,,,,,,6.2,8.5,5.5,8.5,4.0,1.25
175,Oslo,2024-07-09,0,768,5.0,3,,1.0,,,,,,,1.0,1.0,1.0,1.0,1.0,,,,,,,,,,,,,1.0,,,,,,6.2,8.5,5.5,8.5,4.0,1.25
176,Oslo,2024-07-09,0,460,4.50,4,,1.0,,,,,,,1.0,1.0,1.0,1.0,,,,,,,,,,,,,1.0,,,,,,,6.2,8.5,5.5,8.5,4.0,1.25
177,Oslo,2024-07-09,0,595,,,4.0,3.0,1.0,1.0,,,1.0,,1.0,1.0,,1.0,1.0,1.0,,,1.0,1.0,1.0,1.0,1.0,,1.0,,1.0,,1.0,,,,,6.2,8.5,5.5,8.5,4.0,1.25
178,Oslo,2024-07-09,0,460,4.33,6,,1.0,,,,,,,1.0,1.0,1.0,1.0,,,,,,,,,,,,,1.0,,,,,,,6.2,8.5,5.5,8.5,4.0,1.25
179,Oslo,2024-07-09,0,730,4.83,6,,1.0,1.0,1.0,1.0,1.0,1.0,,1.0,1.0,1.0,1.0,,1.0,,1.0,,,1.0,,1.0,1.0,,,1.0,1.0,,,,,,6.2,8.5,5.5,8.5,4.0,1.25
180,Oslo,2024-07-09,0,384,4.60,5,,1.0,1.0,,1.0,,,,1.0,1.0,1.0,1.0,,1.0,,1.0,,,,,,,1.0,,,1.0,,,,,,6.2,8.5,5.5,8.5,4.0,1.25
181,Oslo,2024-07-09,0,767,,,,1.0,1.0,,1.0,,1.0,,1.0,1.0,1.0,1.0,1.0,1.0,,1.0,,,1.0,1.0,1.0,1.0,,,1.0,,,,,,,6.2,8.5,5.5,8.5,4.0,1.25
182,Oslo,2024-07-09,0,653,,,,1.0,,,,,1.0,,1.0,1.0,1.0,1.0,1.0,1.0,,,,,,,,,,,,1.0,,,,,,6.2,8.5,5.5,8.5,4.0,1.25
183,Oslo,2024-07-09,0,652,5.0,3,,1.0,,,,,1.0,,1.0,1.0,1.0,1.0,,1.0,,,,,,,,,,,1.0,1.0,,,,,,6.2,8.5,5.5,8.5,4.0,1.25
184,Oslo,2024-07-09,0,691,,,,1.0,,,,,1.0,,1.0,1.0,1.0,1.0,,1.0,,,,,,,,,,,,1.0,,,1.0,,,6.2,8.5,5.5,8.5,4.0,1.25
185,Oslo,2024-07-09,0,426,,,,1.0,,,,,1.0,,1.0,1.0,1.0,1.0,,1.0,,,,,,,,,,,,1.0,,,,,,6.2,8.5,5.5,8.5,4.0,1.25
186,Oslo,2024-07-09,0,434,,,,2.0,,,,,1.0,1.0,1.0,1.0,1.0,1.0,1.0,1.0,,,,,,,,,,,,1.0,,,,,,6.2,8.5,5.5,8.5,4.0,1.25
187,Oslo,2024-07-09,0,747,,,2.0,1.0,,,,,1.0,,,1.0,1.0,1.0,,,1.0,,,,,,,,,,,1.0,,,,,,6.2,8.5,5.5,8.5,4.0,1.25
188,Oslo,2024-07-09,0,653,,,3.0,2.0,,,,,,,1.0,,,1.0,1.0,,,,,,,,,,,,,,,,,,,6.2,8.5,5.5,8.5,4.0,1.25
189,Oslo,2024-07-09,0,484,,,,1.0,,,,,1.0,,1.0,1.0,1.0,1.0,,1.0,,,,,,,,,,,,1.0,,,,,,6.2,8.5,5.5,8.5,4.0,1.25
190,Oslo,2024-07-09,0,768,4.50,14,,1.0,1.0,1.0,1.0,,1.0,,1.0,1.0,1.0,1.0,1.0,1.0,,1.0,1.0,1.0,1.0,,1.0,1.0,1.0,,1.0,,,,,,,6.2,8.5,5.5,8.5,4.0,1.25
191,Oslo,2024-07-09,0,499,,,,1.0,,,,,1.0,,,1.0,1.0,1.0,1.0,1.0,,,,,,,,,,,,1.0,,,,,,6.2,8.5,5.5,8.5,4.0,1.25
192,Oslo,2024-07-09,0,567,,,,1.0,1.0,,,,,,1.0,1.0,1.0,1.0,,,,,1.0,1.0,1.0,,,,,,,1.0,,,,,,6.2,8.5,5.5,8.5,4.0,1.25
193,Oslo,2024-07-09,0,576,,,,1.0,,,,,1.0,,,,,,,1.0,,,,,,,,,,,,,,,,,,6.2,8.5,5.5,8.5,4.0,1.25
194,Oslo,2024-07-09,0,629,4.0,4,5.0,1.0,1.0,1.0,1.0,1.0,1.0,,1.0,1.0,1.0,1.0,1.0,1.0,1.0,,1.0,1.0,1.0,1.0,1.0,1.0,1.0,,1.0,1.0,,,,,1.0,6.2,8.5,5.5,8.5,4.0,1.25
195,Oslo,2024-07-09,0,384,,,,1.0,,,,,,,1.0,1.0,1.0,1.0,,,,,,,,,,,,,1.0,,,,,,,6.2,8.5,5.5,8.5,4.0,1.25
196,Oslo,2024-07-09,0,660,,,,1.0,1.0,1.0,1.0,1.0,1.0,,1.0,1.0,1.0,1.0,,1.0,,1.0,,,1.0,,1.0,,,1.0,,1.0,,1.0,,,,6.2,8.5,5.5,8.5,4.0,1.25
197,Oslo,2024-07-09,0,499,,,,1.0,,,,,1.0,,1.0,1.0,1.0,1.0,1.0,1.0,,,,,,,,,,,,1.0,,,,,,6.2,8.5,5.5,8.5,4.0,1.25
198,Oslo,2024-07-09,0,322,4.78,33,,1.0,1.0,1.0,,,1.0,1.0,1.0,1.0,1.0,1.0,,1.0,,,,,,,,,,,,1.0,,,,,,6.2,8.5,5.5,8.5,4.0,1.25
199,Oslo,2024-07-09,0,453,4.42,77,,3.0,1.0,1.0,1.0,1.0,,,,1.0,1.0,1.0,,1.0,,1.0,,,1.0,,,,,1.0,,,,1.0,,,,6.2,8.5,5.5,8.5,4.0,1.25
200,Oslo,2024-07-09,0,768,4.81,21,,1.0,1.0,,1.0,,1.0,,1.0,1.0,1.0,1.0,1.0,1.0,,,1.0,1.0,1.0,,,,,,1.0,1.0,,,,,,6.2,8.5,5.5,8.5,4.0,1.25
201,Oslo,2024-07-09,0,476,,,,1.0,1.0,,,,1.0,,1.0,1.0,1.0,1.0,,1.0,,1.0,,,,,,,,,1.0,1.0,,,,,,6.2,8.5,5.5,8.5,4.0,1.25
202,Oslo,2024-07-09,0,602,,,,2.0,,,,,1.0,,1.0,1.0,1.0,1.0,,1.0,,,,,,,,,,,1.0,1.0,,,,,,6.2,8.5,5.5,8.5,4.0,1.25
203,Oslo,2024-07-09,0,492,5.0,6,3.0,2.0,1.0,,,,1.0,,1.0,,,1.0,,1.0,1.0,,1.0,1.0,,,1.0,,1.0,,,,,,,,,6.2,8.5,5.5,8.5,4.0,1.25
204,Oslo,2024-07-09,0,467,,,,1.0,1.0,1.0,1.0,,1.0,1.0,1.0,1.0,1.0,1.0,1.0,1.0,1.0,1.0,1.0,1.0,1.0,,1.0,1.0,1.0,,1.0,,,,,,,6.2,8.5,5.5,8.5,4.0,1.25
205,Oslo,2024-07-09,0,572,,,2.0,1.0,,,,,1.0,,1.0,1.0,1.0,1.0,1.0,1.0,,,,,,,,,,,,1.0,,,,,,6.2,8.5,5.5,8.5,4.0,1.25
206,Oslo,2024-07-09,0,691,,,2.0,3.0,,,,,1.0,,1.0,,,,1.0,,,,,,,,,,1.0,,,,1.0,,,,,6.2,8.5,5.5,8.5,4.0,1.25
207,Oslo,2024-07-09,0,729,4.0,4,,2.0,1.0,,1.0,,1.0,,1.0,1.0,,1.0,,1.0,,,,,,,,,,,,1.0,,,1.0,,,6.2,8.5,5.5,8.5,4.0,1.25
208,Oslo,2024-07-09,0,468,,,,1.0,1.0,,1.0,,1.0,,1.0,1.0,,1.0,1.0,1.0,1.0,,,,1.0,1.0,,,1.0,,1.0,,,,,,,6.2,8.5,5.5,8.5,4.0,1.25
209,Oslo,2024-07-09,0,576,,,,1.0,,,,,,,1.0,1.0,1.0,1.0,,1.0,,,,,,,,,,,,1.0,,,,,,6.2,8.5,5.5,8.5,4.0,1.25
210,Oslo,2024-07-09,0,931,,,,2.0,,,,,,,,1.0,1.0,1.0,,1.0,,,,,,,,,,,,1.0,,,,,,6.2,8.5,5.5,8.5,4.0,1.25
211,Oslo,2024-07-09,0,691,,,,1.0,,,,,1.0,1.0,1.0,1.0,1.0,1.0,,1.0,,,,,,,,,,,,1.0,,,,,,6.2,8.5,5.5,8.5,4.0,1.25
212,Oslo,2024-07-09,0,691,,,1.0,1.0,1.0,,,,1.0,1.0,1.0,1.0,1.0,1.0,1.0,1.0,,,1.0,1.0,,1.0,1.0,,1.0,,1.0,,,,,,,6.2,8.5,5.5,8.5,4.0,1.25
213,Oslo,2024-07-09,0,699,3.67,3,8.0,8.0,1.0,1.0,1.0,,1.0,1.0,1.0,1.0,1.0,1.0,1.0,1.0,1.0,1.0,1.0,1.0,1.0,1.0,1.0,1.0,1.0,1.0,1.0,,,1.0,,,,6.2,8.5,5.5,8.5,4.0,1.25
214,Oslo,2024-07-09,0,468,4.70,57,,3.0,1.0,1.0,1.0,,,,,1.0,1.0,,,1.0,,1.0,,,1.0,,,,,1.0,,1.0,,1.0,,,,6.2,8.5,5.5,8.5,4.0,1.25
215,Oslo,2024-07-09,0,691,,,2.0,1.0,,,,,,,1.0,1.0,1.0,1.0,,,,,,,,,,,,,,,,,,,,6.2,8.5,5.5,8.5,4.0,1.25
216,Oslo,2024-07-09,0,395,3.75,4,,4.0,1.0,1.0,,,1.0,,1.0,1.0,1.0,1.0,1.0,1.0,,,,,,,,,,,1.0,1.0,,,,,,6.2,8.5,5.5,8.5,4.0,1.25
217,Oslo,2024-07-09,0,461,4.42,36,,3.0,1.0,1.0,1.0,,,,,1.0,1.0,1.0,,1.0,,1.0,,,1.0,,,,,1.0,,,,1.0,,,,6.2,8.5,5.5,8.5,4.0,1.25
218,Oslo,2024-07-09,0,768,5.0,4,2.0,,,,,,,,,,,,,,,,,,,,,,,,,,,,,,,6.2,8.5,5.5,8.5,4.0,1.25
219,Oslo,2024-07-09,0,768,,,2.0,1.0,1.0,,,,,1.0,1.0,,,1.0,1.0,1.0,,,,,,,,,1.0,,,,,,,,,6.2,8.5,5.5,8.5,4.0,1.25
220,Oslo,2024-07-09,0,614,,,,,1.0,1.0,1.0,1.0,1.0,,1.0,1.0,1.0,1.0,1.0,1.0,,,1.0,1.0,1.0,1.0,1.0,1.0,1.0,,1.0,1.0,,,,,,6.2,8.5,5.5,8.5,4.0,1.25
221,Oslo,2024-07-09,0,768,,,2.0,1.0,1.0,1.0,1.0,,1.0,1.0,1.0,1.0,,1.0,,,,,1.0,1.0,,,,,,,1.0,,,,,,,6.2,8.5,5.5,8.5,4.0,1.25
222,Oslo,2024-07-09,0,538,,,16.0,8.0,,,,,1.0,1.0,,1.0,1.0,1.0,1.0,1.0,,,,,,,,,,,1.0,,1.0,,,,,6.2,8.5,5.5,8.5,4.0,1.25
223,Oslo,2024-07-09,0,426,,,,1.0,,,,,1.0,,1.0,1.0,1.0,1.0,,,,,,,,,,,,,,1.0,,,,,,6.2,8.5,5.5,8.5,4.0,1.25
224,Oslo,2024-07-09,0,1152,4.80,15,2.0,1.0,1.0,1.0,1.0,,1.0,1.0,1.0,1.0,1.0,1.0,,1.0,,1.0,1.0,1.0,,1.0,,1.0,,1.0,1.0,,,1.0,,,,6.2,8.5,5.5,8.5,4.0,1.25
225,Oslo,2024-07-09,0,860,5.0,9,2.0,1.0,1.0,1.0,1.0,1.0,1.0,,1.0,1.0,1.0,1.0,1.0,1.0,,1.0,1.0,1.0,,1.0,1.0,1.0,,,1.0,1.0,,,,,,6.2,8.5,5.5,8.5,4.0,1.25
226,Oslo,2024-07-09,0,858,4.88,16,2.0,1.0,1.0,1.0,1.0,1.0,1.0,,1.0,1.0,1.0,1.0,1.0,1.0,1.0,1.0,1.0,1.0,,1.0,,1.0,,,1.0,,,,,,,6.2,8.5,5.5,8.5,4.0,1.25
227,Oslo,2024-07-09,0,837,4.91,293,,2.0,1.0,1.0,1.0,1.0,1.0,1.0,1.0,1.0,,1.0,1.0,1.0,1.0,1.0,1.0,1.0,1.0,,1.0,,,1.0,,,,1.0,,,,6.2,8.5,5.5,8.5,4.0,1.25
228,Oslo,2024-07-09,0,936,,,2.0,1.0,1.0,,1.0,1.0,1.0,,1.0,1.0,1.0,1.0,,1.0,,1.0,1.0,1.0,1.0,1.0,,,1.0,,1.0,,,,,,,6.2,8.5,5.5,8.5,4.0,1.25
229,Oslo,2024-07-09,0,902,4.94,66,4.0,2.0,1.0,,1.0,,1.0,1.0,1.0,1.0,1.0,1.0,1.0,1.0,,1.0,1.0,1.0,1.0,1.0,,1.0,1.0,1.0,1.0,,,,,,,6.2,8.5,5.5,8.5,4.0,1.25
230,Oslo,2024-07-09,0,1182,,,3.0,1.0,1.0,,1.0,,1.0,,1.0,1.0,1.0,1.0,1.0,1.0,,1.0,1.0,1.0,1.0,,,1.0,,,,1.0,,,,,,6.2,8.5,5.5,8.5,4.0,1.25
231,Oslo,2024-07-09,0,875,4.78,9,2.0,1.0,,,,,,,1.0,1.0,1.0,1.0,1.0,1.0,,,,,,,,,,,1.0,1.0,,,,,,6.2,8.5,5.5,8.5,4.0,1.25
232,Oslo,2024-07-09,0,868,4.48,73,2.0,1.0,1.0,,1.0,,,1.0,1.0,1.0,1.0,1.0,1.0,1.0,1.0,,1.0,1.0,1.0,1.0,1.0,1.0,1.0,1.0,1.0,1.0,,1.0,,,,6.2,8.5,5.5,8.5,4.0,1.25
233,Oslo,2024-07-09,0,1190,,,4.0,2.0,1.0,1.0,1.0,,1.0,1.0,1.0,1.0,1.0,1.0,1.0,1.0,1.0,,1.0,1.0,1.0,,1.0,1.0,1.0,1.0,1.0,1.0,1.0,1.0,,,,6.2,8.5,5.5,8.5,4.0,1.25
234,Oslo,2024-07-09,0,883,,,5.0,4.0,,,,,1.0,,1.0,1.0,1.0,1.0,1.0,1.0,,,,,,,,,,,,1.0,1.0,,1.0,,,6.2,8.5,5.5,8.5,4.0,1.25
235,Oslo,2024-07-09,0,921,,,2.0,1.0,1.0,,,,,,1.0,1.0,,1.0,,1.0,,1.0,,,,,,,,,1.0,1.0,,,,,,6.2,8.5,5.5,8.5,4.0,1.25
236,Oslo,2024-07-09,0,806,,,4.0,2.0,1.0,,,1.0,1.0,,1.0,1.0,1.0,1.0,1.0,1.0,,,1.0,1.0,,,,,,,,1.0,,,,,,6.2,8.5,5.5,8.5,4.0,1.25
237,Oslo,2024-07-09,0,878,,,2.0,2.0,1.0,,1.0,1.0,1.0,,1.0,1.0,1.0,1.0,1.0,,1.0,1.0,,,,,1.0,,,,1.0,1.0,,,,,,6.2,8.5,5.5,8.5,4.0,1.25
238,Oslo,2024-07-09,0,1075,,,2.0,1.0,1.0,1.0,1.0,,1.0,1.0,1.0,1.0,,1.0,1.0,1.0,1.0,1.0,1.0,1.0,1.0,,1.0,1.0,,1.0,1.0,,,,,,,6.2,8.5,5.5,8.5,4.0,1.25
239,Oslo,2024-07-09,0,845,,,4.0,2.0,,,,,,,1.0,1.0,,1.0,1.0,,,,,,,,,,,,,1.0,,,,,,6.2,8.5,5.5,8.5,4.0,1.25
240,Oslo,2024-07-09,0,845,4.77,26,6.0,2.0,1.0,1.0,1.0,,1.0,,1.0,1.0,1.0,1.0,,1.0,,1.0,1.0,1.0,1.0,1.0,1.0,,1.0,1.0,1.0,,,1.0,,,,6.2,8.5,5.5,8.5,4.0,1.25
241,Oslo,2024-07-09,0,875,,,3.0,2.0,1.0,1.0,1.0,1.0,1.0,1.0,1.0,1.0,1.0,1.0,1.0,1.0,1.0,1.0,1.0,1.0,,1.0,1.0,1.0,1.0,,1.0,1.0,,,,,,6.2,8.5,5.5,8.5,4.0,1.25
242,Oslo,2024-07-09,0,899,4.51,75,4.0,2.0,1.0,,1.0,,1.0,,1.0,1.0,1.0,1.0,,,,1.0,1.0,1.0,1.0,1.0,1.0,,,,1.0,,,,,,,6.2,8.5,5.5,8.5,4.0,1.25
243,Oslo,2024-07-09,0,1190,4.82,17,7.0,4.0,1.0,,,,1.0,1.0,1.0,1.0,1.0,1.0,1.0,1.0,1.0,1.0,,,,,,,,1.0,1.0,1.0,1.0,,,,,6.2,8.5,5.5,8.5,4.0,1.25
244,Oslo,2024-07-09,0,921,4.89,9,2.0,1.0,,,,,1.0,,1.0,1.0,1.0,1.0,1.0,1.0,,,,,,,,,,,,1.0,,,,,,6.2,8.5,5.5,8.5,4.0,1.25
245,Oslo,2024-07-09,0,844,,,2.0,1.0,1.0,1.0,1.0,1.0,1.0,1.0,1.0,1.0,1.0,1.0,1.0,1.0,1.0,1.0,1.0,1.0,1.0,1.0,1.0,1.0,1.0,,1.0,,,,,,,6.2,8.5,5.5,8.5,4.0,1.25
246,Oslo,2024-07-09,0,1213,5.0,6,3.0,1.0,1.0,1.0,1.0,1.0,1.0,,1.0,1.0,1.0,1.0,1.0,1.0,,1.0,,,1.0,1.0,1.0,1.0,1.0,,1.0,1.0,,,,,,6.2,8.5,5.5,8.5,4.0,1.25
247,Oslo,2024-07-09,0,1244,4.63,134,4.0,2.0,1.0,1.0,1.0,1.0,1.0,,1.0,1.0,1.0,1.0,1.0,1.0,,1.0,1.0,1.0,1.0,,1.0,1.0,,,1.0,,,,,,,6.2,8.5,5.5,8.5,4.0,1.25
248,Oslo,2024-07-09,0,921,5.0,3,3.0,2.0,,,,,1.0,,1.0,1.0,1.0,1.0,,,,,,,,,,,,1.0,,1.0,,1.0,1.0,,,6.2,8.5,5.5,8.5,4.0,1.25
249,Oslo,2024-07-09,0,922,5.0,9,3.0,1.0,1.0,1.0,1.0,,1.0,1.0,1.0,1.0,1.0,1.0,1.0,1.0,1.0,,,,1.0,,1.0,1.0,,,1.0,,,,,,,6.2,8.5,5.5,8.5,4.0,1.25
250,Oslo,2024-07-09,0,806,5.0,5,3.0,1.0,1.0,1.0,1.0,,1.0,1.0,1.0,1.0,1.0,1.0,,1.0,,1.0,1.0,1.0,1.0,1.0,1.0,1.0,,,1.0,,,,,,,6.2,8.5,5.5,8.5,4.0,1.25
251,Oslo,2024-07-09,0,994,4.50,12,3.0,2.0,,,,,1.0,,1.0,1.0,1.0,1.0,1.0,1.0,,,,,,,,,,,,1.0,,,,,,6.2,8.5,5.5,8.5,4.0,1.25
252,Oslo,2024-07-09,0,1152,5.0,4,2.0,1.0,1.0,1.0,1.0,1.0,1.0,1.0,1.0,1.0,1.0,1.0,1.0,1.0,,1.0,1.0,1.0,1.0,1.0,1.0,1.0,,1.0,1.0,1.0,,1.0,,,,6.2,8.5,5.5,8.5,4.0,1.25
253,Oslo,2024-07-09,0,806,4.97,32,,1.0,1.0,1.0,1.0,,1.0,1.0,1.0,1.0,,1.0,1.0,1.0,1.0,1.0,1.0,1.0,1.0,1.0,,1.0,,1.0,1.0,,,1.0,,,,6.2,8.5,5.5,8.5,4.0,1.25
254,Oslo,2024-07-09,0,899,,,,1.0,1.0,1.0,1.0,,1.0,1.0,1.0,1.0,,1.0,1.0,1.0,1.0,1.0,1.0,1.0,1.0,1.0,1.0,1.0,,1.0,1.0,,,1.0,,,,6.2,8.5,5.5,8.5,4.0,1.25
255,Oslo,2024-07-09,0,1113,5.0,3,2.0,1.0,1.0,1.0,1.0,,1.0,1.0,1.0,1.0,1.0,1.0,1.0,1.0,,1.0,1.0,1.0,1.0,1.0,,,,1.0,1.0,1.0,,1.0,,,,6.2,8.5,5.5,8.5,4.0,1.25
256,Oslo,2024-07-09,0,1166,,,4.0,2.0,1.0,1.0,1.0,,1.0,1.0,1.0,1.0,1.0,1.0,1.0,1.0,,1.0,1.0,1.0,1.0,1.0,1.0,1.0,,,1.0,1.0,,,,,,6.2,8.5,5.5,8.5,4.0,1.25
257,Oslo,2024-07-09,0,848,4.86,21,,1.0,1.0,1.0,1.0,,1.0,1.0,1.0,1.0,,1.0,1.0,1.0,,1.0,1.0,1.0,1.0,1.0,1.0,1.0,1.0,1.0,1.0,,,1.0,,,,6.2,8.5,5.5,8.5,4.0,1.25
258,Oslo,2024-07-09,0,998,,,2.0,1.0,1.0,,,,1.0,,1.0,1.0,1.0,1.0,1.0,1.0,,1.0,,,,,,,,,1.0,1.0,1.0,,1.0,,,6.2,8.5,5.5,8.5,4.0,1.25
259,Oslo,2024-07-09,0,843,,,2.0,1.0,1.0,1.0,,,,,1.0,1.0,1.0,1.0,1.0,1.0,,,,,,,,1.0,,,,1.0,,,,,,6.2,8.5,5.5,8.5,4.0,1.25
260,Oslo,2024-07-09,0,845,4.74,302,2.0,1.0,1.0,,1.0,1.0,,,1.0,1.0,1.0,1.0,,1.0,,1.0,,,1.0,,,,1.0,1.0,1.0,,,1.0,,,,6.2,8.5,5.5,8.5,4.0,1.25
261,Oslo,2024-07-09,0,845,4.42,12,4.0,2.0,1.0,,1.0,,1.0,,1.0,1.0,1.0,1.0,,1.0,,,1.0,1.0,1.0,,1.0,1.0,1.0,1.0,1.0,1.0,,1.0,1.0,,,6.2,8.5,5.5,8.5,4.0,1.25
262,Oslo,2024-07-09,0,802,4.76,92,2.0,1.0,1.0,1.0,1.0,1.0,1.0,1.0,1.0,1.0,1.0,,,1.0,,1.0,,,1.0,1.0,1.0,,1.0,,,,,,1.0,1.0,,6.2,8.5,5.5,8.5,4.0,1.25
263,Oslo,2024-07-09,0,845,,,3.0,1.0,,,,,1.0,,1.0,1.0,1.0,1.0,1.0,1.0,1.0,,,,,,,,,,1.0,1.0,,,1.0,,,6.2,8.5,5.5,8.5,4.0,1.25
264,Oslo,2024-07-09,0,1075,4.60,5,2.0,2.0,1.0,,1.0,,1.0,,1.0,1.0,1.0,1.0,,1.0,,1.0,,,1.0,,,,1.0,1.0,,1.0,,,,,,6.2,8.5,5.5,8.5,4.0,1.25
265,Oslo,2024-07-09,0,813,,,4.0,2.0,1.0,1.0,1.0,,1.0,,1.0,1.0,1.0,1.0,1.0,1.0,1.0,1.0,1.0,1.0,1.0,1.0,1.0,1.0,,,1.0,1.0,,,1.0,,,6.2,8.5,5.5,8.5,4.0,1.25
266,Oslo,2024-07-09,0,916,4.86,7,4.0,2.0,1.0,1.0,1.0,,1.0,1.0,1.0,1.0,,1.0,1.0,1.0,1.0,,1.0,1.0,1.0,,1.0,1.0,1.0,1.0,1.0,,,1.0,,,,6.2,8.5,5.5,8.5,4.0,1.25
267,Oslo,2024-07-09,0,998,5.0,6,2.0,1.0,,,,,1.0,,1.0,1.0,1.0,1.0,1.0,1.0,1.0,,,,,,1.0,,,,1.0,1.0,,,,,,6.2,8.5,5.5,8.5,4.0,1.25
268,Oslo,2024-07-09,0,941,4.50,8,2.0,1.0,,,,,1.0,,1.0,1.0,,1.0,1.0,1.0,1.0,,,,,,,,,1.0,1.0,,,1.0,,,,6.2,8.5,5.5,8.5,4.0,1.25
269,Oslo,2024-07-09,0,1132,,,4.0,2.0,1.0,1.0,1.0,,1.0,1.0,1.0,1.0,1.0,1.0,1.0,1.0,1.0,,1.0,1.0,1.0,1.0,1.0,1.0,1.0,1.0,,,,1.0,,,,6.2,8.5,5.5,8.5,4.0,1.25
270,Oslo,2024-07-09,0,1026,,,2.0,1.0,1.0,1.0,1.0,,1.0,1.0,1.0,1.0,,1.0,1.0,1.0,,1.0,1.0,1.0,1.0,,,1.0,1.0,,1.0,,,,,,,6.2,8.5,5.5,8.5,4.0,1.25
271,Oslo,2024-07-09,0,845,4.86,14,2.0,1.0,1.0,,1.0,,1.0,,1.0,1.0,1.0,1.0,1.0,1.0,,1.0,1.0,1.0,,,1.0,1.0,1.0,1.0,1.0,,,1.0,,,,6.2,8.5,5.5,8.5,4.0,1.25
272,Oslo,2024-07-09,0,967,,,2.0,1.0,1.0,,,1.0,1.0,1.0,1.0,1.0,1.0,1.0,1.0,,,,1.0,1.0,,,1.0,,,,,1.0,,,,,,6.2,8.5,5.5,8.5,4.0,1.25
273,Oslo,2024-07-09,0,1036,5.0,4,2.0,1.0,1.0,1.0,1.0,,1.0,,1.0,1.0,1.0,1.0,1.0,,,1.0,1.0,1.0,1.0,1.0,,1.0,,,1.0,1.0,,,,,,6.2,8.5,5.5,8.5,4.0,1.25
274,Oslo,2024-07-09,0,1133,4.78,32,4.0,2.0,1.0,1.0,1.0,1.0,1.0,1.0,1.0,1.0,,1.0,1.0,1.0,,1.0,1.0,1.0,1.0,1.0,1.0,1.0,,1.0,1.0,,,,,,,6.2,8.5,5.5,8.5,4.0,1.25
275,Oslo,2024-07-09,0,1075,4.86,7,3.0,2.0,1.0,,1.0,,1.0,1.0,1.0,1.0,1.0,1.0,1.0,1.0,,1.0,,,1.0,,,1.0,,,1.0,1.0,,,,,,6.2,8.5,5.5,8.5,4.0,1.25
276,Oslo,2024-07-09,0,998,5.0,3,2.0,1.0,1.0,1.0,1.0,,1.0,1.0,1.0,1.0,1.0,1.0,1.0,1.0,1.0,1.0,1.0,1.0,1.0,,,1.0,,,1.0,1.0,,,,,,6.2,8.5,5.5,8.5,4.0,1.25
277,Oslo,2024-07-09,0,1258,4.92,24,,1.0,1.0,1.0,1.0,,1.0,,1.0,1.0,1.0,1.0,1.0,1.0,1.0,1.0,1.0,1.0,1.0,1.0,1.0,1.0,1.0,,1.0,1.0,,,1.0,1.0,,6.2,8.5,5.5,8.5,4.0,1.25
278,Oslo,2024-07-09,0,991,4.83,6,,1.0,1.0,1.0,1.0,,1.0,1.0,1.0,1.0,1.0,1.0,1.0,1.0,1.0,1.0,1.0,1.0,1.0,,,,1.0,,1.0,,,,,,,6.2,8.5,5.5,8.5,4.0,1.25
279,Oslo,2024-07-09,0,845,4.74,27,2.0,1.0,1.0,1.0,1.0,,1.0,,1.0,1.0,1.0,1.0,,,,1.0,1.0,1.0,,,1.0,1.0,,,1.0,1.0,,,,,,6.2,8.5,5.5,8.5,4.0,1.25
280,Oslo,2024-07-09,0,945,4.94,152,,1.0,1.0,,1.0,,1.0,,1.0,1.0,1.0,1.0,,1.0,,1.0,,,,1.0,1.0,1.0,,,1.0,1.0,,,1.0,,,6.2,8.5,5.5,8.5,4.0,1.25
281,Oslo,2024-07-09,0,1137,,,4.0,3.0,1.0,1.0,1.0,1.0,1.0,1.0,1.0,1.0,1.0,1.0,1.0,1.0,,1.0,1.0,1.0,1.0,1.0,1.0,1.0,,,1.0,,,,,,,6.2,8.5,5.5,8.5,4.0,1.25
282,Oslo,2024-07-09,0,1048,,,3.0,1.0,1.0,1.0,1.0,,1.0,,1.0,1.0,1.0,1.0,1.0,1.0,,1.0,1.0,1.0,1.0,,,1.0,1.0,,1.0,1.0,,,,,,6.2,8.5,5.5,8.5,4.0,1.25
283,Oslo,2024-07-09,0,1152,4.75,4,2.0,1.0,1.0,,,1.0,1.0,1.0,1.0,1.0,1.0,1.0,1.0,1.0,,1.0,,,1.0,,1.0,1.0,,1.0,,,,1.0,,,,6.2,8.5,5.5,8.5,4.0,1.25
284,Oslo,2024-07-09,0,914,4.70,23,3.0,1.0,1.0,,,,1.0,,1.0,1.0,,1.0,1.0,1.0,,1.0,,,,,,,,1.0,1.0,1.0,,1.0,,,,6.2,8.5,5.5,8.5,4.0,1.25
285,Oslo,2024-07-09,0,914,4.67,18,4.0,2.0,1.0,1.0,1.0,1.0,,1.0,1.0,1.0,1.0,1.0,1.0,1.0,,,1.0,1.0,1.0,,1.0,1.0,1.0,,1.0,,,,,,,6.2,8.5,5.5,8.5,4.0,1.25
286,Oslo,2024-07-09,0,999,4.75,4,2.0,1.0,1.0,1.0,1.0,1.0,1.0,,1.0,1.0,1.0,1.0,1.0,1.0,,1.0,1.0,1.0,1.0,,1.0,1.0,,1.0,1.0,1.0,,1.0,1.0,,,6.2,8.5,5.5,8.5,4.0,1.25
287,Oslo,2024-07-09,0,960,4.92,12,2.0,1.0,1.0,1.0,1.0,,1.0,,1.0,1.0,1.0,1.0,1.0,1.0,,,,,,,1.0,1.0,,,1.0,1.0,,,,,1.0,6.2,8.5,5.5,8.5,4.0,1.25
288,Oslo,2024-07-09,0,1113,5.0,22,2.0,1.0,1.0,,1.0,1.0,1.0,,1.0,1.0,1.0,1.0,1.0,1.0,,,1.0,1.0,,,,,,,1.0,1.0,,,,,,6.2,8.5,5.5,8.5,4.0,1.25
289,Oslo,2024-07-09,0,1113,4.80,5,3.0,2.0,1.0,1.0,,,,1.0,1.0,1.0,1.0,1.0,1.0,1.0,,,1.0,1.0,1.0,,,,1.0,,1.0,1.0,,,,,,6.2,8.5,5.5,8.5,4.0,1.25
290,Oslo,2024-07-09,0,993,5.0,5,6.0,2.0,1.0,1.0,,1.0,1.0,1.0,1.0,1.0,1.0,1.0,1.0,1.0,,1.0,1.0,1.0,1.0,,1.0,,1.0,1.0,1.0,1.0,,1.0,,,,6.2,8.5,5.5,8.5,4.0,1.25
291,Oslo,2024-07-09,0,875,3.75,4,4.0,2.0,1.0,,1.0,,1.0,,1.0,,,1.0,,1.0,,,,,1.0,,,1.0,1.0,1.0,,1.0,,1.0,1.0,,,6.2,8.5,5.5,8.5,4.0,1.25
292,Oslo,2024-07-09,0,1075,,,3.0,1.0,1.0,1.0,1.0,,1.0,1.0,1.0,1.0,1.0,1.0,1.0,1.0,,1.0,1.0,1.0,1.0,1.0,1.0,1.0,,1.0,1.0,1.0,,1.0,,,,6.2,8.5,5.5,8.5,4.0,1.25
293,Oslo,2024-07-09,0,1010,5.0,3,2.0,1.0,,,,,1.0,,1.0,1.0,1.0,1.0,1.0,1.0,,,,,,,,,,,,1.0,,,,,,6.2,8.5,5.5,8.5,4.0,1.25
294,Oslo,2024-07-09,0,1227,4.43,7,2.0,2.0,1.0,,1.0,,,1.0,1.0,1.0,1.0,1.0,1.0,1.0,,,1.0,1.0,1.0,,,1.0,1.0,,1.0,1.0,,,,,,6.2,8.5,5.5,8.5,4.0,1.25
295,Oslo,2024-07-09,0,875,4.11,9,3.0,2.0,,,,,1.0,,1.0,1.0,1.0,1.0,,1.0,1.0,,,,,,,,1.0,1.0,,1.0,,1.0,,,,6.2,8.5,5.5,8.5,4.0,1.25
296,Oslo,2024-07-09,0,1181,,,4.0,6.0,1.0,1.0,1.0,,1.0,1.0,1.0,1.0,,1.0,1.0,1.0,,1.0,1.0,1.0,1.0,1.0,,1.0,1.0,1.0,1.0,,,,,,,6.2,8.5,5.5,8.5,4.0,1.25
297,Oslo,2024-07-09,0,1152,4.71,24,4.0,2.0,,,,,1.0,,1.0,1.0,1.0,1.0,,1.0,,,,,,,,,,,,1.0,,,,,,6.2,8.5,5.5,8.5,4.0,1.25
298,Oslo,2024-07-09,0,982,4.80,5,4.0,2.0,1.0,1.0,1.0,,1.0,,1.0,1.0,1.0,1.0,1.0,1.0,,,1.0,1.0,1.0,1.0,,1.0,,1.0,1.0,1.0,,1.0,,,,6.2,8.5,5.5,8.5,4.0,1.25
299,Oslo,2024-07-09,0,1460,,,3.0,1.0,1.0,,,,1.0,,1.0,1.0,1.0,1.0,1.0,,,1.0,,,,,,,,,1.0,1.0,,,,,,6.2,8.5,5.5,8.5,4.0,1.25
300,Oslo,2024-07-09,0,845,,,2.0,1.0,,,,,,,1.0,1.0,1.0,1.0,1.0,1.0,,,,,,,,,1.0,,,1.0,,,,,,6.2,8.5,5.5,8.5,4.0,1.25
301,Oslo,2024-07-09,0,832,,,,3.0,1.0,1.0,1.0,1.0,,1.0,1.0,1.0,1.0,1.0,,1.0,,1.0,,,,1.0,1.0,1.0,,,1.0,1.0,,,,,,6.2,8.5,5.5,8.5,4.0,1.25
302,Oslo,2024-07-09,0,1220,5.0,3,4.0,2.0,1.0,1.0,1.0,,1.0,1.0,1.0,1.0,,1.0,1.0,1.0,,1.0,1.0,1.0,1.0,1.0,1.0,1.0,1.0,1.0,,,,1.0,,,,6.2,8.5,5.5,8.5,4.0,1.25
303,Oslo,2024-07-09,0,921,,,4.0,1.0,1.0,1.0,1.0,,1.0,1.0,1.0,1.0,1.0,1.0,1.0,1.0,,1.0,1.0,1.0,,1.0,1.0,1.0,1.0,1.0,1.0,,1.0,1.0,,,,6.2,8.5,5.5,8.5,4.0,1.25
304,Oslo,2024-07-09,0,1121,4.43,7,2.0,1.0,1.0,,1.0,1.0,1.0,,1.0,1.0,1.0,1.0,,1.0,,1.0,1.0,1.0,,,,,,,,1.0,1.0,,,,,6.2,8.5,5.5,8.5,4.0,1.25
305,Oslo,2024-07-09,0,1170,4.88,66,1.0,1.0,1.0,1.0,1.0,1.0,1.0,,1.0,1.0,1.0,1.0,,1.0,,1.0,1.0,1.0,1.0,,,,,1.0,1.0,,,,,,,6.2,8.5,5.5,8.5,4.0,1.25
306,Oslo,2024-07-09,0,1228,,,4.0,2.0,,,,,1.0,,1.0,1.0,1.0,1.0,1.0,1.0,,,,,,,,,,,,1.0,1.0,,,,,6.2,8.5,5.5,8.5,4.0,1.25
307,Oslo,2024-07-09,0,1114,,,4.0,1.0,1.0,,,,1.0,,1.0,1.0,1.0,1.0,1.0,1.0,1.0,1.0,,,,,,,,,1.0,1.0,,,,,,6.2,8.5,5.5,8.5,4.0,1.25
308,Oslo,2024-07-09,0,1036,4.91,11,2.0,1.0,1.0,,1.0,,1.0,1.0,1.0,1.0,1.0,1.0,,1.0,,,1.0,1.0,1.0,1.0,,1.0,,,,1.0,,,,,,6.2,8.5,5.5,8.5,4.0,1.25
309,Oslo,2024-07-09,0,1113,5.0,16,2.0,1.0,1.0,,1.0,,1.0,,1.0,1.0,1.0,1.0,,,,,,,1.0,,1.0,,,,1.0,1.0,,,,,,6.2,8.5,5.5,8.5,4.0,1.25
310,Oslo,2024-07-09,0,922,5.0,3,2.0,1.0,,,,,1.0,,1.0,1.0,,1.0,,,,,,,,,,,,,1.0,,,,,,,6.2,8.5,5.5,8.5,4.0,1.25
311,Oslo,2024-07-09,0,882,5.0,3,2.0,1.0,,,,,1.0,1.0,1.0,1.0,1.0,1.0,,1.0,,,,,,,,1.0,,,,1.0,,,,,,6.2,8.5,5.5,8.5,4.0,1.25
312,Oslo,2024-07-09,0,1075,,,2.0,1.0,1.0,1.0,1.0,,1.0,,1.0,1.0,1.0,1.0,1.0,,,1.0,1.0,1.0,1.0,1.0,,,,,1.0,,,,,,,6.2,8.5,5.5,8.5,4.0,1.25
313,Oslo,2024-07-09,0,1152,,,3.0,2.0,1.0,1.0,,,1.0,,1.0,1.0,1.0,1.0,,,,1.0,1.0,1.0,,,1.0,1.0,1.0,,1.0,1.0,,,,,,6.2,8.5,5.5,8.5,4.0,1.25
314,Oslo,2024-07-09,0,807,4.63,351,,1.0,1.0,1.0,1.0,1.0,1.0,1.0,1.0,1.0,1.0,1.0,1.0,1.0,,1.0,,,1.0,,1.0,1.0,,,1.0,1.0,,,1.0,,,6.2,8.5,5.5,8.5,4.0,1.25
315,Oslo,2024-07-09,0,1075,,,4.0,2.0,1.0,1.0,1.0,1.0,1.0,1.0,1.0,1.0,1.0,1.0,1.0,,,1.0,1.0,1.0,1.0,1.0,1.0,,,,1.0,,,,,,,6.2,8.5,5.5,8.5,4.0,1.25
316,Oslo,2024-07-09,0,1056,4.36,11,2.0,1.0,1.0,,,,,,1.0,1.0,1.0,1.0,1.0,1.0,,,1.0,1.0,,,,,,1.0,,,,1.0,,,,6.2,8.5,5.5,8.5,4.0,1.25
317,Oslo,2024-07-09,0,806,5.0,3,2.0,1.0,,,,,1.0,,1.0,1.0,1.0,1.0,,,,,,,,,,,,,1.0,,,,,,,6.2,8.5,5.5,8.5,4.0,1.25
318,Oslo,2024-07-09,0,929,5.0,3,4.0,2.0,1.0,,,,1.0,,1.0,1.0,1.0,1.0,1.0,1.0,,1.0,,,,,,,,1.0,1.0,1.0,,1.0,,,,6.2,8.5,5.5,8.5,4.0,1.25
319,Oslo,2024-07-09,0,1190,4.88,157,4.0,1.0,1.0,1.0,1.0,1.0,,,1.0,1.0,1.0,1.0,1.0,1.0,1.0,1.0,,,1.0,,1.0,,1.0,,1.0,,,,,,,6.2,8.5,5.5,8.5,4.0,1.25
320,Oslo,2024-07-09,0,938,,,3.0,1.0,1.0,1.0,1.0,1.0,1.0,1.0,1.0,1.0,1.0,1.0,,1.0,,1.0,1.0,1.0,1.0,,1.0,,,1.0,1.0,,,1.0,,,,6.2,8.5,5.5,8.5,4.0,1.25
321,Oslo,2024-07-09,0,946,,,4.0,2.0,,,,,1.0,,1.0,1.0,1.0,1.0,1.0,1.0,1.0,,,,,,1.0,,,,1.0,1.0,,,,,,6.2,8.5,5.5,8.5,4.0,1.25
322,Oslo,2024-07-09,0,805,,,,1.0,1.0,1.0,1.0,1.0,1.0,1.0,,1.0,1.0,1.0,1.0,1.0,1.0,,1.0,1.0,1.0,1.0,1.0,1.0,1.0,,1.0,,,,,,,6.2,8.5,5.5,8.5,4.0,1.25
323,Oslo,2024-07-09,0,958,,,4.0,2.0,1.0,1.0,1.0,1.0,1.0,,1.0,1.0,1.0,1.0,1.0,1.0,,1.0,1.0,1.0,1.0,,1.0,1.0,,,,1.0,,,,,,6.2,8.5,5.5,8.5,4.0,1.25
324,Oslo,2024-07-09,0,845,5.0,29,,1.0,1.0,,,,1.0,,1.0,1.0,1.0,1.0,1.0,,,1.0,,,,,1.0,,,1.0,1.0,,,1.0,,,,6.2,8.5,5.5,8.5,4.0,1.25
325,Oslo,2024-07-09,0,1028,,,,1.0,1.0,,1.0,,1.0,1.0,1.0,1.0,1.0,1.0,1.0,1.0,1.0,1.0,1.0,1.0,1.0,1.0,,1.0,,,1.0,1.0,,,,,,6.2,8.5,5.5,8.5,4.0,1.25
326,Oslo,2024-07-09,0,829,4.66,32,4.0,2.0,,,,,1.0,,,,,1.0,1.0,,1.0,,,,,,,,,,1.0,,,,,,,6.2,8.5,5.5,8.5,4.0,1.25
327,Oslo,2024-07-09,0,1075,,,2.0,1.0,1.0,,,,1.0,,1.0,1.0,1.0,1.0,1.0,,,1.0,,,,,,,,,1.0,1.0,,,,,,6.2,8.5,5.5,8.5,4.0,1.25
328,Oslo,2024-07-09,0,929,,,2.0,1.0,1.0,1.0,1.0,,,,1.0,1.0,1.0,1.0,1.0,1.0,1.0,,1.0,1.0,1.0,1.0,1.0,,1.0,1.0,1.0,,,1.0,,,,6.2,8.5,5.5,8.5,4.0,1.25
329,Oslo,2024-07-09,0,844,4.62,42,,2.0,1.0,1.0,1.0,,1.0,,1.0,1.0,1.0,1.0,1.0,1.0,1.0,,1.0,1.0,1.0,,,,,,,,,,,,,6.2,8.5,5.5,8.5,4.0,1.25
330,Oslo,2024-07-09,0,1463,,,2.0,2.0,1.0,1.0,1.0,,1.0,,1.0,1.0,1.0,1.0,1.0,1.0,1.0,1.0,1.0,1.0,,,,,,,1.0,1.0,,,,,,6.2,8.5,5.5,8.5,4.0,1.25
331,Oslo,2024-07-09,0,921,,,,2.0,1.0,1.0,1.0,,1.0,,1.0,1.0,1.0,1.0,1.0,1.0,1.0,1.0,1.0,1.0,1.0,1.0,1.0,,1.0,,1.0,,,,,,,6.2,8.5,5.5,8.5,4.0,1.25
332,Oslo,2024-07-09,0,1006,,,2.0,1.0,1.0,1.0,,1.0,1.0,1.0,1.0,1.0,1.0,1.0,1.0,1.0,,1.0,1.0,1.0,1.0,1.0,,1.0,,,1.0,1.0,1.0,,,,,6.2,8.5,5.5,8.5,4.0,1.25
333,Oslo,2024-07-09,0,1067,4.33,3,2.0,1.0,,,,,1.0,,1.0,1.0,1.0,1.0,1.0,,1.0,,,,,,,,,,,,,,,,,6.2,8.5,5.5,8.5,4.0,1.25
334,Oslo,2024-07-09,0,1037,,,2.0,1.0,1.0,1.0,1.0,,1.0,1.0,1.0,1.0,,1.0,1.0,1.0,,1.0,1.0,1.0,1.0,1.0,,1.0,,1.0,1.0,,,1.0,,,,6.2,8.5,5.5,8.5,4.0,1.25
335,Oslo,2024-07-09,0,1152,5.0,3,2.0,1.0,1.0,1.0,1.0,1.0,1.0,,1.0,1.0,1.0,1.0,,1.0,,1.0,1.0,1.0,,1.0,1.0,1.0,,1.0,1.0,1.0,,1.0,,,,6.2,8.5,5.5,8.5,4.0,1.25
336,Oslo,2024-07-09,0,816,,,2.0,1.0,1.0,1.0,1.0,1.0,1.0,1.0,1.0,1.0,1.0,1.0,,1.0,1.0,,1.0,1.0,1.0,1.0,1.0,1.0,,,1.0,1.0,,,,,,6.2,8.5,5.5,8.5,4.0,1.25
337,Oslo,2024-07-09,0,1228,4.92,13,2.0,1.0,1.0,1.0,1.0,,1.0,1.0,1.0,1.0,1.0,1.0,1.0,1.0,,,1.0,1.0,1.0,,1.0,1.0,1.0,1.0,1.0,,,,,,,6.2,8.5,5.5,8.5,4.0,1.25
338,Oslo,2024-07-09,0,1228,,,4.0,2.0,1.0,,1.0,1.0,1.0,1.0,1.0,1.0,1.0,1.0,1.0,1.0,,1.0,1.0,1.0,1.0,1.0,1.0,1.0,1.0,,1.0,1.0,,,,,,6.2,8.5,5.5,8.5,4.0,1.25
339,Oslo,2024-07-09,0,891,4.61,23,,1.0,1.0,,1.0,,1.0,1.0,1.0,1.0,,,1.0,1.0,,1.0,,,,,,,,,,,,,1.0,,,6.2,8.5,5.5,8.5,4.0,1.25
340,Oslo,2024-07-09,0,960,,,3.0,2.0,,,,,1.0,,1.0,1.0,1.0,1.0,,1.0,,,,,,,,,,,1.0,1.0,,,1.0,,,6.2,8.5,5.5,8.5,4.0,1.25
341,Oslo,2024-07-09,0,806,,,3.0,1.0,1.0,,,,1.0,1.0,1.0,1.0,1.0,1.0,1.0,1.0,,,1.0,1.0,,1.0,,,,,1.0,1.0,,,,,,6.2,8.5,5.5,8.5,4.0,1.25
342,Oslo,2024-07-09,0,845,4.94,17,2.0,1.0,1.0,1.0,1.0,,1.0,1.0,1.0,1.0,,1.0,,,1.0,1.0,1.0,1.0,,,,,,1.0,1.0,,,1.0,,,,6.2,8.5,5.5,8.5,4.0,1.25
343,Oslo,2024-07-09,0,1075,,,2.0,1.0,1.0,,,,1.0,1.0,1.0,1.0,1.0,1.0,1.0,1.0,,1.0,,,,,,1.0,1.0,,1.0,1.0,,,,,,6.2,8.5,5.5,8.5,4.0,1.25
344,Oslo,2024-07-09,0,844,4.33,6,3.0,1.0,,,,,,,1.0,1.0,1.0,1.0,,,,,,,,,,,,,,1.0,,,,,,6.2,8.5,5.5,8.5,4.0,1.25
345,Oslo,2024-07-09,0,806,,,,1.0,1.0,1.0,1.0,,1.0,1.0,1.0,1.0,1.0,1.0,1.0,1.0,1.0,1.0,1.0,1.0,1.0,1.0,1.0,1.0,1.0,1.0,,,,1.0,,1.0,,6.2,8.5,5.5,8.5,4.0,1.25
346,Oslo,2024-07-09,0,1152,5.0,4,4.0,2.0,1.0,,1.0,,1.0,,1.0,1.0,1.0,1.0,1.0,1.0,1.0,,1.0,1.0,,,,1.0,1.0,,1.0,1.0,,,1.0,,,6.2,8.5,5.5,8.5,4.0,1.25
347,Oslo,2024-07-09,0,998,,,,1.0,1.0,,1.0,,,,1.0,1.0,,1.0,1.0,1.0,,,1.0,1.0,,1.0,,1.0,,,1.0,,,,,,,6.2,8.5,5.5,8.5,4.0,1.25
348,Oslo,2024-07-09,0,874,,,2.0,1.0,,,,,,,1.0,1.0,1.0,1.0,,,,,,,,,,,,,,,,,,,,6.2,8.5,5.5,8.5,4.0,1.25
349,Oslo,2024-07-09,0,1236,,,5.0,3.0,1.0,,,,1.0,,1.0,1.0,1.0,1.0,,1.0,1.0,1.0,,,,,,,,1.0,1.0,1.0,,,1.0,,,6.2,8.5,5.5,8.5,4.0,1.25
350,Oslo,2024-07-09,0,1060,4.43,14,3.0,2.0,1.0,,1.0,,1.0,,1.0,1.0,1.0,1.0,1.0,1.0,,1.0,1.0,1.0,1.0,1.0,,,1.0,1.0,1.0,,,1.0,,,,6.2,8.5,5.5,8.5,4.0,1.25
351,Oslo,2024-07-09,0,1152,5.0,8,2.0,1.0,1.0,1.0,1.0,,1.0,1.0,1.0,1.0,1.0,1.0,1.0,1.0,,,1.0,1.0,1.0,1.0,,1.0,1.0,,1.0,1.0,,,,,1.0,6.2,8.5,5.5,8.5,4.0,1.25
352,Oslo,2024-07-09,0,1152,4.68,22,2.0,1.0,,,,,1.0,,1.0,1.0,1.0,1.0,1.0,1.0,,,,,,,,,,,1.0,1.0,,,1.0,,,6.2,8.5,5.5,8.5,4.0,1.25
353,Oslo,2024-07-09,0,906,4.30,63,2.0,2.0,1.0,,,,1.0,,1.0,1.0,1.0,1.0,,1.0,,1.0,1.0,1.0,1.0,,,,,1.0,1.0,1.0,,,,,,6.2,8.5,5.5,8.5,4.0,1.25
354,Oslo,2024-07-09,0,1075,4.50,12,2.0,1.0,1.0,1.0,1.0,,1.0,,1.0,1.0,1.0,1.0,1.0,1.0,1.0,,1.0,1.0,1.0,1.0,1.0,1.0,1.0,1.0,1.0,1.0,,1.0,1.0,,,6.2,8.5,5.5,8.5,4.0,1.25
355,Oslo,2024-07-09,0,1075,5.0,3,3.0,1.0,1.0,,,,1.0,,1.0,1.0,1.0,1.0,,1.0,1.0,1.0,,,,,,,1.0,,,1.0,,,,,,6.2,8.5,5.5,8.5,4.0,1.25
356,Oslo,2024-07-09,0,1082,4.80,10,2.0,1.0,1.0,,,,,,1.0,,,1.0,,1.0,,1.0,,,,,,,,1.0,1.0,1.0,,,,,,6.2,8.5,5.5,8.5,4.0,1.25
357,Oslo,2024-07-09,0,874,,,2.0,1.0,1.0,1.0,1.0,,1.0,,1.0,1.0,1.0,1.0,1.0,1.0,,1.0,,,1.0,1.0,1.0,1.0,,,1.0,1.0,,,1.0,,,6.2,8.5,5.5,8.5,4.0,1.25
358,Oslo,2024-07-09,0,1075,,,3.0,1.0,,,,,1.0,,1.0,1.0,1.0,1.0,1.0,1.0,,,,,,,,1.0,,1.0,1.0,1.0,,,,,,6.2,8.5,5.5,8.5,4.0,1.25
359,Oslo,2024-07-09,0,1213,,,,1.0,,,,,1.0,,1.0,1.0,1.0,1.0,1.0,1.0,,,,,,,1.0,,1.0,,1.0,1.0,1.0,,1.0,,,6.2,8.5,5.5,8.5,4.0,1.25
360,Oslo,2024-07-09,0,1036,,,2.0,1.0,1.0,,1.0,,1.0,,1.0,1.0,1.0,1.0,1.0,1.0,1.0,,,,1.0,,,,,1.0,1.0,1.0,,1.0,,,,6.2,8.5,5.5,8.5,4.0,1.25
361,Oslo,2024-07-09,0,1155,,,2.0,1.0,,,,,1.0,,1.0,1.0,1.0,1.0,1.0,1.0,,,,,,,,,,,1.0,1.0,,,,,,6.2,8.5,5.5,8.5,4.0,1.25
362,Oslo,2024-07-09,0,845,,,3.0,1.0,,,,,1.0,,1.0,1.0,1.0,1.0,1.0,1.0,,,,,,,,,,,,1.0,,,,,,6.2,8.5,5.5,8.5,4.0,1.25
363,Oslo,2024-07-09,0,1152,,,1.0,1.0,1.0,,1.0,,1.0,1.0,1.0,1.0,1.0,1.0,1.0,1.0,,1.0,1.0,1.0,,1.0,,,,,1.0,1.0,,,,,,6.2,8.5,5.5,8.5,4.0,1.25
364,Oslo,2024-07-09,0,914,,,2.0,1.0,,,,,1.0,1.0,1.0,1.0,1.0,1.0,,1.0,,,,,,,,,,,1.0,,,,,,,6.2,8.5,5.5,8.5,4.0,1.25
365,Oslo,2024-07-09,0,1228,,,,1.0,1.0,,1.0,,1.0,,1.0,1.0,,1.0,1.0,,1.0,1.0,,,1.0,,,,,,1.0,1.0,,,,,,6.2,8.5,5.5,8.5,4.0,1.25
366,Oslo,2024-07-09,0,991,,,1.0,1.0,,,,,,,,,,1.0,1.0,1.0,,,,,,,,,,,,1.0,,,,,,6.2,8.5,5.5,8.5,4.0,1.25
367,Oslo,2024-07-09,0,799,,,,1.0,1.0,,1.0,,,,1.0,1.0,1.0,1.0,1.0,1.0,1.0,,,,,,1.0,1.0,1.0,,1.0,,,,,,,6.2,8.5,5.5,8.5,4.0,1.25
368,Oslo,2024-07-09,0,891,4.13,8,5.0,2.0,,,,,1.0,,1.0,1.0,1.0,1.0,,1.0,,,,,,,,,,1.0,1.0,1.0,,1.0,,,,6.2,8.5,5.5,8.5,4.0,1.25
369,Oslo,2024-07-09,0,907,,,2.0,1.0,1.0,1.0,1.0,,1.0,1.0,1.0,1.0,1.0,1.0,,1.0,,,1.0,1.0,1.0,,,1.0,,,,1.0,,,,,,6.2,8.5,5.5,8.5,4.0,1.25
370,Oslo,2024-07-09,0,1108,5.0,8,,1.0,1.0,1.0,1.0,1.0,1.0,1.0,1.0,1.0,,1.0,1.0,1.0,,1.0,1.0,1.0,,1.0,1.0,1.0,,,1.0,,,,,,,6.2,8.5,5.5,8.5,4.0,1.25
371,Oslo,2024-07-09,0,1152,5.0,4,2.0,1.0,1.0,1.0,1.0,1.0,1.0,1.0,1.0,1.0,1.0,1.0,1.0,,,,1.0,1.0,1.0,,1.0,1.0,,,1.0,,,,,,,6.2,8.5,5.5,8.5,4.0,1.25
372,Oslo,2024-07-09,0,1148,3.73,11,4.0,3.0,1.0,1.0,1.0,1.0,1.0,,1.0,1.0,1.0,1.0,1.0,1.0,,1.0,1.0,1.0,1.0,1.0,1.0,,1.0,1.0,1.0,1.0,,1.0,1.0,1.0,,6.2,8.5,5.5,8.5,4.0,1.25
373,Oslo,2024-07-09,0,1036,5.0,4,2.0,1.0,1.0,,1.0,,1.0,1.0,1.0,1.0,1.0,1.0,1.0,1.0,,,,,,1.0,,1.0,,1.0,1.0,1.0,,1.0,,,,6.2,8.5,5.5,8.5,4.0,1.25
374,Oslo,2024-07-09,0,1238,,,4.0,2.0,,,,,1.0,,1.0,1.0,1.0,1.0,1.0,1.0,1.0,,,,,,,,,1.0,1.0,1.0,,,1.0,,,6.2,8.5,5.5,8.5,4.0,1.25
375,Oslo,2024-07-09,0,1228,5.0,3,4.0,3.0,,,,,1.0,,1.0,1.0,1.0,1.0,,1.0,,,,,,,1.0,,,,,1.0,,,1.0,,,6.2,8.5,5.5,8.5,4.0,1.25
376,Oslo,2024-07-09,0,1228,,,4.0,2.0,,,,,1.0,,1.0,1.0,1.0,1.0,1.0,1.0,,,,,,,,,,,,1.0,,,,,,6.2,8.5,5.5,8.5,4.0,1.25
377,Oslo,2024-07-09,0,1241,,,,2.0,1.0,1.0,1.0,,,1.0,1.0,1.0,1.0,1.0,1.0,1.0,,1.0,,,,,1.0,,,,1.0,,,,,,,6.2,8.5,5.5,8.5,4.0,1.25
378,Oslo,2024-07-09,0,845,4.33,3,2.0,1.0,1.0,1.0,1.0,1.0,1.0,1.0,1.0,1.0,1.0,1.0,1.0,1.0,,,1.0,1.0,,,1.0,,,1.0,1.0,1.0,,1.0,,,,6.2,8.5,5.5,8.5,4.0,1.25
379,Oslo,2024-07-09,0,1036,5.0,3,5.0,10.0,1.0,,,,1.0,1.0,1.0,1.0,1.0,1.0,1.0,1.0,1.0,1.0,,,,,1.0,,,1.0,,1.0,,1.0,1.0,,,6.2,8.5,5.5,8.5,4.0,1.25
380,Oslo,2024-07-09,0,1228,,,2.0,1.0,1.0,,1.0,,1.0,1.0,1.0,1.0,1.0,1.0,1.0,1.0,,1.0,1.0,1.0,,1.0,,1.0,1.0,,1.0,1.0,,,,,,6.2,8.5,5.5,8.5,4.0,1.25
381,Oslo,2024-07-09,0,845,5.0,3,4.0,2.0,,,,,1.0,,1.0,1.0,1.0,1.0,1.0,1.0,,,,,,,1.0,,,,1.0,1.0,,,,,,6.2,8.5,5.5,8.5,4.0,1.25
382,Oslo,2024-07-09,0,845,5.0,4,3.0,2.0,,,,,1.0,,1.0,1.0,1.0,1.0,1.0,1.0,,,,,,,,,,,1.0,,,,,,,6.2,8.5,5.5,8.5,4.0,1.25
383,Oslo,2024-07-09,0,883,,,2.0,1.0,,,,,,,1.0,1.0,,,1.0,1.0,1.0,,,,,,,,1.0,,,,,,,,,6.2,8.5,5.5,8.5,4.0,1.25
384,Oslo,2024-07-09,0,1075,,,4.0,2.0,1.0,1.0,,1.0,1.0,1.0,1.0,1.0,1.0,1.0,1.0,1.0,,1.0,1.0,1.0,1.0,1.0,,1.0,,,1.0,1.0,,,,,,6.2,8.5,5.5,8.5,4.0,1.25
385,Oslo,2024-07-09,0,845,,,,1.0,1.0,,1.0,,1.0,1.0,1.0,1.0,1.0,1.0,1.0,1.0,1.0,1.0,,,1.0,,,,,,1.0,,1.0,,,,,6.2,8.5,5.5,8.5,4.0,1.25
386,Oslo,2024-07-09,0,845,,,2.0,1.0,1.0,1.0,1.0,,1.0,1.0,1.0,1.0,1.0,1.0,1.0,1.0,,1.0,1.0,1.0,1.0,,1.0,1.0,,,1.0,1.0,,,,,,6.2,8.5,5.5,8.5,4.0,1.25
387,Oslo,2024-07-09,0,884,,,,1.0,1.0,,1.0,,1.0,,1.0,1.0,1.0,1.0,1.0,1.0,,1.0,,,,,,,,1.0,,1.0,,1.0,1.0,,,6.2,8.5,5.5,8.5,4.0,1.25
388,Oslo,2024-07-09,0,922,5.0,19,,1.0,1.0,,1.0,,1.0,,1.0,1.0,1.0,1.0,,1.0,,1.0,,,1.0,,1.0,1.0,,,1.0,1.0,,,,,,6.2,8.5,5.5,8.5,4.0,1.25
389,Oslo,2024-07-09,0,960,,,2.0,1.0,,,,,1.0,,1.0,1.0,1.0,1.0,,1.0,,,,,,,,,,,,1.0,,,,,,6.2,8.5,5.5,8.5,4.0,1.25
390,Oslo,2024-07-09,0,1152,5.0,4,,1.0,1.0,,,,1.0,1.0,1.0,1.0,1.0,1.0,,,,1.0,,,,,,,,,,1.0,,,,,,6.2,8.5,5.5,8.5,4.0,1.25
391,Oslo,2024-07-09,0,1121,,,3.0,1.0,1.0,1.0,1.0,,1.0,1.0,1.0,1.0,,1.0,1.0,1.0,1.0,,1.0,1.0,1.0,1.0,1.0,1.0,1.0,1.0,,,,1.0,,,,6.2,8.5,5.5,8.5,4.0,1.25
392,Oslo,2024-07-09,0,1152,,,,1.0,1.0,1.0,1.0,,1.0,,1.0,1.0,1.0,1.0,,1.0,1.0,,1.0,1.0,1.0,,1.0,,,,,,,,,,,6.2,8.5,5.5,8.5,4.0,1.25
393,Oslo,2024-07-09,0,1152,,,4.0,1.0,1.0,1.0,1.0,1.0,1.0,1.0,1.0,1.0,1.0,1.0,1.0,1.0,1.0,,1.0,1.0,,,,,1.0,1.0,1.0,,,1.0,,,,6.2,8.5,5.5,8.5,4.0,1.25
394,Oslo,2024-07-09,0,960,,,2.0,1.0,1.0,1.0,1.0,,1.0,1.0,1.0,1.0,1.0,1.0,1.0,1.0,1.0,1.0,1.0,1.0,1.0,1.0,1.0,1.0,,,1.0,,,,,,,6.2,8.5,5.5,8.5,4.0,1.25
395,Oslo,2024-07-09,0,883,,,2.0,1.0,1.0,,1.0,,1.0,1.0,1.0,1.0,1.0,1.0,,1.0,,1.0,1.0,1.0,1.0,,1.0,1.0,1.0,,1.0,,,,,,,6.2,8.5,5.5,8.5,4.0,1.25
396,Oslo,2024-07-09,0,947,,,1.0,1.0,1.0,1.0,1.0,1.0,,1.0,1.0,1.0,1.0,1.0,1.0,1.0,,1.0,1.0,1.0,,,,,,,1.0,1.0,,,,,,6.2,8.5,5.5,8.5,4.0,1.25
397,Oslo,2024-07-09,0,1152,,,4.0,1.0,1.0,1.0,1.0,1.0,1.0,,1.0,1.0,1.0,1.0,,1.0,,1.0,1.0,1.0,,,,,,,,1.0,,,1.0,,,6.2,8.5,5.5,8.5,4.0,1.25
398,Oslo,2024-07-09,0,1138,4.89,9,2.0,1.0,,,,,1.0,,1.0,1.0,1.0,1.0,1.0,1.0,,,,,,,,,,,1.0,1.0,,,,,,6.2,8.5,5.5,8.5,4.0,1.25
399,Oslo,2024-07-09,0,801,,,,1.0,1.0,1.0,1.0,,1.0,1.0,1.0,1.0,1.0,1.0,1.0,1.0,,,,,,,1.0,1.0,,1.0,1.0,1.0,,1.0,,,,6.2,8.5,5.5,8.5,4.0,1.25
400,Oslo,2024-07-09,0,1489,,,,2.0,1.0,1.0,1.0,,,,1.0,1.0,1.0,1.0,1.0,1.0,,1.0,,,1.0,,,,,,,,,,,,,6.2,8.5,5.5,8.5,4.0,1.25
401,Oslo,2024-07-09,0,1201,4.87,24,2.0,1.0,1.0,,1.0,1.0,1.0,,1.0,1.0,1.0,1.0,,,,,,,1.0,,,,1.0,,1.0,1.0,,,1.0,,1.0,6.2,8.5,5.5,8.5,4.0,1.25
402,Oslo,2024-07-09,0,921,,,2.0,1.0,,,,,1.0,,1.0,1.0,1.0,1.0,1.0,1.0,,,,,,,,,,,1.0,1.0,,,,,,6.2,8.5,5.5,8.5,4.0,1.25
403,Oslo,2024-07-09,0,914,4.62,13,4.0,2.0,1.0,1.0,1.0,1.0,1.0,1.0,1.0,1.0,1.0,1.0,1.0,1.0,1.0,1.0,1.0,1.0,1.0,,1.0,1.0,1.0,,1.0,1.0,,,,,,6.2,8.5,5.5,8.5,4.0,1.25
404,Oslo,2024-07-09,0,1117,,,,1.0,1.0,1.0,1.0,,1.0,,1.0,1.0,1.0,1.0,1.0,1.0,,1.0,1.0,1.0,1.0,1.0,,1.0,1.0,,1.0,,,,,,,6.2,8.5,5.5,8.5,4.0,1.25
405,Oslo,2024-07-09,0,837,4.78,81,4.0,4.0,1.0,,1.0,,,,1.0,,,,,1.0,1.0,,,,,1.0,,,1.0,1.0,,,,,,,,6.2,8.5,5.5,8.5,4.0,1.25
406,Oslo,2024-07-09,0,914,,,2.0,1.0,,,,,1.0,,1.0,1.0,1.0,1.0,,1.0,,,,,,,,,,,,1.0,,,,,,6.2,8.5,5.5,8.5,4.0,1.25
407,Oslo,2024-07-09,0,1453,,,2.0,1.0,,,,,1.0,,1.0,1.0,1.0,1.0,1.0,1.0,,,,,,,,,,,,1.0,,,,,,6.2,8.5,5.5,8.5,4.0,1.25
408,Oslo,2024-07-09,0,960,4.67,9,4.0,4.0,1.0,1.0,1.0,1.0,1.0,1.0,1.0,1.0,1.0,1.0,,1.0,,1.0,1.0,1.0,1.0,,1.0,1.0,1.0,1.0,1.0,,,1.0,1.0,,,6.2,8.5,5.5,8.5,4.0,1.25
409,Oslo,2024-07-09,0,1280,,,2.0,2.0,1.0,,,1.0,,,1.0,,,1.0,1.0,1.0,1.0,,1.0,1.0,,,,,1.0,,,,,,,,1.0,6.2,8.5,5.5,8.5,4.0,1.25
410,Oslo,2024-07-09,0,960,,,2.0,1.0,,,,,1.0,,1.0,1.0,1.0,1.0,,,,,,,,,,,,,,,,,,,,6.2,8.5,5.5,8.5,4.0,1.25
411,Oslo,2024-07-09,0,1206,,,2.0,1.0,,,,,,,1.0,1.0,1.0,,,,,,,,,,,,,,,1.0,,,,,,6.2,8.5,5.5,8.5,4.0,1.25
412,Oslo,2024-07-09,0,921,,,,1.0,,,,,1.0,,1.0,1.0,1.0,1.0,,1.0,,,,,,,,,,,,,,,,,,6.2,8.5,5.5,8.5,4.0,1.25
413,Oslo,2024-07-09,0,860,4.50,4,2.0,1.0,1.0,1.0,1.0,,1.0,,1.0,1.0,1.0,1.0,1.0,1.0,1.0,,1.0,1.0,1.0,1.0,1.0,,1.0,1.0,1.0,,,1.0,,,,6.2,8.5,5.5,8.5,4.0,1.25
414,Oslo,2024-07-09,0,1162,4.53,164,,1.0,1.0,1.0,1.0,1.0,1.0,1.0,1.0,1.0,,1.0,1.0,1.0,1.0,1.0,1.0,1.0,1.0,1.0,1.0,1.0,1.0,1.0,1.0,,1.0,,,,1.0,6.2,8.5,5.5,8.5,4.0,1.25
415,Oslo,2024-07-09,0,822,4.10,10,2.0,1.0,1.0,,1.0,,1.0,,,1.0,1.0,1.0,,,,,1.0,1.0,,,,,,,,1.0,,,,,,6.2,8.5,5.5,8.5,4.0,1.25
416,Oslo,2024-07-09,0,1228,,,4.0,2.0,1.0,1.0,1.0,,,,1.0,1.0,1.0,1.0,,1.0,,1.0,,,,,,,,,,,,,,,,6.2,8.5,5.5,8.5,4.0,1.25
417,Oslo,2024-07-09,0,1098,,,1.0,1.0,,,,,,,1.0,1.0,1.0,,,,,,,,,,,,,,,1.0,,,,,,6.2,8.5,5.5,8.5,4.0,1.25
418,Oslo,2024-07-09,0,1075,4.25,12,4.0,2.0,1.0,,1.0,,,,1.0,,,1.0,1.0,1.0,1.0,,1.0,1.0,1.0,,1.0,,1.0,1.0,1.0,,,1.0,,,,6.2,8.5,5.5,8.5,4.0,1.25
419,Oslo,2024-07-09,0,960,,,2.0,1.0,,,,,1.0,,1.0,1.0,1.0,1.0,,1.0,,,,,,,,,,,,1.0,,,,,,6.2,8.5,5.5,8.5,4.0,1.25
420,Oslo,2024-07-09,0,1228,,,4.0,2.0,,,,,,,,,,,1.0,1.0,,,,,,,,,,,,,,,,,,6.2,8.5,5.5,8.5,4.0,1.25
421,Oslo,2024-07-09,0,868,5.0,17,,2.0,1.0,1.0,1.0,1.0,1.0,,1.0,1.0,1.0,1.0,1.0,1.0,1.0,1.0,1.0,1.0,1.0,,1.0,1.0,,,1.0,,,,1.0,,,6.2,8.5,5.5,8.5,4.0,1.25
422,Oslo,2024-07-09,0,1075,,,3.0,2.0,,,,,1.0,,,1.0,1.0,1.0,1.0,1.0,,,,,,,,,,,,1.0,,,,,,6.2,8.5,5.5,8.5,4.0,1.25
423,Oslo,2024-07-09,0,845,4.43,7,2.0,1.0,,,,,,,1.0,,,1.0,,1.0,,,,,,,,,,,,1.0,,,,,,6.2,8.5,5.5,8.5,4.0,1.25
424,Oslo,2024-07-09,0,1228,,,3.0,2.0,,,,,1.0,,1.0,1.0,1.0,1.0,1.0,1.0,,,,,,,,,,,,1.0,,,,,,6.2,8.5,5.5,8.5,4.0,1.25
425,Oslo,2024-07-09,0,1221,,,3.0,1.0,1.0,1.0,1.0,,,1.0,1.0,1.0,1.0,1.0,,1.0,,,,,1.0,,,1.0,1.0,,1.0,1.0,,,,,,6.2,8.5,5.5,8.5,4.0,1.25
426,Oslo,2024-07-09,0,1191,,,2.0,1.0,,,,,1.0,,1.0,1.0,1.0,1.0,,1.0,,,,,,,,,,,,1.0,,,,,,6.2,8.5,5.5,8.5,4.0,1.25
427,Oslo,2024-07-09,0,852,4.20,5,,1.0,1.0,1.0,1.0,,1.0,1.0,1.0,1.0,1.0,1.0,1.0,1.0,1.0,,1.0,1.0,1.0,,1.0,1.0,,,1.0,,,,,,,6.2,8.5,5.5,8.5,4.0,1.25
428,Oslo,2024-07-09,0,921,,,2.0,1.0,,,,,1.0,,1.0,1.0,1.0,1.0,,1.0,,,,,,,,,,,,,,,,,,6.2,8.5,5.5,8.5,4.0,1.25
429,Oslo,2024-07-09,0,921,,,2.0,1.0,,,,,1.0,,1.0,1.0,1.0,1.0,,1.0,,,,,,,,,,,,1.0,,,,,,6.2,8.5,5.5,8.5,4.0,1.25
430,Oslo,2024-07-09,0,1190,,,,1.0,1.0,1.0,1.0,1.0,1.0,1.0,1.0,1.0,1.0,1.0,1.0,1.0,,1.0,1.0,1.0,1.0,1.0,1.0,1.0,1.0,1.0,1.0,1.0,,1.0,1.0,,1.0,6.2,8.5,5.5,8.5,4.0,1.25
431,Oslo,2024-07-09,0,921,,,3.0,2.0,1.0,,1.0,,1.0,,1.0,1.0,1.0,1.0,1.0,1.0,,,,,1.0,,,,,,1.0,,,,,,,6.2,8.5,5.5,8.5,4.0,1.25
432,Oslo,2024-07-09,0,1166,,,2.0,1.0,,,,,,,1.0,1.0,1.0,1.0,1.0,1.0,,,,,,,,,,1.0,,,,,,,,6.2,8.5,5.5,8.5,4.0,1.25
433,Oslo,2024-07-09,0,845,,,,1.0,,,,,1.0,,1.0,1.0,1.0,1.0,1.0,,,,,,,,,,,,,1.0,,,1.0,,,6.2,8.5,5.5,8.5,4.0,1.25
434,Oslo,2024-07-09,0,1036,4.71,7,4.0,2.0,1.0,,1.0,,1.0,,1.0,1.0,1.0,1.0,,1.0,1.0,,,,,,1.0,,,,1.0,1.0,,,,,,6.2,8.5,5.5,8.5,4.0,1.25
435,Oslo,2024-07-09,0,1274,,,4.0,1.0,,,,,,,1.0,,,,,,,,,,,,,,1.0,,,,,,,,,6.2,8.5,5.5,8.5,4.0,1.25
436,Oslo,2024-07-09,0,838,,,,1.0,1.0,1.0,,1.0,1.0,1.0,1.0,1.0,1.0,1.0,1.0,1.0,1.0,1.0,1.0,1.0,1.0,1.0,,,1.0,1.0,1.0,,1.0,1.0,,,,6.2,8.5,5.5,8.5,4.0,1.25
437,Oslo,2024-07-09,0,1229,5.0,11,3.0,5.0,,,,,,,1.0,1.0,1.0,1.0,1.0,,,,,,,,,,,,1.0,,,,,,,6.2,8.5,5.5,8.5,4.0,1.25
438,Oslo,2024-07-09,0,922,,,2.0,1.0,,,,,1.0,,1.0,1.0,1.0,1.0,1.0,1.0,,,,,,,,,,,,1.0,,,,,,6.2,8.5,5.5,8.5,4.0,1.25
439,Oslo,2024-07-09,0,1416,,,7.0,4.0,1.0,1.0,1.0,1.0,1.0,1.0,1.0,1.0,1.0,1.0,1.0,1.0,1.0,1.0,1.0,1.0,1.0,1.0,1.0,1.0,1.0,1.0,1.0,,1.0,1.0,,,1.0,6.2,8.5,5.5,8.5,4.0,1.25
440,Oslo,2024-07-09,0,1140,,,,3.0,1.0,1.0,1.0,,1.0,1.0,1.0,1.0,1.0,1.0,1.0,1.0,,1.0,1.0,1.0,1.0,1.0,,,,,1.0,,,,,,,6.2,8.5,5.5,8.5,4.0,1.25
441,Oslo,2024-07-09,0,807,,,,1.0,1.0,,1.0,,1.0,,1.0,1.0,1.0,1.0,1.0,1.0,1.0,1.0,,,1.0,1.0,1.0,1.0,,1.0,1.0,1.0,,1.0,,,,6.2,8.5,5.5,8.5,4.0,1.25
442,Oslo,2024-07-09,0,998,,,,2.0,1.0,,1.0,,1.0,1.0,1.0,1.0,1.0,1.0,1.0,1.0,1.0,,1.0,1.0,1.0,1.0,1.0,,,,1.0,1.0,,,,,,6.2,8.5,5.5,8.5,4.0,1.25
443,Oslo,2024-07-09,0,1152,,,2.0,2.0,,,,,1.0,,1.0,1.0,1.0,1.0,,1.0,,,,,,,,,,,,1.0,,,,,,6.2,8.5,5.5,8.5,4.0,1.25
444,Oslo,2024-07-09,0,960,,,,3.0,1.0,1.0,1.0,1.0,1.0,,1.0,1.0,,1.0,1.0,,1.0,,1.0,1.0,1.0,,1.0,,1.0,,1.0,,,,,,,6.2,8.5,5.5,8.5,4.0,1.25
445,Oslo,2024-07-09,0,927,,,,2.0,1.0,1.0,1.0,1.0,1.0,,1.0,1.0,1.0,1.0,1.0,1.0,,1.0,1.0,1.0,,1.0,,1.0,,1.0,1.0,1.0,,1.0,1.0,,,6.2,8.5,5.5,8.5,4.0,1.25
446,Oslo,2024-07-09,0,1206,,,2.0,1.0,,,,,1.0,,,1.0,1.0,,,,,,,,,,,,,,,,,,,,,6.2,8.5,5.5,8.5,4.0,1.25
447,Oslo,2024-07-09,0,1075,4.64,14,,1.0,1.0,1.0,,,1.0,,1.0,1.0,1.0,1.0,1.0,1.0,,1.0,,,,,1.0,1.0,,,1.0,1.0,,,,,,6.2,8.5,5.5,8.5,4.0,1.25
448,Oslo,2024-07-09,0,960,,,2.0,1.0,1.0,,1.0,,1.0,1.0,1.0,1.0,1.0,1.0,1.0,1.0,,,1.0,1.0,,,1.0,1.0,1.0,,1.0,,,,,,,6.2,8.5,5.5,8.5,4.0,1.25
449,Oslo,2024-07-09,0,960,,,,1.0,,,,,1.0,,1.0,1.0,1.0,1.0,1.0,,,,,,,,,,,,,1.0,,,1.0,,,6.2,8.5,5.5,8.5,4.0,1.25
450,Oslo,2024-07-09,0,1228,,,2.0,1.0,,,,,1.0,,1.0,1.0,1.0,1.0,,1.0,,,,,,,,,,,,1.0,,,,,,6.2,8.5,5.5,8.5,4.0,1.25
451,Oslo,2024-07-09,0,801,4.55,66,,1.0,1.0,,1.0,1.0,1.0,,,1.0,1.0,,,,1.0,1.0,,,,1.0,,,,,,1.0,,,1.0,,,6.2,8.5,5.5,8.5,4.0,1.25
452,Oslo,2024-07-09,0,1206,,,2.0,1.0,,,,,,,1.0,1.0,1.0,,,,,,,,,,,,,,,1.0,,,,,,6.2,8.5,5.5,8.5,4.0,1.25
453,Oslo,2024-07-09,0,845,,,,1.0,1.0,,,,1.0,,1.0,1.0,1.0,1.0,,1.0,,1.0,,,,,,,,,,1.0,,,,,,6.2,8.5,5.5,8.5,4.0,1.25
454,Oslo,2024-07-09,0,1004,,,3.0,1.0,1.0,1.0,1.0,1.0,1.0,1.0,1.0,1.0,1.0,1.0,1.0,1.0,,1.0,1.0,1.0,1.0,,1.0,1.0,,,1.0,1.0,,,,,,6.2,8.5,5.5,8.5,4.0,1.25
455,Oslo,2024-07-09,0,1152,,,,1.0,,,,,1.0,1.0,1.0,1.0,1.0,1.0,,1.0,,,,,,,,,,,,1.0,,,,,,6.2,8.5,5.5,8.5,4.0,1.25
456,Oslo,2024-07-09,0,945,,,2.0,1.0,,,,,1.0,,1.0,1.0,1.0,1.0,,1.0,,,,,,,,,,,1.0,,,,,,,6.2,8.5,5.5,8.5,4.0,1.25
457,Oslo,2024-07-09,0,1211,,,2.0,1.0,1.0,1.0,,1.0,1.0,,1.0,1.0,1.0,1.0,1.0,1.0,,1.0,,,,,,,,,,1.0,,,,,,6.2,8.5,5.5,8.5,4.0,1.25
458,Oslo,2024-07-09,0,829,,,,1.0,1.0,,1.0,1.0,1.0,,1.0,1.0,1.0,1.0,1.0,1.0,,1.0,1.0,1.0,,1.0,,1.0,1.0,,1.0,1.0,,,,,,6.2,8.5,5.5,8.5,4.0,1.25
459,Oslo,2024-07-09,0,845,,,,1.0,1.0,1.0,,,1.0,,1.0,1.0,1.0,,,1.0,,1.0,,,1.0,,,,,,,1.0,,,,,,6.2,8.5,5.5,8.5,4.0,1.25
460,Oslo,2024-07-09,0,1036,,,2.0,1.0,,,,,1.0,,1.0,1.0,1.0,1.0,1.0,,,,,,,,,,,,,1.0,,,,,,6.2,8.5,5.5,8.5,4.0,1.25
461,Oslo,2024-07-09,0,1152,,,,1.0,1.0,1.0,,,1.0,1.0,1.0,1.0,1.0,1.0,,1.0,,,,,1.0,,,,,,,1.0,,,,,,6.2,8.5,5.5,8.5,4.0,1.25
462,Oslo,2024-07-09,0,921,,,2.0,1.0,,,,,,,1.0,1.0,1.0,1.0,1.0,1.0,,,,,,,,,,,,1.0,,,,,,6.2,8.5,5.5,8.5,4.0,1.25
463,Oslo,2024-07-09,0,1152,,,5.0,1.0,1.0,,,,,,1.0,,,,1.0,1.0,1.0,,1.0,1.0,,,,,1.0,,,,,,,,,6.2,8.5,5.5,8.5,4.0,1.25
464,Oslo,2024-07-09,0,845,,,,1.0,1.0,1.0,1.0,1.0,1.0,,1.0,1.0,1.0,1.0,1.0,1.0,1.0,,1.0,1.0,1.0,1.0,1.0,,1.0,,1.0,,,,,,,6.2,8.5,5.5,8.5,4.0,1.25
465,Oslo,2024-07-09,0,1206,,,3.0,2.0,1.0,,1.0,,1.0,,1.0,1.0,,1.0,1.0,1.0,,,,,1.0,,1.0,1.0,1.0,,1.0,1.0,,,,,,6.2,8.5,5.5,8.5,4.0,1.25
466,Oslo,2024-07-09,0,998,,,2.0,1.0,,,,,,,,1.0,1.0,1.0,1.0,1.0,,,,,1.0,,,,1.0,,1.0,,,,,,,6.2,8.5,5.5,8.5,4.0,1.25
467,Oslo,2024-07-09,0,999,,,4.0,1.0,,,,,1.0,,,1.0,1.0,1.0,,,,,,,,,,,,,,1.0,,,,,,6.2,8.5,5.5,8.5,4.0,1.25
468,Oslo,2024-07-09,0,979,,,,1.0,1.0,1.0,1.0,,1.0,,1.0,1.0,1.0,1.0,,1.0,,1.0,,,,,,,,,,1.0,,,,,,6.2,8.5,5.5,8.5,4.0,1.25
469,Oslo,2024-07-09,0,921,2.33,3,2.0,1.0,,,,,1.0,,1.0,1.0,,1.0,,,,,,,,,,,,,,1.0,,,,,,6.2,8.5,5.5,8.5,4.0,1.25
470,Oslo,2024-07-09,0,1075,,,,1.0,,,,,1.0,,1.0,,,1.0,1.0,1.0,,,,,,,,,,,,1.0,,,1.0,1.0,,6.2,8.5,5.5,8.5,4.0,1.25
471,Oslo,2024-07-09,0,1152,,,,1.0,,,,,,,1.0,1.0,1.0,1.0,,,,,,,,,,,,,,1.0,,,,,,6.2,8.5,5.5,8.5,4.0,1.25
472,Oslo,2024-07-09,0,1152,,,2.0,1.0,,,,,,,,1.0,,,1.0,,,,,,,,,,,,,,,,,,,6.2,8.5,5.5,8.5,4.0,1.25
473,Oslo,2024-07-09,0,829,,,2.0,1.0,,,,,1.0,,1.0,1.0,1.0,1.0,,,,,,,,,,,,,1.0,,,,,,,6.2,8.5,5.5,8.5,4.0,1.25
474,Oslo,2024-07-09,0,921,,,,1.0,,,,,,,,,,,,,,,,,,,,,,,,,,,,,,6.2,8.5,5.5,8.5,4.0,1.25
475,Oslo,2024-07-09,0,1567,4.87,218,5.0,2.0,1.0,1.0,,,1.0,1.0,1.0,1.0,1.0,1.0,1.0,1.0,1.0,1.0,1.0,1.0,1.0,1.0,1.0,1.0,1.0,1.0,,,,1.0,,1.0,,6.2,8.5,5.5,8.5,4.0,1.25
476,Oslo,2024-07-09,0,2151,4.84,37,6.0,4.0,1.0,1.0,1.0,,1.0,,1.0,1.0,1.0,1.0,1.0,1.0,,1.0,1.0,1.0,,,,1.0,,1.0,1.0,,,,,,,6.2,8.5,5.5,8.5,4.0,1.25
477,Oslo,2024-07-09,0,1873,4.92,39,4.0,2.0,1.0,1.0,1.0,,1.0,1.0,1.0,1.0,1.0,1.0,1.0,1.0,,1.0,1.0,1.0,1.0,,1.0,1.0,1.0,1.0,1.0,1.0,,1.0,,,,6.2,8.5,5.5,8.5,4.0,1.25
478,Oslo,2024-07-09,0,1312,4.75,12,2.0,1.0,1.0,1.0,1.0,1.0,1.0,,1.0,1.0,1.0,1.0,,,,1.0,,,1.0,,1.0,1.0,,,1.0,,,,,,,6.2,8.5,5.5,8.5,4.0,1.25
479,Oslo,2024-07-09,0,1390,4.87,23,4.0,4.0,1.0,,1.0,,1.0,,1.0,1.0,1.0,1.0,,1.0,,1.0,1.0,1.0,1.0,,1.0,1.0,1.0,,1.0,,,,,,,6.2,8.5,5.5,8.5,4.0,1.25
480,Oslo,2024-07-09,0,1267,4.81,26,2.0,1.0,1.0,,1.0,1.0,1.0,,1.0,1.0,,1.0,1.0,1.0,1.0,1.0,1.0,1.0,1.0,,1.0,1.0,,,1.0,,,,,,,6.2,8.5,5.5,8.5,4.0,1.25
481,Oslo,2024-07-09,0,1320,,,4.0,2.0,1.0,1.0,1.0,1.0,1.0,,1.0,1.0,1.0,1.0,1.0,1.0,1.0,1.0,1.0,1.0,1.0,,1.0,1.0,1.0,1.0,1.0,,,,,,,6.2,8.5,5.5,8.5,4.0,1.25
482,Oslo,2024-07-09,0,1835,4.96,354,6.0,3.0,1.0,1.0,1.0,1.0,1.0,,1.0,1.0,1.0,1.0,1.0,1.0,1.0,1.0,1.0,1.0,1.0,1.0,1.0,,1.0,,1.0,,1.0,,,,,6.2,8.5,5.5,8.5,4.0,1.25
483,Oslo,2024-07-09,0,1306,4.93,30,2.0,1.0,1.0,1.0,1.0,,1.0,1.0,1.0,1.0,,1.0,1.0,1.0,,1.0,1.0,1.0,1.0,1.0,,1.0,1.0,1.0,1.0,1.0,,1.0,,,,6.2,8.5,5.5,8.5,4.0,1.25
484,Oslo,2024-07-09,0,1459,4.88,24,5.0,2.0,1.0,,,,1.0,,1.0,1.0,1.0,1.0,1.0,,,1.0,,,,,,1.0,1.0,1.0,,1.0,,1.0,,,,6.2,8.5,5.5,8.5,4.0,1.25
485,Oslo,2024-07-09,0,1274,4.91,22,4.0,3.0,1.0,1.0,1.0,,1.0,1.0,1.0,1.0,1.0,1.0,1.0,1.0,1.0,1.0,1.0,1.0,1.0,1.0,1.0,1.0,1.0,1.0,1.0,,,1.0,,,,6.2,8.5,5.5,8.5,4.0,1.25
486,Oslo,2024-07-09,0,1344,4.83,18,4.0,2.0,1.0,,1.0,,1.0,,1.0,1.0,1.0,1.0,1.0,1.0,,,1.0,1.0,,1.0,1.0,1.0,1.0,,,1.0,,,1.0,,,6.2,8.5,5.5,8.5,4.0,1.25
487,Oslo,2024-07-09,0,1306,5.0,5,2.0,1.0,1.0,,1.0,,,1.0,1.0,1.0,1.0,1.0,1.0,1.0,,1.0,,,1.0,,1.0,1.0,1.0,,1.0,,,,,,,6.2,8.5,5.5,8.5,4.0,1.25
488,Oslo,2024-07-09,0,1382,5.0,8,2.0,1.0,1.0,,1.0,,1.0,1.0,1.0,1.0,1.0,1.0,1.0,1.0,,1.0,1.0,1.0,1.0,1.0,,1.0,1.0,,1.0,1.0,,,,,,6.2,8.5,5.5,8.5,4.0,1.25
489,Oslo,2024-07-09,0,1301,4.92,26,2.0,1.0,1.0,1.0,1.0,1.0,1.0,1.0,1.0,1.0,1.0,1.0,,1.0,,1.0,,,1.0,1.0,1.0,,1.0,,,,,,1.0,1.0,,6.2,8.5,5.5,8.5,4.0,1.25
490,Oslo,2024-07-09,0,1842,,,5.0,2.0,1.0,1.0,1.0,1.0,1.0,,1.0,1.0,1.0,1.0,1.0,1.0,,1.0,1.0,1.0,,1.0,1.0,1.0,,,1.0,1.0,,,1.0,,,6.2,8.5,5.5,8.5,4.0,1.25
491,Oslo,2024-07-09,0,1260,,,4.0,2.0,1.0,,1.0,,1.0,1.0,1.0,1.0,1.0,1.0,1.0,1.0,1.0,1.0,,,,,,1.0,1.0,1.0,1.0,,,1.0,,,,6.2,8.5,5.5,8.5,4.0,1.25
492,Oslo,2024-07-09,0,1613,4.93,56,2.0,1.0,1.0,,1.0,,1.0,,1.0,1.0,,1.0,1.0,1.0,1.0,,1.0,1.0,1.0,,,1.0,,1.0,1.0,1.0,,1.0,,,,6.2,8.5,5.5,8.5,4.0,1.25
493,Oslo,2024-07-09,0,1598,5.0,6,2.0,1.0,1.0,,1.0,,1.0,1.0,1.0,1.0,1.0,1.0,1.0,1.0,1.0,1.0,1.0,1.0,1.0,1.0,1.0,1.0,1.0,1.0,,,,1.0,,1.0,,6.2,8.5,5.5,8.5,4.0,1.25
494,Oslo,2024-07-09,0,1475,5.0,5,4.0,2.0,1.0,1.0,1.0,1.0,1.0,,1.0,1.0,1.0,1.0,1.0,1.0,1.0,1.0,1.0,1.0,1.0,1.0,1.0,1.0,,,1.0,,,,,,,6.2,8.5,5.5,8.5,4.0,1.25
495,Oslo,2024-07-09,0,2035,,,2.0,1.0,1.0,1.0,1.0,,1.0,1.0,1.0,1.0,1.0,1.0,1.0,1.0,1.0,1.0,1.0,1.0,1.0,1.0,,,1.0,,1.0,,,,,,,6.2,8.5,5.5,8.5,4.0,1.25
496,Oslo,2024-07-09,0,2304,5.0,3,3.0,2.0,1.0,1.0,1.0,1.0,1.0,,1.0,1.0,1.0,1.0,1.0,1.0,,1.0,1.0,1.0,1.0,1.0,1.0,1.0,,,1.0,1.0,,,1.0,,1.0,6.2,8.5,5.5,8.5,4.0,1.25
497,Oslo,2024-07-09,0,1333,4.94,63,2.0,1.0,1.0,1.0,1.0,1.0,1.0,1.0,1.0,1.0,1.0,1.0,,1.0,,1.0,1.0,1.0,1.0,,,,,1.0,1.0,,,,,,,6.2,8.5,5.5,8.5,4.0,1.25
498,Oslo,2024-07-09,0,2090,5.0,4,6.0,3.0,1.0,1.0,1.0,,1.0,,1.0,1.0,1.0,1.0,1.0,1.0,1.0,,1.0,1.0,1.0,1.0,1.0,,1.0,1.0,1.0,,,1.0,,,,6.2,8.5,5.5,8.5,4.0,1.25
499,Oslo,2024-07-09,0,1389,4.57,7,4.0,2.0,1.0,1.0,1.0,1.0,1.0,1.0,1.0,1.0,,1.0,1.0,1.0,,,1.0,1.0,1.0,1.0,1.0,1.0,,,1.0,1.0,1.0,,1.0,,,6.2,8.5,5.5,8.5,4.0,1.25
500,Oslo,2024-07-09,0,1556,5.0,4,2.0,1.0,1.0,1.0,,,,,1.0,1.0,,1.0,1.0,1.0,1.0,,,,,,,,1.0,,,,,,,,,6.2,8.5,5.5,8.5,4.0,1.25
501,Oslo,2024-07-09,0,1489,5.0,3,3.0,2.0,1.0,1.0,1.0,1.0,1.0,1.0,1.0,1.0,1.0,1.0,1.0,1.0,1.0,1.0,1.0,1.0,1.0,1.0,1.0,1.0,1.0,1.0,1.0,1.0,,,,,,6.2,8.5,5.5,8.5,4.0,1.25
502,Oslo,2024-07-09,0,1942,5.0,13,2.0,1.0,1.0,1.0,1.0,,1.0,1.0,1.0,1.0,,1.0,1.0,1.0,1.0,1.0,1.0,1.0,1.0,1.0,1.0,1.0,1.0,,1.0,,,,,,,6.2,8.5,5.5,8.5,4.0,1.25
503,Oslo,2024-07-09,0,1375,4.89,9,2.0,1.0,1.0,1.0,1.0,,1.0,1.0,1.0,1.0,1.0,1.0,,1.0,,1.0,1.0,1.0,1.0,1.0,1.0,,,,1.0,,,,,,,6.2,8.5,5.5,8.5,4.0,1.25
504,Oslo,2024-07-09,0,1460,,,2.0,1.0,1.0,,,,1.0,1.0,1.0,1.0,1.0,1.0,,1.0,1.0,,1.0,1.0,1.0,1.0,,1.0,1.0,,1.0,1.0,,,,,,6.2,8.5,5.5,8.5,4.0,1.25
505,Oslo,2024-07-09,0,1374,,,2.0,1.0,1.0,1.0,1.0,,1.0,,1.0,1.0,1.0,1.0,1.0,1.0,1.0,1.0,1.0,1.0,1.0,1.0,1.0,1.0,1.0,,1.0,,,,,,,6.2,8.5,5.5,8.5,4.0,1.25
506,Oslo,2024-07-09,0,2234,,,4.0,2.0,1.0,1.0,1.0,1.0,1.0,,1.0,1.0,1.0,1.0,1.0,1.0,,1.0,1.0,1.0,1.0,1.0,1.0,1.0,,,1.0,1.0,,,,,,6.2,8.5,5.5,8.5,4.0,1.25
507,Oslo,2024-07-09,0,1344,4.67,3,5.0,2.0,1.0,1.0,1.0,,1.0,,1.0,1.0,,1.0,1.0,1.0,1.0,,1.0,1.0,1.0,1.0,1.0,1.0,1.0,1.0,1.0,,,1.0,,,,6.2,8.5,5.5,8.5,4.0,1.25
508,Oslo,2024-07-09,0,1535,4.77,13,4.0,2.0,1.0,1.0,,,1.0,,1.0,1.0,1.0,1.0,1.0,1.0,1.0,1.0,1.0,1.0,1.0,,1.0,1.0,,1.0,1.0,,,,,,,6.2,8.5,5.5,8.5,4.0,1.25
509,Oslo,2024-07-09,0,1689,5.0,22,2.0,1.0,1.0,1.0,1.0,1.0,1.0,,1.0,1.0,,1.0,1.0,1.0,,,1.0,1.0,,,1.0,1.0,1.0,1.0,1.0,1.0,,1.0,1.0,,,6.2,8.5,5.5,8.5,4.0,1.25
510,Oslo,2024-07-09,0,1535,4.75,61,6.0,4.0,1.0,1.0,1.0,,1.0,1.0,1.0,1.0,,1.0,,1.0,,,1.0,1.0,1.0,,1.0,1.0,1.0,,1.0,1.0,,,,,,6.2,8.5,5.5,8.5,4.0,1.25
511,Oslo,2024-07-09,0,1260,4.90,20,2.0,1.0,,,,,1.0,,1.0,1.0,1.0,1.0,,,,,,,,,,,,1.0,1.0,1.0,,1.0,,,,6.2,8.5,5.5,8.5,4.0,1.25
512,Oslo,2024-07-09,0,1382,4.88,8,3.0,1.0,,,,,1.0,,1.0,1.0,1.0,1.0,1.0,1.0,,,,,,,,,,1.0,1.0,1.0,,1.0,1.0,,,6.2,8.5,5.5,8.5,4.0,1.25
513,Oslo,2024-07-09,0,1862,,,4.0,2.0,1.0,1.0,1.0,,1.0,1.0,1.0,1.0,,1.0,1.0,1.0,1.0,1.0,1.0,1.0,,,1.0,1.0,1.0,1.0,1.0,1.0,,1.0,,,,6.2,8.5,5.5,8.5,4.0,1.25
514,Oslo,2024-07-09,0,2304,,,4.0,2.0,1.0,,,,1.0,,1.0,1.0,1.0,1.0,1.0,1.0,,1.0,,,,,,,,,,1.0,,,1.0,,,6.2,8.5,5.5,8.5,4.0,1.25
515,Oslo,2024-07-09,0,1458,4.97,32,10.0,10.0,1.0,,1.0,,1.0,,1.0,1.0,1.0,1.0,1.0,1.0,1.0,1.0,1.0,1.0,,1.0,1.0,1.0,1.0,,1.0,,,,,1.0,,6.2,8.5,5.5,8.5,4.0,1.25
516,Oslo,2024-07-09,0,1628,4.77,13,4.0,2.0,1.0,,1.0,,1.0,,1.0,1.0,1.0,1.0,1.0,1.0,1.0,,1.0,1.0,1.0,,,,,1.0,1.0,1.0,,1.0,1.0,,,6.2,8.5,5.5,8.5,4.0,1.25
517,Oslo,2024-07-09,0,1306,5.0,3,4.0,3.0,,,,,1.0,,,1.0,1.0,1.0,1.0,1.0,,,,,,,,,,,,1.0,,,,,,6.2,8.5,5.5,8.5,4.0,1.25
518,Oslo,2024-07-09,0,1302,4.80,5,3.0,1.0,1.0,1.0,1.0,,1.0,,1.0,1.0,1.0,1.0,1.0,1.0,,,1.0,1.0,,,1.0,1.0,,1.0,1.0,,,1.0,,,,6.2,8.5,5.5,8.5,4.0,1.25
519,Oslo,2024-07-09,0,1613,4.63,68,4.0,2.0,1.0,1.0,1.0,1.0,1.0,,1.0,1.0,1.0,1.0,,1.0,,1.0,1.0,1.0,,,1.0,,1.0,1.0,,,,,1.0,1.0,,6.2,8.5,5.5,8.5,4.0,1.25
520,Oslo,2024-07-09,0,1271,4.94,32,,2.0,1.0,1.0,1.0,1.0,1.0,,1.0,1.0,1.0,1.0,1.0,1.0,1.0,1.0,,,1.0,,1.0,,,1.0,,,,,,,,6.2,8.5,5.5,8.5,4.0,1.25
521,Oslo,2024-07-09,0,1612,4.80,5,2.0,1.0,1.0,1.0,1.0,,,1.0,1.0,1.0,1.0,1.0,1.0,1.0,,1.0,1.0,1.0,1.0,1.0,,1.0,1.0,1.0,1.0,1.0,,1.0,,,,6.2,8.5,5.5,8.5,4.0,1.25
522,Oslo,2024-07-09,0,1452,5.0,5,3.0,2.0,1.0,1.0,1.0,1.0,1.0,1.0,1.0,1.0,1.0,1.0,1.0,1.0,,1.0,1.0,1.0,1.0,1.0,1.0,1.0,1.0,,1.0,1.0,,,,,,6.2,8.5,5.5,8.5,4.0,1.25
523,Oslo,2024-07-09,0,1428,,,3.0,2.0,1.0,1.0,,1.0,1.0,,1.0,1.0,1.0,1.0,1.0,,1.0,1.0,1.0,1.0,,,,,,1.0,1.0,1.0,,1.0,,,,6.2,8.5,5.5,8.5,4.0,1.25
524,Oslo,2024-07-09,0,1541,5.0,7,5.0,,1.0,1.0,1.0,,1.0,1.0,1.0,1.0,,1.0,1.0,1.0,1.0,1.0,1.0,1.0,1.0,1.0,,1.0,,1.0,1.0,,,1.0,,,,6.2,8.5,5.5,8.5,4.0,1.25
525,Oslo,2024-07-09,0,1305,4.17,6,4.0,2.0,,,,,1.0,,1.0,1.0,1.0,1.0,,1.0,,,,,,,,,,,,1.0,,,,,,6.2,8.5,5.5,8.5,4.0,1.25
526,Oslo,2024-07-09,0,1535,4.0,7,2.0,1.0,,,,,1.0,,1.0,1.0,1.0,1.0,1.0,,,,,,,,,,,,1.0,1.0,,,1.0,,,6.2,8.5,5.5,8.5,4.0,1.25
527,Oslo,2024-07-09,0,2195,4.52,29,8.0,2.0,1.0,1.0,1.0,1.0,1.0,1.0,1.0,1.0,1.0,1.0,1.0,1.0,1.0,1.0,1.0,1.0,1.0,1.0,,1.0,1.0,1.0,1.0,,,1.0,,,,6.2,8.5,5.5,8.5,4.0,1.25
528,Oslo,2024-07-09,0,1267,4.89,9,4.0,2.0,1.0,,1.0,,1.0,,1.0,1.0,1.0,1.0,1.0,1.0,,1.0,1.0,1.0,,,1.0,1.0,,,1.0,1.0,,,,,,6.2,8.5,5.5,8.5,4.0,1.25
529,Oslo,2024-07-09,0,1382,5.0,5,2.0,1.0,1.0,1.0,1.0,,,1.0,1.0,1.0,1.0,1.0,1.0,,,,,,1.0,,,,,,1.0,,,,,,,6.2,8.5,5.5,8.5,4.0,1.25
530,Oslo,2024-07-09,0,1335,5.0,3,4.0,2.0,1.0,,1.0,,1.0,,1.0,1.0,1.0,1.0,1.0,1.0,,1.0,1.0,1.0,1.0,1.0,1.0,1.0,1.0,,1.0,1.0,,,1.0,,,6.2,8.5,5.5,8.5,4.0,1.25
531,Oslo,2024-07-09,0,2304,4.90,20,5.0,4.0,1.0,1.0,1.0,1.0,1.0,1.0,1.0,1.0,1.0,1.0,1.0,1.0,,1.0,1.0,1.0,1.0,1.0,1.0,1.0,1.0,1.0,1.0,,,1.0,,,,6.2,8.5,5.5,8.5,4.0,1.25
532,Oslo,2024-07-09,0,2304,,,4.0,2.0,,,,,1.0,,1.0,1.0,1.0,1.0,1.0,,,,,,,,,,,,,1.0,,,,,,6.2,8.5,5.5,8.5,4.0,1.25
533,Oslo,2024-07-09,0,2068,,,5.0,2.0,1.0,1.0,1.0,,1.0,,1.0,1.0,1.0,1.0,,,,,1.0,1.0,1.0,1.0,,,1.0,,1.0,,,,,,,6.2,8.5,5.5,8.5,4.0,1.25
534,Oslo,2024-07-09,0,1956,,,4.0,2.0,1.0,,1.0,,1.0,1.0,1.0,1.0,1.0,1.0,1.0,1.0,,1.0,1.0,1.0,1.0,1.0,1.0,1.0,,1.0,1.0,,,,,,,6.2,8.5,5.5,8.5,4.0,1.25
535,Oslo,2024-07-09,0,1535,4.75,8,5.0,2.0,1.0,,,,1.0,1.0,1.0,1.0,1.0,1.0,,,,1.0,,,,,1.0,,,,,1.0,,,,,,6.2,8.5,5.5,8.5,4.0,1.25
536,Oslo,2024-07-09,0,2166,,,7.0,4.0,1.0,,1.0,1.0,1.0,1.0,1.0,1.0,1.0,1.0,1.0,1.0,,,1.0,1.0,,1.0,1.0,1.0,1.0,1.0,1.0,,1.0,1.0,,,,6.2,8.5,5.5,8.5,4.0,1.25
537,Oslo,2024-07-09,0,1381,,,6.0,2.0,1.0,,1.0,1.0,1.0,1.0,1.0,1.0,1.0,1.0,,1.0,,,1.0,1.0,,,1.0,,,1.0,,1.0,,1.0,,,,6.2,8.5,5.5,8.5,4.0,1.25
538,Oslo,2024-07-09,0,1759,5.0,4,5.0,2.0,,,,,1.0,,1.0,1.0,1.0,1.0,,1.0,,,,,,,,,,1.0,,1.0,,,,,,6.2,8.5,5.5,8.5,4.0,1.25
539,Oslo,2024-07-09,0,1613,4.80,5,8.0,4.0,1.0,1.0,1.0,,1.0,1.0,1.0,1.0,1.0,1.0,1.0,1.0,,1.0,1.0,1.0,1.0,,1.0,1.0,1.0,1.0,,,,1.0,,,,6.2,8.5,5.5,8.5,4.0,1.25
540,Oslo,2024-07-09,0,1601,,,2.0,1.0,,,,,1.0,,1.0,1.0,1.0,1.0,1.0,,1.0,,,,,,,,,,,1.0,,,,,,6.2,8.5,5.5,8.5,4.0,1.25
541,Oslo,2024-07-09,0,1766,4.72,36,5.0,4.0,1.0,1.0,1.0,1.0,1.0,1.0,1.0,1.0,1.0,1.0,,1.0,,1.0,1.0,1.0,,,1.0,,1.0,,,,,,1.0,1.0,,6.2,8.5,5.5,8.5,4.0,1.25
542,Oslo,2024-07-09,0,1339,4.95,22,4.0,2.0,1.0,1.0,1.0,,1.0,1.0,1.0,1.0,,1.0,1.0,1.0,1.0,,1.0,1.0,1.0,1.0,1.0,1.0,1.0,1.0,1.0,,,1.0,,,,6.2,8.5,5.5,8.5,4.0,1.25
543,Oslo,2024-07-09,0,1536,4.67,3,3.0,1.0,1.0,1.0,1.0,1.0,1.0,,1.0,1.0,1.0,1.0,1.0,1.0,1.0,1.0,1.0,1.0,1.0,,1.0,1.0,1.0,1.0,1.0,,,1.0,,,,6.2,8.5,5.5,8.5,4.0,1.25
544,Oslo,2024-07-09,0,1382,,,3.0,1.0,,,,,1.0,,1.0,1.0,1.0,1.0,,1.0,,,,,,,,,,,,1.0,,,,,,6.2,8.5,5.5,8.5,4.0,1.25
545,Oslo,2024-07-09,0,1842,4.67,9,5.0,4.0,1.0,1.0,1.0,1.0,1.0,1.0,1.0,1.0,1.0,1.0,1.0,1.0,1.0,1.0,1.0,1.0,1.0,1.0,1.0,1.0,1.0,,1.0,1.0,,,,,,6.2,8.5,5.5,8.5,4.0,1.25
546,Oslo,2024-07-09,0,1920,4.88,26,2.0,1.0,1.0,,1.0,1.0,,,1.0,1.0,1.0,1.0,1.0,1.0,1.0,,1.0,1.0,1.0,,1.0,1.0,1.0,,1.0,1.0,,,,,,6.2,8.5,5.5,8.5,4.0,1.25
547,Oslo,2024-07-09,0,1420,4.63,19,3.0,1.0,,,,,1.0,,1.0,1.0,1.0,1.0,1.0,1.0,,,,,,,,,1.0,,1.0,1.0,,,1.0,,,6.2,8.5,5.5,8.5,4.0,1.25
548,Oslo,2024-07-09,0,1713,,,6.0,7.0,1.0,,1.0,,1.0,1.0,1.0,1.0,1.0,1.0,1.0,1.0,1.0,1.0,1.0,1.0,1.0,,1.0,1.0,1.0,1.0,1.0,1.0,,,1.0,,,6.2,8.5,5.5,8.5,4.0,1.25
549,Oslo,2024-07-09,0,1612,4.67,13,8.0,4.0,1.0,1.0,1.0,,1.0,,1.0,1.0,1.0,1.0,1.0,1.0,1.0,1.0,1.0,1.0,1.0,1.0,1.0,1.0,1.0,,1.0,1.0,,,1.0,,,6.2,8.5,5.5,8.5,4.0,1.25
550,Oslo,2024-07-09,0,1306,,,2.0,1.0,1.0,,1.0,,1.0,1.0,1.0,1.0,,1.0,1.0,1.0,1.0,,1.0,1.0,1.0,1.0,1.0,1.0,,,1.0,,,,,,,6.2,8.5,5.5,8.5,4.0,1.25
551,Oslo,2024-07-09,0,1689,4.84,25,4.0,1.0,1.0,1.0,1.0,1.0,1.0,,1.0,1.0,1.0,1.0,1.0,1.0,,,1.0,1.0,1.0,1.0,1.0,1.0,,,1.0,1.0,,,,,1.0,6.2,8.5,5.5,8.5,4.0,1.25
552,Oslo,2024-07-09,0,1374,5.0,5,2.0,1.0,1.0,,1.0,1.0,,,1.0,1.0,1.0,1.0,1.0,1.0,,1.0,1.0,1.0,,,1.0,1.0,,1.0,1.0,1.0,,1.0,,,,6.2,8.5,5.5,8.5,4.0,1.25
553,Oslo,2024-07-09,0,1344,5.0,4,2.0,1.0,1.0,,,,1.0,1.0,1.0,1.0,,1.0,1.0,1.0,,,1.0,1.0,,,,,,,1.0,,,,,,,6.2,8.5,5.5,8.5,4.0,1.25
554,Oslo,2024-07-09,0,1382,4.80,5,4.0,2.0,1.0,1.0,1.0,1.0,1.0,,1.0,1.0,1.0,1.0,1.0,1.0,,1.0,1.0,1.0,1.0,,1.0,1.0,,,1.0,1.0,,,,,,6.2,8.5,5.5,8.5,4.0,1.25
555,Oslo,2024-07-09,0,1948,,,2.0,1.0,1.0,1.0,,,1.0,,1.0,1.0,1.0,1.0,1.0,1.0,1.0,1.0,1.0,1.0,1.0,1.0,,1.0,1.0,,1.0,1.0,,,,1.0,,6.2,8.5,5.5,8.5,4.0,1.25
556,Oslo,2024-07-09,0,1271,,,6.0,4.0,,,,,1.0,,1.0,1.0,1.0,1.0,1.0,1.0,,,,,,,,,1.0,,,1.0,,,1.0,,,6.2,8.5,5.5,8.5,4.0,1.25
557,Oslo,2024-07-09,0,1920,4.83,6,5.0,4.0,1.0,1.0,1.0,1.0,1.0,,1.0,1.0,1.0,1.0,1.0,1.0,1.0,1.0,1.0,1.0,1.0,1.0,1.0,1.0,1.0,,1.0,1.0,,,1.0,,,6.2,8.5,5.5,8.5,4.0,1.25
558,Oslo,2024-07-09,0,1535,5.0,7,4.0,2.0,1.0,1.0,1.0,1.0,1.0,,1.0,1.0,1.0,1.0,,1.0,1.0,,1.0,1.0,1.0,,1.0,1.0,,1.0,1.0,1.0,,1.0,,,,6.2,8.5,5.5,8.5,4.0,1.25
559,Oslo,2024-07-09,0,2227,4.67,6,6.0,5.0,1.0,,1.0,,1.0,,1.0,1.0,1.0,1.0,1.0,1.0,1.0,1.0,1.0,1.0,1.0,1.0,1.0,1.0,1.0,1.0,,,,,,,,6.2,8.5,5.5,8.5,4.0,1.25
560,Oslo,2024-07-09,0,1598,,,2.0,1.0,1.0,1.0,1.0,,1.0,1.0,1.0,1.0,1.0,1.0,1.0,1.0,,,1.0,1.0,1.0,1.0,1.0,,1.0,1.0,,,,,,,,6.2,8.5,5.5,8.5,4.0,1.25
561,Oslo,2024-07-09,0,1820,,,3.0,3.0,1.0,1.0,1.0,1.0,1.0,1.0,1.0,1.0,,1.0,1.0,1.0,1.0,1.0,,,1.0,1.0,,,1.0,,1.0,,,,,,,6.2,8.5,5.5,8.5,4.0,1.25
562,Oslo,2024-07-09,0,1709,,,5.0,2.0,,1.0,1.0,,1.0,,1.0,1.0,,1.0,1.0,1.0,,1.0,1.0,1.0,1.0,1.0,1.0,1.0,1.0,1.0,1.0,1.0,,1.0,,,,6.2,8.5,5.5,8.5,4.0,1.25
563,Oslo,2024-07-09,0,2650,,,5.0,3.0,,,,,1.0,,1.0,1.0,1.0,1.0,1.0,1.0,,,,,,,,,,,,1.0,,,,,,6.2,8.5,5.5,8.5,4.0,1.25
564,Oslo,2024-07-09,0,2051,,,12.0,7.0,,,,,1.0,,1.0,1.0,1.0,1.0,1.0,1.0,,,,,,,,,,,,1.0,,,1.0,,,6.2,8.5,5.5,8.5,4.0,1.25
565,Oslo,2024-07-09,0,2035,,,6.0,3.0,1.0,,1.0,,1.0,1.0,1.0,1.0,1.0,1.0,1.0,1.0,1.0,1.0,1.0,1.0,1.0,1.0,1.0,1.0,1.0,,1.0,1.0,,,,,,6.2,8.5,5.5,8.5,4.0,1.25
566,Oslo,2024-07-09,0,1301,4.46,13,5.0,4.0,1.0,,1.0,,1.0,1.0,1.0,1.0,1.0,1.0,1.0,1.0,,,1.0,1.0,1.0,1.0,1.0,1.0,1.0,,1.0,1.0,,,1.0,,,6.2,8.5,5.5,8.5,4.0,1.25
567,Oslo,2024-07-09,0,1306,,,2.0,1.0,1.0,1.0,1.0,,1.0,1.0,1.0,1.0,1.0,1.0,,1.0,,1.0,1.0,1.0,1.0,1.0,1.0,,,,1.0,1.0,,,,,,6.2,8.5,5.5,8.5,4.0,1.25
568,Oslo,2024-07-09,0,1535,,,2.0,2.0,,,,,1.0,,1.0,1.0,1.0,1.0,,1.0,,,,,,,,,,1.0,,1.0,1.0,,1.0,,,6.2,8.5,5.5,8.5,4.0,1.25
569,Oslo,2024-07-09,0,2304,5.0,6,4.0,2.0,1.0,1.0,1.0,1.0,1.0,,1.0,1.0,1.0,1.0,1.0,1.0,1.0,1.0,1.0,1.0,,,1.0,,,1.0,1.0,,,,,,,6.2,8.5,5.5,8.5,4.0,1.25
570,Oslo,2024-07-09,0,1535,,,6.0,3.0,,,,,1.0,,1.0,1.0,1.0,1.0,,1.0,,,,,,,,,,,,1.0,,,,,,6.2,8.5,5.5,8.5,4.0,1.25
571,Oslo,2024-07-09,0,1920,4.64,11,6.0,4.0,1.0,,1.0,,1.0,1.0,1.0,1.0,1.0,1.0,1.0,1.0,,1.0,1.0,1.0,1.0,,,1.0,1.0,,1.0,1.0,,,,,,6.2,8.5,5.5,8.5,4.0,1.25
572,Oslo,2024-07-09,0,1613,,,4.0,2.0,,,,,1.0,,1.0,1.0,1.0,1.0,1.0,1.0,,,,,,,1.0,,,,,1.0,,,,,,6.2,8.5,5.5,8.5,4.0,1.25
573,Oslo,2024-07-09,0,1382,4.83,6,2.0,1.0,1.0,1.0,1.0,1.0,1.0,,1.0,1.0,1.0,1.0,1.0,1.0,1.0,1.0,1.0,1.0,1.0,1.0,1.0,1.0,,1.0,1.0,,,1.0,,,,6.2,8.5,5.5,8.5,4.0,1.25
574,Oslo,2024-07-09,0,1919,4.72,25,4.0,2.0,1.0,,,,1.0,,1.0,1.0,,1.0,1.0,1.0,1.0,1.0,,,,,,,,1.0,1.0,,,1.0,,,,6.2,8.5,5.5,8.5,4.0,1.25
575,Oslo,2024-07-09,0,1632,,,2.0,1.0,,,,,1.0,,1.0,1.0,1.0,1.0,,,,,,,,,,,,,,,,,,,,6.2,8.5,5.5,8.5,4.0,1.25
576,Oslo,2024-07-09,0,1535,,,4.0,2.0,1.0,1.0,1.0,,1.0,1.0,1.0,1.0,1.0,1.0,1.0,1.0,,1.0,1.0,1.0,,1.0,1.0,1.0,,,1.0,,,,1.0,,,6.2,8.5,5.5,8.5,4.0,1.25
577,Oslo,2024-07-09,0,1574,4.71,7,2.0,1.0,,,,,1.0,,1.0,1.0,1.0,1.0,1.0,1.0,,,,,,,,,,1.0,1.0,1.0,,,,,,6.2,8.5,5.5,8.5,4.0,1.25
578,Oslo,2024-07-09,0,2234,,,5.0,4.0,1.0,,,1.0,1.0,,1.0,1.0,1.0,1.0,1.0,1.0,,,1.0,1.0,,,1.0,1.0,,,1.0,1.0,,,,,,6.2,8.5,5.5,8.5,4.0,1.25
579,Oslo,2024-07-09,0,1496,5.0,5,3.0,1.0,1.0,,1.0,1.0,1.0,,1.0,1.0,1.0,,,1.0,,1.0,,,,,,,,1.0,,,,,,,,6.2,8.5,5.5,8.5,4.0,1.25
580,Oslo,2024-07-09,0,1843,5.0,9,4.0,2.0,1.0,1.0,1.0,1.0,1.0,,1.0,1.0,,1.0,1.0,1.0,1.0,1.0,1.0,1.0,1.0,1.0,1.0,1.0,1.0,,1.0,,,,,,,6.2,8.5,5.5,8.5,4.0,1.25
581,Oslo,2024-07-09,0,1689,,,6.0,3.0,,,,,1.0,,1.0,1.0,1.0,1.0,1.0,1.0,,,,,,,,,1.0,,,1.0,,,,,,6.2,8.5,5.5,8.5,4.0,1.25
582,Oslo,2024-07-09,0,1305,,,6.0,3.0,1.0,1.0,1.0,,1.0,1.0,1.0,1.0,1.0,1.0,,1.0,1.0,1.0,1.0,1.0,1.0,,,1.0,1.0,,1.0,,,,,,,6.2,8.5,5.5,8.5,4.0,1.25
583,Oslo,2024-07-09,0,1689,4.75,4,2.0,1.0,,,,,1.0,,1.0,1.0,1.0,1.0,,1.0,,,,,,,,,,,,1.0,,,,,,6.2,8.5,5.5,8.5,4.0,1.25
584,Oslo,2024-07-09,0,1528,,,,2.0,1.0,,1.0,,1.0,,1.0,1.0,1.0,1.0,1.0,,,1.0,,,1.0,,1.0,1.0,,,1.0,1.0,,,1.0,,,6.2,8.5,5.5,8.5,4.0,1.25
585,Oslo,2024-07-09,0,1535,5.0,3,6.0,3.0,,,,,1.0,,1.0,1.0,1.0,1.0,1.0,1.0,,,,,,,,,,,,1.0,,,,,,6.2,8.5,5.5,8.5,4.0,1.25
586,Oslo,2024-07-09,0,2226,4.42,12,3.0,2.0,,,,,1.0,1.0,1.0,1.0,1.0,1.0,1.0,1.0,,,,,,,,,,,,1.0,,,,,,6.2,8.5,5.5,8.5,4.0,1.25
587,Oslo,2024-07-09,0,1692,4.51,114,6.0,4.0,1.0,1.0,1.0,,1.0,1.0,1.0,1.0,,1.0,1.0,1.0,1.0,1.0,1.0,1.0,1.0,1.0,1.0,1.0,1.0,1.0,1.0,,,1.0,,,,6.2,8.5,5.5,8.5,4.0,1.25
588,Oslo,2024-07-09,0,1348,4.80,5,2.0,1.0,,,,1.0,1.0,,1.0,1.0,1.0,1.0,,1.0,1.0,,,,1.0,,1.0,,,,1.0,1.0,,,,,,6.2,8.5,5.5,8.5,4.0,1.25
589,Oslo,2024-07-09,0,1535,,,4.0,2.0,1.0,,1.0,,1.0,,1.0,1.0,1.0,1.0,1.0,1.0,,,1.0,1.0,,,,1.0,1.0,,1.0,1.0,,,,,,6.2,8.5,5.5,8.5,4.0,1.25
590,Oslo,2024-07-09,0,1613,4.34,65,6.0,2.0,1.0,,1.0,,1.0,,1.0,1.0,,1.0,1.0,1.0,,1.0,,,1.0,1.0,1.0,,1.0,,1.0,1.0,,,,,,6.2,8.5,5.5,8.5,4.0,1.25
591,Oslo,2024-07-09,0,1927,,,4.0,2.0,1.0,,1.0,,1.0,1.0,1.0,1.0,1.0,1.0,1.0,1.0,1.0,1.0,1.0,1.0,1.0,1.0,,1.0,,,1.0,1.0,,,,,,6.2,8.5,5.5,8.5,4.0,1.25
592,Oslo,2024-07-09,0,1612,,,2.0,1.0,,,,,1.0,,1.0,1.0,1.0,1.0,,1.0,,,,,,,,,,,,1.0,,,,,,6.2,8.5,5.5,8.5,4.0,1.25
593,Oslo,2024-07-09,0,1804,4.33,6,4.0,2.0,1.0,,1.0,,1.0,1.0,1.0,1.0,1.0,1.0,1.0,1.0,1.0,,,,1.0,,1.0,1.0,,,1.0,1.0,,,,,,6.2,8.5,5.5,8.5,4.0,1.25
594,Oslo,2024-07-09,0,2304,,,5.0,3.0,1.0,,,,1.0,1.0,1.0,1.0,1.0,1.0,1.0,1.0,,1.0,,,,,,,,,,,,,1.0,,,6.2,8.5,5.5,8.5,4.0,1.25
595,Oslo,2024-07-09,0,2265,,,8.0,3.0,1.0,1.0,1.0,1.0,1.0,1.0,1.0,1.0,1.0,1.0,1.0,1.0,1.0,1.0,1.0,1.0,1.0,1.0,1.0,1.0,1.0,1.0,1.0,1.0,1.0,,,,,6.2,8.5,5.5,8.5,4.0,1.25
596,Oslo,2024-07-09,0,1689,,,2.0,1.0,,,,,1.0,,1.0,1.0,1.0,1.0,1.0,1.0,,,,,,,,,,,,1.0,,,,,,6.2,8.5,5.5,8.5,4.0,1.25
597,Oslo,2024-07-09,0,2033,,,7.0,3.0,,,,,1.0,1.0,1.0,1.0,1.0,1.0,1.0,1.0,,,,,,,,,1.0,,,1.0,,,1.0,,,6.2,8.5,5.5,8.5,4.0,1.25
598,Oslo,2024-07-09,0,1535,,,2.0,1.0,,,,,1.0,1.0,1.0,1.0,1.0,1.0,1.0,1.0,,,,,1.0,1.0,1.0,1.0,1.0,,1.0,1.0,,,,,,6.2,8.5,5.5,8.5,4.0,1.25
599,Oslo,2024-07-09,0,1613,5.0,6,4.0,2.0,1.0,1.0,1.0,1.0,1.0,,1.0,1.0,1.0,1.0,,1.0,,1.0,1.0,1.0,,,1.0,,1.0,1.0,,,,,1.0,1.0,,6.2,8.5,5.5,8.5,4.0,1.25
600,Oslo,2024-07-09,0,2150,4.67,3,5.0,3.0,1.0,,1.0,1.0,1.0,1.0,1.0,1.0,1.0,1.0,1.0,1.0,,1.0,1.0,1.0,,,1.0,1.0,1.0,1.0,1.0,,,,,,,6.2,8.5,5.5,8.5,4.0,1.25
601,Oslo,2024-07-09,0,1498,,,2.0,1.0,,,,,1.0,,1.0,1.0,1.0,1.0,1.0,1.0,,,,,,,,,,,,,,,,,,6.2,8.5,5.5,8.5,4.0,1.25
602,Oslo,2024-07-09,0,1444,4.56,9,4.0,2.0,1.0,1.0,1.0,1.0,1.0,,1.0,1.0,1.0,1.0,,1.0,1.0,1.0,1.0,1.0,1.0,1.0,1.0,1.0,1.0,,1.0,1.0,,,1.0,,,6.2,8.5,5.5,8.5,4.0,1.25
603,Oslo,2024-07-09,0,1535,,,4.0,2.0,,,,,1.0,,1.0,1.0,1.0,1.0,1.0,,,,,,,,,,,,,1.0,,,,,,6.2,8.5,5.5,8.5,4.0,1.25
604,Oslo,2024-07-09,0,2509,4.57,54,4.0,2.0,1.0,1.0,1.0,1.0,1.0,,1.0,1.0,1.0,1.0,1.0,1.0,1.0,,1.0,1.0,1.0,,1.0,,,1.0,1.0,,,1.0,,,,6.2,8.5,5.5,8.5,4.0,1.25
605,Oslo,2024-07-09,0,1535,4.13,8,2.0,2.0,1.0,1.0,1.0,,1.0,,1.0,1.0,1.0,1.0,,,,1.0,,,1.0,,,,1.0,1.0,,1.0,,1.0,,,,6.2,8.5,5.5,8.5,4.0,1.25
606,Oslo,2024-07-09,0,1374,,,3.0,1.0,1.0,,1.0,,1.0,1.0,1.0,1.0,1.0,1.0,1.0,1.0,,1.0,,,,,,1.0,,,1.0,1.0,,,,,,6.2,8.5,5.5,8.5,4.0,1.25
607,Oslo,2024-07-09,0,1788,4.64,22,5.0,3.0,1.0,,1.0,,1.0,,1.0,1.0,1.0,1.0,1.0,1.0,,1.0,1.0,1.0,1.0,1.0,1.0,1.0,,1.0,1.0,1.0,,1.0,,,,6.2,8.5,5.5,8.5,4.0,1.25
608,Oslo,2024-07-09,0,1842,,,8.0,5.0,1.0,,,,1.0,1.0,1.0,1.0,1.0,1.0,1.0,1.0,,1.0,,,,,1.0,,,1.0,1.0,1.0,1.0,1.0,1.0,,,6.2,8.5,5.5,8.5,4.0,1.25
609,Oslo,2024-07-09,0,1535,4.33,3,6.0,3.0,1.0,1.0,,,1.0,1.0,1.0,1.0,1.0,1.0,1.0,1.0,,1.0,,,1.0,,,,,,,1.0,,,,,,6.2,8.5,5.5,8.5,4.0,1.25
610,Oslo,2024-07-09,0,1452,4.86,7,,3.0,1.0,,,,1.0,,1.0,1.0,,1.0,1.0,1.0,1.0,1.0,,,,,,,,,1.0,,,,,,,6.2,8.5,5.5,8.5,4.0,1.25
611,Oslo,2024-07-09,0,1298,,,2.0,1.0,,,,,,,1.0,1.0,1.0,1.0,,,,,,,,,,,,,,1.0,,,,,,6.2,8.5,5.5,8.5,4.0,1.25
612,Oslo,2024-07-09,0,1996,4.58,24,2.0,1.0,1.0,,,,1.0,,1.0,1.0,,1.0,1.0,,,1.0,,,,,,,,1.0,1.0,,,1.0,,,,6.2,8.5,5.5,8.5,4.0,1.25
613,Oslo,2024-07-09,0,1267,4.67,3,,1.0,1.0,1.0,1.0,,1.0,,1.0,1.0,1.0,1.0,1.0,1.0,1.0,1.0,1.0,1.0,1.0,1.0,1.0,,,1.0,1.0,,,1.0,,,,6.2,8.5,5.5,8.5,4.0,1.25
614,Oslo,2024-07-09,0,1859,4.57,7,3.0,2.0,1.0,,1.0,,1.0,,1.0,1.0,,1.0,1.0,1.0,1.0,,1.0,1.0,,1.0,1.0,1.0,1.0,1.0,1.0,,,1.0,,,,6.2,8.5,5.5,8.5,4.0,1.25
615,Oslo,2024-07-09,0,1298,4.57,7,2.0,1.0,1.0,1.0,1.0,1.0,,1.0,1.0,1.0,1.0,1.0,1.0,1.0,1.0,1.0,1.0,1.0,,1.0,1.0,,,,,1.0,,,,,,6.2,8.5,5.5,8.5,4.0,1.25
616,Oslo,2024-07-09,0,1766,5.0,4,2.0,1.0,1.0,1.0,1.0,,,1.0,1.0,1.0,1.0,1.0,1.0,1.0,,,1.0,1.0,1.0,1.0,,1.0,1.0,,1.0,,,,,,,6.2,8.5,5.5,8.5,4.0,1.25
617,Oslo,2024-07-09,0,1267,,,2.0,1.0,1.0,,1.0,,1.0,,1.0,1.0,,1.0,1.0,,,1.0,,,,,,,,,1.0,,,,,,,6.2,8.5,5.5,8.5,4.0,1.25
618,Oslo,2024-07-09,0,2149,,,8.0,9.0,1.0,,1.0,,1.0,1.0,1.0,1.0,1.0,1.0,1.0,1.0,,1.0,1.0,1.0,1.0,,1.0,,,1.0,1.0,1.0,,1.0,1.0,,,6.2,8.5,5.5,8.5,4.0,1.25
619,Oslo,2024-07-09,0,1811,,,7.0,3.0,1.0,1.0,1.0,1.0,1.0,1.0,1.0,1.0,1.0,1.0,1.0,1.0,1.0,1.0,1.0,1.0,1.0,1.0,1.0,1.0,1.0,,1.0,,1.0,,,,,6.2,8.5,5.5,8.5,4.0,1.25
620,Oslo,2024-07-09,0,1918,,,6.0,3.0,1.0,1.0,1.0,,1.0,,1.0,1.0,1.0,1.0,1.0,1.0,1.0,1.0,1.0,1.0,1.0,,1.0,1.0,1.0,,1.0,1.0,,,1.0,,,6.2,8.5,5.5,8.5,4.0,1.25
621,Oslo,2024-07-09,0,1953,,,4.0,2.0,,,,,1.0,,1.0,1.0,1.0,1.0,1.0,1.0,,,,,,,,,,,,1.0,,,,,,6.2,8.5,5.5,8.5,4.0,1.25
622,Oslo,2024-07-09,0,1292,4.68,122,,1.0,1.0,1.0,1.0,1.0,1.0,1.0,1.0,1.0,1.0,1.0,1.0,1.0,1.0,1.0,1.0,1.0,1.0,1.0,1.0,1.0,1.0,1.0,1.0,,1.0,,,,,6.2,8.5,5.5,8.5,4.0,1.25
623,Oslo,2024-07-09,0,1342,4.75,4,2.0,2.0,,,,,1.0,,1.0,,,1.0,,,,,,,,,,,,,,,,,,,,6.2,8.5,5.5,8.5,4.0,1.25
624,Oslo,2024-07-09,0,1413,4.25,8,4.0,2.0,1.0,,1.0,,1.0,,1.0,1.0,,1.0,1.0,1.0,1.0,,1.0,1.0,1.0,1.0,1.0,1.0,1.0,1.0,,,,1.0,,,,6.2,8.5,5.5,8.5,4.0,1.25
625,Oslo,2024-07-09,0,1261,,,4.0,2.0,1.0,,1.0,1.0,1.0,1.0,1.0,1.0,1.0,1.0,1.0,1.0,,,1.0,1.0,,,,1.0,1.0,,1.0,1.0,,,,,,6.2,8.5,5.5,8.5,4.0,1.25
626,Oslo,2024-07-09,0,2304,5.0,4,2.0,1.0,1.0,1.0,1.0,1.0,1.0,1.0,1.0,1.0,1.0,1.0,1.0,1.0,,,1.0,1.0,,1.0,,1.0,,,1.0,1.0,,,1.0,,,6.2,8.5,5.5,8.5,4.0,1.25
627,Oslo,2024-07-09,0,1405,4.43,7,2.0,1.0,1.0,,,,1.0,1.0,1.0,1.0,1.0,1.0,1.0,,,1.0,,,,,,,,,,,1.0,,,,,6.2,8.5,5.5,8.5,4.0,1.25
628,Oslo,2024-07-09,0,1689,,,5.0,3.0,1.0,,1.0,,1.0,1.0,1.0,1.0,1.0,1.0,1.0,1.0,1.0,1.0,1.0,1.0,1.0,1.0,1.0,1.0,,,1.0,,,,,,,6.2,8.5,5.5,8.5,4.0,1.25
629,Oslo,2024-07-09,0,1893,,,7.0,4.0,1.0,1.0,1.0,1.0,1.0,1.0,1.0,1.0,1.0,1.0,1.0,1.0,,1.0,1.0,1.0,1.0,1.0,1.0,1.0,1.0,,1.0,1.0,1.0,,,,,6.2,8.5,5.5,8.5,4.0,1.25
630,Oslo,2024-07-09,0,1315,,,5.0,3.0,1.0,1.0,1.0,,1.0,,1.0,1.0,1.0,1.0,1.0,1.0,,,1.0,1.0,1.0,,1.0,1.0,,,1.0,1.0,1.0,,,,,6.2,8.5,5.5,8.5,4.0,1.25
631,Oslo,2024-07-09,0,1766,4.40,5,2.0,1.0,1.0,,1.0,,1.0,1.0,1.0,1.0,,1.0,1.0,,,,,,,,,1.0,,1.0,1.0,,,1.0,,,,6.2,8.5,5.5,8.5,4.0,1.25
632,Oslo,2024-07-09,0,1535,,,6.0,4.0,,,,,1.0,1.0,1.0,1.0,1.0,1.0,1.0,1.0,,,,,,,,,,,,,1.0,,,,,6.2,8.5,5.5,8.5,4.0,1.25
633,Oslo,2024-07-09,0,2304,,,4.0,2.0,1.0,,,1.0,1.0,,1.0,1.0,1.0,1.0,1.0,1.0,,1.0,1.0,1.0,,,,,,1.0,,1.0,,1.0,1.0,,,6.2,8.5,5.5,8.5,4.0,1.25
634,Oslo,2024-07-09,0,1267,5.0,9,6.0,4.0,1.0,,,,1.0,,1.0,1.0,,1.0,1.0,1.0,1.0,,1.0,1.0,,1.0,1.0,,1.0,1.0,1.0,,,,,,,6.2,8.5,5.5,8.5,4.0,1.25
635,Oslo,2024-07-09,0,2137,4.67,43,2.0,1.0,1.0,1.0,1.0,1.0,1.0,,1.0,1.0,,1.0,1.0,1.0,,1.0,1.0,1.0,1.0,,1.0,1.0,1.0,1.0,1.0,1.0,,1.0,,,,6.2,8.5,5.5,8.5,4.0,1.25
636,Oslo,2024-07-09,0,1814,,,2.0,1.0,1.0,,1.0,,1.0,1.0,1.0,1.0,1.0,1.0,1.0,1.0,,,1.0,1.0,1.0,1.0,1.0,,1.0,,,1.0,,,,,,6.2,8.5,5.5,8.5,4.0,1.25
637,Oslo,2024-07-09,0,2227,,,5.0,3.0,1.0,1.0,1.0,,1.0,,1.0,1.0,1.0,1.0,1.0,1.0,,1.0,1.0,1.0,1.0,1.0,,,1.0,,1.0,1.0,,,,,,6.2,8.5,5.5,8.5,4.0,1.25
638,Oslo,2024-07-09,0,1849,,,6.0,2.0,,,,,1.0,,1.0,1.0,1.0,1.0,,1.0,,,,,,,1.0,,,,1.0,1.0,,,,,,6.2,8.5,5.5,8.5,4.0,1.25
639,Oslo,2024-07-09,0,1996,,,4.0,2.0,,,,,1.0,,1.0,1.0,1.0,1.0,1.0,1.0,,,,,,,,,,,,1.0,,,,,,6.2,8.5,5.5,8.5,4.0,1.25
640,Oslo,2024-07-09,0,1650,,,3.0,2.0,,,,,1.0,,1.0,1.0,1.0,1.0,1.0,1.0,,,,,,,,,,1.0,1.0,1.0,,,,,,6.2,8.5,5.5,8.5,4.0,1.25
641,Oslo,2024-07-09,0,1306,,,2.0,1.0,1.0,1.0,1.0,1.0,1.0,,1.0,1.0,1.0,1.0,1.0,1.0,,1.0,,,1.0,1.0,1.0,1.0,,1.0,1.0,1.0,,1.0,,,,6.2,8.5,5.5,8.5,4.0,1.25
642,Oslo,2024-07-09,0,1925,,,3.0,2.0,,,,,1.0,1.0,1.0,1.0,1.0,1.0,1.0,1.0,,,,,,,,,1.0,,,1.0,,,,,,6.2,8.5,5.5,8.5,4.0,1.25
643,Oslo,2024-07-09,0,1692,4.27,11,5.0,3.0,1.0,1.0,,,,1.0,1.0,1.0,1.0,1.0,,1.0,,,,,,,,,,1.0,1.0,,,,,,,6.2,8.5,5.5,8.5,4.0,1.25
644,Oslo,2024-07-09,0,1381,4.67,3,2.0,1.0,,,,1.0,,1.0,1.0,,,1.0,,,,,,,,,,,,,,,,,,,,6.2,8.5,5.5,8.5,4.0,1.25
645,Oslo,2024-07-09,0,1920,,,4.0,3.0,,,,,1.0,,1.0,1.0,1.0,1.0,1.0,1.0,,,,,,,,,,,,1.0,,,1.0,,,6.2,8.5,5.5,8.5,4.0,1.25
646,Oslo,2024-07-09,0,1574,,,2.0,1.0,1.0,,1.0,,1.0,,1.0,1.0,1.0,1.0,1.0,1.0,,1.0,1.0,1.0,,,,,,1.0,1.0,1.0,,1.0,,,,6.2,8.5,5.5,8.5,4.0,1.25
647,Oslo,2024-07-09,0,1536,,,3.0,2.0,,,,,1.0,1.0,1.0,1.0,1.0,1.0,1.0,1.0,1.0,,,,,,,,,,,1.0,,,,,,6.2,8.5,5.5,8.5,4.0,1.25
648,Oslo,2024-07-09,0,1996,,,2.0,1.0,,,,,1.0,,1.0,1.0,1.0,1.0,,,1.0,,,,,,,,,,1.0,1.0,,,,,,6.2,8.5,5.5,8.5,4.0,1.25
649,Oslo,2024-07-09,0,1920,,,3.0,1.0,1.0,,1.0,,1.0,1.0,1.0,,,1.0,1.0,1.0,1.0,,1.0,1.0,1.0,1.0,1.0,1.0,1.0,1.0,1.0,1.0,,1.0,1.0,,,6.2,8.5,5.5,8.5,4.0,1.25
650,Oslo,2024-07-09,0,2304,4.94,31,2.0,1.0,1.0,1.0,,1.0,1.0,,,1.0,1.0,1.0,,1.0,,1.0,1.0,1.0,1.0,,1.0,1.0,1.0,,1.0,1.0,,,,,,6.2,8.5,5.5,8.5,4.0,1.25
651,Oslo,2024-07-09,0,1467,4.10,10,3.0,2.0,,,,,1.0,,1.0,1.0,1.0,1.0,1.0,1.0,1.0,,,,,,1.0,,,,1.0,1.0,,,,,1.0,6.2,8.5,5.5,8.5,4.0,1.25
652,Oslo,2024-07-09,0,2074,4.77,13,4.0,2.0,1.0,1.0,1.0,1.0,1.0,1.0,1.0,1.0,1.0,1.0,1.0,1.0,,,1.0,1.0,1.0,1.0,1.0,1.0,1.0,,1.0,1.0,,,,,,6.2,8.5,5.5,8.5,4.0,1.25
653,Oslo,2024-07-09,0,1420,,,3.0,1.0,1.0,1.0,,,1.0,,1.0,1.0,1.0,1.0,1.0,1.0,,,1.0,1.0,1.0,1.0,1.0,1.0,,,1.0,1.0,,,,,,6.2,8.5,5.5,8.5,4.0,1.25
654,Oslo,2024-07-09,0,1458,,,4.0,2.0,1.0,,,,1.0,,1.0,1.0,1.0,1.0,1.0,,,,1.0,1.0,1.0,1.0,1.0,1.0,,,1.0,1.0,,,,,,6.2,8.5,5.5,8.5,4.0,1.25
655,Oslo,2024-07-09,0,1306,,,2.0,1.0,1.0,,1.0,,1.0,1.0,1.0,1.0,1.0,1.0,1.0,,,,,,,1.0,1.0,1.0,,1.0,1.0,,,1.0,,,,6.2,8.5,5.5,8.5,4.0,1.25
656,Oslo,2024-07-09,0,1535,,,4.0,2.0,,,,,1.0,,1.0,1.0,1.0,1.0,,,,,,,,,,,,,,1.0,,,,,,6.2,8.5,5.5,8.5,4.0,1.25
657,Oslo,2024-07-09,0,1260,,,,1.0,,,,,,,,,,,,,,,,,,,,,,,,,,,,,,6.2,8.5,5.5,8.5,4.0,1.25
658,Oslo,2024-07-09,0,2073,4.67,3,6.0,2.0,,,,,1.0,,1.0,1.0,1.0,1.0,1.0,,,,,,,,,,,,1.0,,,,,,,6.2,8.5,5.5,8.5,4.0,1.25
659,Oslo,2024-07-09,0,2304,4.67,3,4.0,3.0,1.0,,1.0,,1.0,,1.0,1.0,1.0,1.0,1.0,1.0,,,1.0,1.0,1.0,1.0,,1.0,1.0,,1.0,,,,,,,6.2,8.5,5.5,8.5,4.0,1.25
660,Oslo,2024-07-09,0,1881,4.25,4,4.0,2.0,,,,,1.0,,1.0,1.0,1.0,1.0,1.0,1.0,,,,,,,,,,1.0,1.0,1.0,,1.0,,,,6.2,8.5,5.5,8.5,4.0,1.25
661,Oslo,2024-07-09,0,1995,4.55,106,8.0,6.0,1.0,1.0,1.0,,1.0,,1.0,1.0,1.0,1.0,,1.0,,1.0,,,1.0,,1.0,,,1.0,1.0,1.0,,1.0,,,,6.2,8.5,5.5,8.5,4.0,1.25
662,Oslo,2024-07-09,0,1482,,,3.0,2.0,1.0,,,,1.0,,1.0,1.0,1.0,1.0,,1.0,,1.0,,,,,,1.0,,1.0,1.0,1.0,,1.0,,,,6.2,8.5,5.5,8.5,4.0,1.25
663,Oslo,2024-07-09,0,1444,,,2.0,1.0,1.0,,1.0,,1.0,,1.0,1.0,1.0,1.0,1.0,1.0,,1.0,1.0,1.0,1.0,1.0,,1.0,,,1.0,1.0,,,,,,6.2,8.5,5.5,8.5,4.0,1.25
664,Oslo,2024-07-09,0,1536,,,,1.0,1.0,,1.0,1.0,1.0,,1.0,1.0,1.0,1.0,1.0,,,1.0,1.0,1.0,1.0,,1.0,1.0,,,1.0,1.0,,,1.0,,,6.2,8.5,5.5,8.5,4.0,1.25
665,Oslo,2024-07-09,0,1751,5.0,3,2.0,1.0,,,,,1.0,,1.0,1.0,1.0,1.0,1.0,1.0,,,,,,,,,,,1.0,1.0,,,1.0,,,6.2,8.5,5.5,8.5,4.0,1.25
666,Oslo,2024-07-09,0,1535,,,5.0,2.0,1.0,1.0,1.0,1.0,1.0,,1.0,1.0,1.0,1.0,1.0,1.0,1.0,1.0,1.0,1.0,1.0,1.0,1.0,1.0,,,1.0,1.0,1.0,,,,,6.2,8.5,5.5,8.5,4.0,1.25
667,Oslo,2024-07-09,0,1308,,,2.0,1.0,,,,,1.0,,1.0,1.0,1.0,1.0,1.0,,,,,,,,,,,,1.0,1.0,,,,,,6.2,8.5,5.5,8.5,4.0,1.25
668,Oslo,2024-07-09,0,1920,,,5.0,1.0,,,,,1.0,,1.0,1.0,1.0,1.0,,1.0,,,,,,,,,,,,1.0,,,,,,6.2,8.5,5.5,8.5,4.0,1.25
669,Oslo,2024-07-09,0,1382,,,8.0,3.0,1.0,,1.0,,,1.0,1.0,1.0,,1.0,1.0,,,,,,,,,,,,1.0,,,,,,,6.2,8.5,5.5,8.5,4.0,1.25
670,Oslo,2024-07-09,0,1720,,,5.0,2.0,,,,,1.0,1.0,1.0,1.0,1.0,1.0,1.0,,1.0,,,,,,,,,1.0,1.0,1.0,1.0,1.0,,,,6.2,8.5,5.5,8.5,4.0,1.25
671,Oslo,2024-07-09,0,1828,,,4.0,2.0,,,,,1.0,,1.0,,,1.0,,,,,,,,,,,,1.0,1.0,,,1.0,,,,6.2,8.5,5.5,8.5,4.0,1.25
672,Oslo,2024-07-09,0,1468,,,3.0,1.0,1.0,,,,1.0,1.0,1.0,1.0,1.0,1.0,1.0,,,1.0,,,,,,,1.0,1.0,,1.0,,1.0,,,,6.2,8.5,5.5,8.5,4.0,1.25
673,Oslo,2024-07-09,0,2152,,,11.0,5.0,,,,,1.0,,1.0,1.0,1.0,1.0,1.0,1.0,,,,,,,,,1.0,,,1.0,1.0,,1.0,,,6.2,8.5,5.5,8.5,4.0,1.25
674,Oslo,2024-07-09,0,1382,5.0,3,,1.0,1.0,,1.0,,,1.0,1.0,1.0,1.0,1.0,1.0,1.0,1.0,,1.0,1.0,1.0,,,1.0,1.0,,1.0,1.0,,,,,,6.2,8.5,5.5,8.5,4.0,1.25
675,Oslo,2024-07-09,0,1689,,,4.0,4.0,,,,,,1.0,1.0,1.0,1.0,1.0,1.0,1.0,,,,,,,,,,,,1.0,,,,,,6.2,8.5,5.5,8.5,4.0,1.25
676,Oslo,2024-07-09,0,2151,,,2.0,1.0,1.0,,1.0,,1.0,1.0,1.0,1.0,1.0,1.0,1.0,,,1.0,1.0,1.0,,1.0,,,,,,1.0,,,,,,6.2,8.5,5.5,8.5,4.0,1.25
677,Oslo,2024-07-09,0,1459,,,4.0,3.0,1.0,,1.0,,,,1.0,1.0,,1.0,1.0,1.0,,,1.0,1.0,1.0,1.0,,,1.0,,1.0,,,,,,,6.2,8.5,5.5,8.5,4.0,1.25
678,Oslo,2024-07-09,0,1919,5.0,5,,2.0,,,,,1.0,,,1.0,1.0,1.0,,,,,,,,,,,,,,1.0,,,,,,6.2,8.5,5.5,8.5,4.0,1.25
679,Oslo,2024-07-09,0,1535,4.33,61,4.0,1.0,,,,,1.0,,1.0,1.0,1.0,1.0,1.0,,,,,,,,,,,,,1.0,,,1.0,,,6.2,8.5,5.5,8.5,4.0,1.25
680,Oslo,2024-07-09,0,1920,,,3.0,1.0,,,,,1.0,,1.0,1.0,1.0,1.0,,1.0,,,,,,,,,,,,,,,,,,6.2,8.5,5.5,8.5,4.0,1.25
681,Oslo,2024-07-09,0,1589,,,2.0,1.0,,,,,1.0,,,1.0,1.0,,,,,,,,,,,,,,,,,,,,,6.2,8.5,5.5,8.5,4.0,1.25
682,Oslo,2024-07-09,0,1753,,,3.0,1.0,,,,,1.0,,1.0,1.0,1.0,1.0,1.0,1.0,,,,,,,,,,,1.0,1.0,,,,,,6.2,8.5,5.5,8.5,4.0,1.25
683,Oslo,2024-07-09,0,2112,,,,3.0,1.0,1.0,,,1.0,,1.0,1.0,1.0,1.0,,1.0,,,,,,,,,,,,1.0,,,1.0,,,6.2,8.5,5.5,8.5,4.0,1.25
684,Oslo,2024-07-09,0,1535,,,,2.0,,,,,1.0,,1.0,1.0,1.0,1.0,,1.0,,,,,,,,,,,1.0,1.0,,,,,,6.2,8.5,5.5,8.5,4.0,1.25
685,Oslo,2024-07-09,0,1267,2.33,3,4.0,2.0,1.0,1.0,,,1.0,,1.0,1.0,1.0,1.0,1.0,1.0,,,,,1.0,,,,1.0,,1.0,1.0,,,,,,6.2,8.5,5.5,8.5,4.0,1.25
686,Oslo,2024-07-09,0,1727,4.38,9,3.0,2.0,1.0,1.0,,,1.0,,1.0,1.0,1.0,1.0,,1.0,,1.0,,,1.0,,,,,,,1.0,,,,,,6.2,8.5,5.5,8.5,4.0,1.25
687,Oslo,2024-07-09,0,1552,3.75,4,2.0,1.0,,,,,1.0,,,1.0,1.0,,,,,,,,,,,,,,,,,,,,,6.2,8.5,5.5,8.5,4.0,1.25
688,Oslo,2024-07-09,0,2273,,,3.0,2.0,1.0,1.0,1.0,,1.0,,1.0,1.0,1.0,1.0,1.0,1.0,1.0,,1.0,1.0,,,,,,,,1.0,,,,,,6.2,8.5,5.5,8.5,4.0,1.25
689,Oslo,2024-07-09,0,2642,,,11.0,7.0,,,,,1.0,,,1.0,1.0,1.0,1.0,1.0,,,,,,,,,,,,1.0,,,,,,6.2,8.5,5.5,8.5,4.0,1.25
690,Oslo,2024-07-09,0,1459,,,2.0,1.0,1.0,,,,,1.0,,,,1.0,1.0,,,,,,,1.0,1.0,,,,1.0,,,,,,,6.2,8.5,5.5,8.5,4.0,1.25
691,Oslo,2024-07-09,0,1613,,,,1.0,,,,,1.0,,1.0,1.0,1.0,1.0,1.0,1.0,,,,,,,1.0,,,,1.0,1.0,,,,,,6.2,8.5,5.5,8.5,4.0,1.25
692,Oslo,2024-07-09,0,2518,4.94,336,6.0,3.0,1.0,1.0,1.0,,1.0,1.0,1.0,1.0,1.0,1.0,1.0,1.0,1.0,1.0,1.0,1.0,1.0,1.0,1.0,1.0,1.0,1.0,1.0,,,1.0,,,,6.2,8.5,5.5,8.5,4.0,1.25
693,Oslo,2024-07-09,0,2841,5.0,20,6.0,3.0,1.0,1.0,1.0,,1.0,1.0,1.0,1.0,1.0,1.0,1.0,1.0,,1.0,1.0,1.0,1.0,1.0,1.0,1.0,,,1.0,1.0,1.0,,,,,6.2,8.5,5.5,8.5,4.0,1.25
694,Oslo,2024-07-09,0,2688,4.96,233,5.0,2.0,1.0,1.0,1.0,1.0,1.0,,1.0,1.0,1.0,1.0,1.0,1.0,1.0,1.0,1.0,1.0,1.0,,1.0,1.0,1.0,,1.0,,,,,,,6.2,8.5,5.5,8.5,4.0,1.25
695,Oslo,2024-07-09,0,2687,5.0,8,6.0,2.0,1.0,1.0,1.0,1.0,1.0,1.0,1.0,1.0,1.0,1.0,1.0,1.0,,,1.0,1.0,1.0,1.0,1.0,1.0,,,1.0,,,,,,,6.2,8.5,5.5,8.5,4.0,1.25
696,Oslo,2024-07-09,0,2880,4.80,5,4.0,2.0,1.0,1.0,1.0,1.0,1.0,1.0,1.0,1.0,1.0,1.0,1.0,1.0,,1.0,1.0,1.0,1.0,,1.0,1.0,1.0,,1.0,,,,,,,6.2,8.5,5.5,8.5,4.0,1.25
697,Oslo,2024-07-09,0,2682,,,8.0,4.0,1.0,,1.0,,1.0,1.0,1.0,1.0,1.0,1.0,1.0,1.0,1.0,1.0,1.0,1.0,1.0,1.0,1.0,1.0,1.0,,1.0,1.0,1.0,,,,,6.2,8.5,5.5,8.5,4.0,1.25
698,Oslo,2024-07-09,0,2904,,,3.0,2.0,,,,,1.0,,1.0,1.0,1.0,1.0,1.0,1.0,,,,,,,,,,,,1.0,,,,,,6.2,8.5,5.5,8.5,4.0,1.25
699,Oslo,2024-07-09,0,2611,,,6.0,3.0,1.0,,1.0,,1.0,,1.0,1.0,,1.0,1.0,1.0,,1.0,1.0,1.0,1.0,1.0,1.0,1.0,,,1.0,1.0,,,1.0,,,6.2,8.5,5.5,8.5,4.0,1.25
700,Oslo,2024-07-09,0,2687,,,4.0,4.0,1.0,1.0,1.0,1.0,1.0,,1.0,,,1.0,1.0,1.0,,1.0,1.0,1.0,1.0,1.0,,,1.0,,1.0,1.0,,,1.0,1.0,1.0,6.2,8.5,5.5,8.5,4.0,1.25
701,Oslo,2024-07-09,0,2458,,,5.0,4.0,1.0,1.0,1.0,1.0,1.0,1.0,1.0,1.0,1.0,1.0,1.0,1.0,,,1.0,1.0,,,1.0,1.0,1.0,1.0,1.0,1.0,,,1.0,,,6.2,8.5,5.5,8.5,4.0,1.25
702,Oslo,2024-07-09,0,3128,,,7.0,4.0,,,,,1.0,,1.0,1.0,1.0,1.0,,1.0,,,,,,,,,,,,1.0,,,1.0,,,6.2,8.5,5.5,8.5,4.0,1.25
703,Oslo,2024-07-09,0,2609,4.87,68,5.0,2.0,1.0,,1.0,1.0,1.0,1.0,1.0,1.0,1.0,1.0,1.0,1.0,1.0,1.0,1.0,1.0,1.0,1.0,1.0,1.0,1.0,,1.0,,,,,,,6.2,8.5,5.5,8.5,4.0,1.25
704,Oslo,2024-07-09,0,2557,4.68,34,7.0,3.0,1.0,,1.0,1.0,1.0,1.0,1.0,1.0,1.0,1.0,1.0,1.0,,1.0,1.0,1.0,,,,1.0,1.0,,1.0,1.0,,,,,,6.2,8.5,5.5,8.5,4.0,1.25
705,Oslo,2024-07-09,0,2674,4.66,103,9.0,7.0,1.0,1.0,1.0,1.0,1.0,,1.0,1.0,1.0,1.0,1.0,1.0,,1.0,1.0,1.0,1.0,1.0,1.0,1.0,1.0,1.0,1.0,,,1.0,,,,6.2,8.5,5.5,8.5,4.0,1.25
706,Oslo,2024-07-09,0,2912,,,4.0,3.0,,,,,1.0,,1.0,1.0,1.0,1.0,1.0,1.0,,,,,,,,,,,,1.0,,,1.0,,,6.2,8.5,5.5,8.5,4.0,1.25
707,Oslo,2024-07-09,0,2700,4.67,3,3.0,2.0,1.0,,1.0,,1.0,,1.0,1.0,,1.0,1.0,1.0,,1.0,,,,,1.0,1.0,1.0,,1.0,1.0,,,1.0,,,6.2,8.5,5.5,8.5,4.0,1.25
708,Oslo,2024-07-09,0,2980,,,5.0,3.0,,,,,1.0,,1.0,1.0,1.0,1.0,1.0,1.0,,,,,,,,,,,,1.0,,,1.0,,,6.2,8.5,5.5,8.5,4.0,1.25
709,Oslo,2024-07-09,0,2534,4.75,44,4.0,2.0,1.0,1.0,1.0,,1.0,,1.0,1.0,1.0,1.0,1.0,1.0,,1.0,1.0,1.0,1.0,1.0,1.0,1.0,,1.0,1.0,,,1.0,1.0,,,6.2,8.5,5.5,8.5,4.0,1.25
710,Oslo,2024-07-09,0,2534,,,6.0,3.0,1.0,1.0,1.0,,1.0,1.0,1.0,1.0,1.0,1.0,1.0,1.0,1.0,1.0,1.0,1.0,1.0,1.0,1.0,1.0,1.0,,1.0,1.0,,,,,,6.2,8.5,5.5,8.5,4.0,1.25
711,Oslo,2024-07-09,0,2572,,,3.0,1.0,,,,,1.0,1.0,1.0,1.0,1.0,1.0,1.0,1.0,1.0,,,,,,,,1.0,,1.0,1.0,,,1.0,,,6.2,8.5,5.5,8.5,4.0,1.25
712,Oslo,2024-07-09,0,2733,5.0,3,3.0,1.0,1.0,1.0,1.0,,1.0,1.0,1.0,1.0,,1.0,,1.0,1.0,1.0,1.0,1.0,1.0,1.0,1.0,1.0,,,1.0,,,,,,,6.2,8.5,5.5,8.5,4.0,1.25
713,Oslo,2024-07-09,0,2905,4.50,44,9.0,6.0,1.0,,1.0,,1.0,,,1.0,1.0,1.0,,1.0,,1.0,,,,,,,,,,1.0,,,,,,6.2,8.5,5.5,8.5,4.0,1.25
714,Oslo,2024-07-09,0,2496,,,7.0,3.0,1.0,1.0,1.0,,1.0,1.0,1.0,1.0,1.0,1.0,1.0,1.0,1.0,1.0,1.0,1.0,1.0,1.0,1.0,1.0,1.0,1.0,1.0,1.0,1.0,1.0,,,,6.2,8.5,5.5,8.5,4.0,1.25
715,Oslo,2024-07-09,0,2687,,,6.0,6.0,,,,,1.0,1.0,1.0,1.0,1.0,1.0,1.0,1.0,1.0,,,,,,1.0,,,,,1.0,,,1.0,,,6.2,8.5,5.5,8.5,4.0,1.25
716,Oslo,2024-07-09,0,2687,4.60,10,2.0,1.0,,1.0,1.0,,1.0,1.0,1.0,1.0,1.0,1.0,1.0,1.0,,,,,,1.0,1.0,1.0,1.0,,,1.0,,,,,,6.2,8.5,5.5,8.5,4.0,1.25
717,Oslo,2024-07-09,0,2876,,,3.0,3.0,1.0,,,,1.0,,1.0,1.0,1.0,1.0,1.0,1.0,1.0,1.0,,,,,,,1.0,,1.0,1.0,1.0,,,,,6.2,8.5,5.5,8.5,4.0,1.25
718,Oslo,2024-07-09,0,2688,4.54,35,9.0,4.0,1.0,,1.0,,1.0,,,1.0,1.0,1.0,,1.0,,1.0,,,,,,,,,,1.0,,,,,,6.2,8.5,5.5,8.5,4.0,1.25
719,Oslo,2024-07-09,0,2687,,,4.0,3.0,1.0,,,,1.0,,1.0,1.0,1.0,1.0,1.0,1.0,,1.0,,,,,,,1.0,,,1.0,,,1.0,,,6.2,8.5,5.5,8.5,4.0,1.25
720,Oslo,2024-07-09,0,2688,,,4.0,2.0,1.0,,1.0,1.0,1.0,1.0,1.0,1.0,1.0,1.0,1.0,1.0,1.0,,1.0,1.0,1.0,1.0,1.0,1.0,,,1.0,1.0,,,1.0,,,6.2,8.5,5.5,8.5,4.0,1.25
721,Oslo,2024-07-09,0,2687,,,2.0,1.0,1.0,,,,1.0,,1.0,1.0,1.0,1.0,,,1.0,1.0,,,,,,,,1.0,,1.0,,1.0,1.0,,,6.2,8.5,5.5,8.5,4.0,1.25
722,Oslo,2024-07-09,0,2687,,,6.0,3.0,,,,,1.0,,1.0,1.0,1.0,1.0,1.0,1.0,,,,,,,,,,,,1.0,,,1.0,,,6.2,8.5,5.5,8.5,4.0,1.25
