,city,date,treat,price,rating,omtaler,gæster,soveværelser,bathroom,hair dryer,shampoo,hot water,hangers,bed linen,blackout curtains,entertainment,work,family,security,wi-fi,parkering and faciliteter,host,mailbox,other,cleaning products,washing machine,fireplace,temperature,kitchen,refrigerator,dishwasher,attractions nearby,outdoor,pool etc.,view,smoking allowed,fitness equipment,Sights,Safety,Shopping,Location,Climate,Affordability
0,Zürich,2024-07-09,1,992,,,1.0,1.0,1.0,1.0,1.0,1.0,1.0,1.0,1.0,1.0,1.0,1.0,1.0,1.0,1.0,,,,,,,,,,,,,,,,,5.65,8.75,5.0,8.25,4.25,0.75
1,Zürich,2024-07-09,1,706,4.52,174,,1.0,1.0,,,1.0,,1.0,,,1.0,,,1.0,1.0,1.0,1.0,,,,,,,,,,,,,,,5.65,8.75,5.0,8.25,4.25,0.75
2,Zürich,2024-07-09,1,798,4.98,40,,1.0,1.0,1.0,1.0,1.0,,,1.0,1.0,1.0,1.0,1.0,,1.0,1.0,1.0,1.0,1.0,1.0,1.0,1.0,1.0,1.0,1.0,1.0,1.0,1.0,,,,5.65,8.75,5.0,8.25,4.25,0.75
3,Zürich,2024-07-09,1,603,4.69,201,1.0,1.0,1.0,1.0,1.0,,,,,,1.0,,1.0,1.0,1.0,1.0,,,,,,1.0,,,,,,,,,,5.65,8.75,5.0,8.25,4.25,0.75
4,Zürich,2024-07-09,1,980,4.70,89,3.0,2.0,1.0,1.0,1.0,1.0,1.0,1.0,,1.0,1.0,1.0,1.0,1.0,1.0,,,,,,,,1.0,,,1.0,,,,,,5.65,8.75,5.0,8.25,4.25,0.75
5,Zürich,2024-07-09,1,992,4.50,18,,1.0,1.0,1.0,1.0,1.0,1.0,1.0,1.0,1.0,1.0,1.0,1.0,1.0,1.0,,,1.0,1.0,,,,1.0,1.0,,,,,1.0,,,5.65,8.75,5.0,8.25,4.25,0.75
6,Zürich,2024-07-09,1,834,4.87,76,,1.0,1.0,1.0,1.0,1.0,1.0,1.0,,1.0,1.0,1.0,1.0,1.0,,,,,,,,1.0,1.0,,,1.0,,,,,,5.65,8.75,5.0,8.25,4.25,0.75
7,Zürich,2024-07-09,1,679,4.99,102,,1.0,1.0,1.0,1.0,1.0,1.0,,1.0,1.0,1.0,1.0,,,1.0,,,1.0,1.0,1.0,,1.0,1.0,1.0,1.0,,1.0,,,,,5.65,8.75,5.0,8.25,4.25,0.75
8,Zürich,2024-07-09,1,898,4.88,48,,1.0,1.0,1.0,1.0,1.0,1.0,1.0,,1.0,1.0,1.0,1.0,1.0,1.0,,,,,,,,1.0,,,1.0,,,,,,5.65,8.75,5.0,8.25,4.25,0.75
9,Zürich,2024-07-09,1,551,4.73,123,,1.0,1.0,1.0,1.0,1.0,1.0,1.0,1.0,1.0,1.0,1.0,,1.0,1.0,,,1.0,1.0,,1.0,,1.0,1.0,1.0,,1.0,,,,,5.65,8.75,5.0,8.25,4.25,0.75
10,Zürich,2024-07-09,1,641,4.80,5,,1.0,1.0,1.0,,,,,,1.0,1.0,,1.0,1.0,1.0,1.0,1.0,,,,,,1.0,1.0,,,1.0,,,,,5.65,8.75,5.0,8.25,4.25,0.75
11,Zürich,2024-07-09,1,540,4.93,380,2.0,1.0,1.0,1.0,1.0,1.0,1.0,1.0,1.0,1.0,1.0,1.0,1.0,,1.0,1.0,1.0,1.0,1.0,,,1.0,1.0,1.0,1.0,1.0,1.0,,1.0,,,5.65,8.75,5.0,8.25,4.25,0.75
12,Zürich,2024-07-09,1,660,4.61,141,,1.0,1.0,1.0,1.0,1.0,,,1.0,,1.0,,,1.0,1.0,,,,,1.0,,,1.0,1.0,,,1.0,,,,,5.65,8.75,5.0,8.25,4.25,0.75
13,Zürich,2024-07-09,1,660,4.60,121,,1.0,1.0,1.0,1.0,1.0,1.0,1.0,,1.0,1.0,,,1.0,1.0,,,,,1.0,,,1.0,1.0,1.0,1.0,1.0,,,,,5.65,8.75,5.0,8.25,4.25,0.75
14,Zürich,2024-07-09,1,651,4.86,64,2.0,2.0,1.0,1.0,1.0,1.0,1.0,1.0,,,1.0,1.0,,1.0,1.0,,,,,1.0,,,1.0,1.0,1.0,,1.0,,1.0,,,5.65,8.75,5.0,8.25,4.25,0.75
15,Zürich,2024-07-09,1,944,4.72,170,,1.0,1.0,1.0,1.0,1.0,1.0,1.0,,1.0,1.0,,,1.0,1.0,1.0,1.0,,,1.0,,,1.0,1.0,,,,,,,,5.65,8.75,5.0,8.25,4.25,0.75
16,Zürich,2024-07-09,1,816,4.50,4,1.0,1.0,1.0,,1.0,1.0,1.0,,,1.0,1.0,,,,,,,1.0,1.0,1.0,,1.0,1.0,,,,,,,,,5.65,8.75,5.0,8.25,4.25,0.75
17,Zürich,2024-07-09,1,742,5.0,14,,1.0,1.0,1.0,1.0,1.0,1.0,,,,1.0,,1.0,1.0,1.0,,,1.0,1.0,,,,1.0,1.0,,,,,,,,5.65,8.75,5.0,8.25,4.25,0.75
18,Zürich,2024-07-09,1,733,4.96,27,2.0,1.0,1.0,1.0,1.0,1.0,,1.0,1.0,1.0,1.0,1.0,1.0,1.0,1.0,1.0,1.0,1.0,1.0,,,1.0,1.0,1.0,,1.0,1.0,,1.0,,,5.65,8.75,5.0,8.25,4.25,0.75
19,Zürich,2024-07-09,1,550,4.93,90,,1.0,1.0,1.0,1.0,1.0,1.0,,1.0,1.0,1.0,1.0,1.0,1.0,1.0,,,1.0,1.0,1.0,,1.0,1.0,1.0,1.0,,1.0,,,1.0,,5.65,8.75,5.0,8.25,4.25,0.75
20,Zürich,2024-07-09,1,1026,4.95,20,,1.0,1.0,1.0,,1.0,1.0,1.0,1.0,1.0,1.0,,1.0,1.0,1.0,,,1.0,1.0,,,1.0,1.0,1.0,1.0,1.0,1.0,,1.0,,,5.65,8.75,5.0,8.25,4.25,0.75
21,Zürich,2024-07-09,1,603,4.64,22,1.0,1.0,1.0,1.0,1.0,,,,,,1.0,,1.0,1.0,1.0,1.0,,,,,,1.0,,,,,,,,,,5.65,8.75,5.0,8.25,4.25,0.75
22,Zürich,2024-07-09,1,980,4.65,52,1.0,1.0,1.0,,,1.0,,1.0,,,1.0,,1.0,1.0,1.0,,,,,,,,,,,,,,,,,5.65,8.75,5.0,8.25,4.25,0.75
23,Zürich,2024-07-09,1,733,4.82,34,,1.0,1.0,1.0,1.0,1.0,1.0,1.0,,1.0,1.0,1.0,,1.0,1.0,1.0,1.0,1.0,1.0,1.0,,1.0,1.0,1.0,,,,,,,,5.65,8.75,5.0,8.25,4.25,0.75
24,Zürich,2024-07-09,1,568,4.73,117,,1.0,1.0,1.0,1.0,1.0,1.0,1.0,1.0,1.0,1.0,1.0,1.0,1.0,1.0,,,1.0,1.0,,,,1.0,1.0,,,1.0,,1.0,,,5.65,8.75,5.0,8.25,4.25,0.75
25,Zürich,2024-07-09,1,477,4.85,196,,1.0,1.0,1.0,1.0,1.0,1.0,,,,1.0,,1.0,1.0,1.0,,,,,1.0,,,1.0,1.0,,1.0,1.0,,,,,5.65,8.75,5.0,8.25,4.25,0.75
26,Zürich,2024-07-09,1,431,4.63,109,,2.0,1.0,1.0,,1.0,1.0,1.0,,1.0,1.0,1.0,1.0,1.0,1.0,,,,,1.0,,,1.0,1.0,,,,,,,,5.65,8.75,5.0,8.25,4.25,0.75
27,Zürich,2024-07-09,1,697,4.93,265,,1.0,1.0,1.0,1.0,1.0,1.0,1.0,1.0,1.0,1.0,1.0,1.0,,1.0,,,1.0,1.0,,,1.0,1.0,1.0,1.0,,1.0,,1.0,,,5.65,8.75,5.0,8.25,4.25,0.75
28,Zürich,2024-07-09,1,421,4.69,42,,2.0,1.0,1.0,1.0,1.0,1.0,,1.0,1.0,1.0,1.0,1.0,1.0,1.0,,,,,,,,1.0,1.0,1.0,,,,1.0,,,5.65,8.75,5.0,8.25,4.25,0.75
29,Zürich,2024-07-09,1,980,4.56,68,3.0,2.0,1.0,1.0,1.0,1.0,1.0,1.0,,1.0,1.0,1.0,1.0,1.0,1.0,,,,,,,,1.0,1.0,,1.0,1.0,,,,,5.65,8.75,5.0,8.25,4.25,0.75
30,Zürich,2024-07-09,1,678,4.86,400,3.0,4.0,1.0,1.0,1.0,1.0,1.0,,1.0,1.0,1.0,1.0,1.0,,1.0,,,1.0,1.0,,,1.0,1.0,1.0,,1.0,1.0,,1.0,,,5.65,8.75,5.0,8.25,4.25,0.75
31,Zürich,2024-07-09,1,477,4.78,82,,2.0,1.0,1.0,1.0,1.0,,,1.0,1.0,1.0,1.0,,,1.0,1.0,1.0,1.0,1.0,,,,1.0,1.0,,,1.0,,1.0,,,5.65,8.75,5.0,8.25,4.25,0.75
32,Zürich,2024-07-09,1,724,,,,1.0,,,,,,,,,,,1.0,,1.0,,,,,1.0,,,,,,,,,,,,5.65,8.75,5.0,8.25,4.25,0.75
33,Zürich,2024-07-09,1,687,4.98,51,,1.0,1.0,1.0,1.0,1.0,1.0,,,,1.0,,,1.0,1.0,,,,,,,,1.0,1.0,,,1.0,,,,,5.65,8.75,5.0,8.25,4.25,0.75
34,Zürich,2024-07-09,1,596,4.86,180,,2.0,1.0,1.0,1.0,1.0,1.0,1.0,,1.0,1.0,1.0,1.0,1.0,1.0,,,,,1.0,,,1.0,1.0,,1.0,1.0,,,,,5.65,8.75,5.0,8.25,4.25,0.75
35,Zürich,2024-07-09,1,632,4.79,75,,1.0,1.0,1.0,1.0,1.0,1.0,,1.0,1.0,1.0,1.0,,,1.0,,,,,,,,1.0,1.0,1.0,1.0,1.0,,1.0,,,5.65,8.75,5.0,8.25,4.25,0.75
36,Zürich,2024-07-09,1,752,,,4.0,2.0,1.0,1.0,1.0,1.0,,,,1.0,1.0,1.0,,1.0,1.0,1.0,1.0,1.0,1.0,,,1.0,1.0,1.0,1.0,,,,1.0,,,5.65,8.75,5.0,8.25,4.25,0.75
37,Zürich,2024-07-09,1,559,5.0,3,4.0,1.0,,,,,,,,1.0,1.0,,1.0,1.0,,,,,,,,,1.0,,,,,,,,,5.65,8.75,5.0,8.25,4.25,0.75
38,Zürich,2024-07-09,1,477,4.88,88,4.0,2.0,1.0,1.0,,1.0,,,,,,1.0,1.0,,1.0,,,,,,,,1.0,1.0,,1.0,1.0,,1.0,,,5.65,8.75,5.0,8.25,4.25,0.75
39,Zürich,2024-07-09,1,917,4.84,250,,1.0,1.0,1.0,1.0,1.0,1.0,,1.0,1.0,1.0,1.0,1.0,1.0,1.0,,,,,1.0,,,1.0,,,,,1.0,,,,5.65,8.75,5.0,8.25,4.25,0.75
40,Zürich,2024-07-09,1,642,4.76,50,,1.0,1.0,1.0,1.0,1.0,1.0,1.0,1.0,1.0,1.0,1.0,,,1.0,,,1.0,1.0,,1.0,1.0,1.0,1.0,1.0,,1.0,,,,,5.65,8.75,5.0,8.25,4.25,0.75
41,Zürich,2024-07-09,1,551,4.89,35,,1.0,1.0,1.0,1.0,1.0,,1.0,,1.0,1.0,1.0,,,1.0,1.0,1.0,1.0,1.0,,,1.0,1.0,1.0,1.0,1.0,1.0,,1.0,,1.0,5.65,8.75,5.0,8.25,4.25,0.75
42,Zürich,2024-07-09,1,649,4.78,27,1.0,1.0,1.0,1.0,1.0,,,,,,1.0,,1.0,1.0,1.0,1.0,,,,,,1.0,,,,,,,,,,5.65,8.75,5.0,8.25,4.25,0.75
43,Zürich,2024-07-09,1,733,4.79,136,,1.0,1.0,1.0,1.0,1.0,1.0,,,1.0,1.0,,1.0,1.0,1.0,,,1.0,1.0,,,,1.0,1.0,,1.0,1.0,,1.0,,,5.65,8.75,5.0,8.25,4.25,0.75
44,Zürich,2024-07-09,1,486,4.74,54,,2.0,1.0,1.0,,1.0,1.0,,,1.0,1.0,1.0,1.0,1.0,1.0,,,,,1.0,,1.0,1.0,1.0,1.0,,1.0,,,,,5.65,8.75,5.0,8.25,4.25,0.75
45,Zürich,2024-07-09,1,883,4.64,11,1.0,1.0,,,,,,,,1.0,1.0,,1.0,1.0,,,,,,,,,,,,,1.0,,,,,5.65,8.75,5.0,8.25,4.25,0.75
46,Zürich,2024-07-09,1,752,4.91,123,,2.0,1.0,1.0,,1.0,1.0,1.0,1.0,,1.0,1.0,,1.0,1.0,,,,,,,,1.0,1.0,,1.0,,,,,,5.65,8.75,5.0,8.25,4.25,0.75
47,Zürich,2024-07-09,1,760,4.81,32,,1.0,1.0,1.0,1.0,1.0,1.0,1.0,1.0,1.0,1.0,1.0,1.0,1.0,1.0,,,,,1.0,,,1.0,1.0,,1.0,1.0,,1.0,,,5.65,8.75,5.0,8.25,4.25,0.75
48,Zürich,2024-07-09,1,716,5.0,35,,1.0,1.0,1.0,1.0,1.0,1.0,1.0,1.0,1.0,1.0,1.0,1.0,1.0,1.0,1.0,1.0,1.0,1.0,,,1.0,1.0,1.0,1.0,,1.0,,,,,5.65,8.75,5.0,8.25,4.25,0.75
49,Zürich,2024-07-09,1,917,4.92,12,,2.0,1.0,1.0,1.0,1.0,1.0,1.0,1.0,1.0,1.0,1.0,1.0,1.0,1.0,,,1.0,1.0,,,,1.0,1.0,1.0,,1.0,,1.0,,,5.65,8.75,5.0,8.25,4.25,0.75
50,Zürich,2024-07-09,1,980,4.81,16,,1.0,1.0,1.0,,1.0,1.0,1.0,1.0,1.0,1.0,1.0,1.0,1.0,1.0,,,1.0,1.0,1.0,,,1.0,1.0,1.0,1.0,1.0,,,,,5.65,8.75,5.0,8.25,4.25,0.75
51,Zürich,2024-07-09,1,706,5.0,22,,1.0,1.0,1.0,1.0,,1.0,,,,1.0,,,1.0,1.0,,,,,1.0,,,1.0,,,,,,1.0,,,5.65,8.75,5.0,8.25,4.25,0.75
52,Zürich,2024-07-09,1,503,4.97,30,,1.0,1.0,1.0,,1.0,,,1.0,1.0,1.0,,,1.0,1.0,,,1.0,1.0,1.0,1.0,,1.0,1.0,1.0,1.0,1.0,,1.0,1.0,,5.65,8.75,5.0,8.25,4.25,0.75
53,Zürich,2024-07-09,1,889,4.92,53,,2.0,1.0,1.0,1.0,1.0,1.0,,1.0,,1.0,1.0,,,1.0,,,,,,,,1.0,,1.0,,1.0,,1.0,,,5.65,8.75,5.0,8.25,4.25,0.75
54,Zürich,2024-07-09,1,611,4.62,39,,1.0,1.0,1.0,1.0,1.0,1.0,1.0,,,1.0,1.0,1.0,1.0,1.0,1.0,,,,1.0,,,1.0,,,,1.0,,,,,5.65,8.75,5.0,8.25,4.25,0.75
55,Zürich,2024-07-09,1,733,5.0,15,,2.0,1.0,1.0,,1.0,1.0,1.0,1.0,1.0,1.0,1.0,1.0,1.0,1.0,,,,,1.0,,,1.0,1.0,,,1.0,,1.0,,,5.65,8.75,5.0,8.25,4.25,0.75
56,Zürich,2024-07-09,1,660,5.0,11,,1.0,1.0,1.0,1.0,1.0,,,,,1.0,,,1.0,,,,,,,,,,,,,,,,,,5.65,8.75,5.0,8.25,4.25,0.75
57,Zürich,2024-07-09,1,574,4.66,32,,1.0,1.0,,,1.0,1.0,1.0,1.0,1.0,1.0,1.0,1.0,,,1.0,1.0,1.0,1.0,,,,1.0,1.0,1.0,1.0,1.0,,1.0,,,5.65,8.75,5.0,8.25,4.25,0.75
58,Zürich,2024-07-09,1,944,4.96,23,2.0,1.0,1.0,1.0,1.0,1.0,1.0,,1.0,1.0,1.0,,1.0,1.0,1.0,,,,,1.0,,1.0,1.0,1.0,1.0,1.0,1.0,,,,,5.65,8.75,5.0,8.25,4.25,0.75
59,Zürich,2024-07-09,1,1056,4.94,36,,1.0,1.0,1.0,1.0,1.0,1.0,,1.0,1.0,1.0,1.0,1.0,1.0,1.0,,,,,,,1.0,1.0,,,1.0,1.0,,1.0,,,5.65,8.75,5.0,8.25,4.25,0.75
60,Zürich,2024-07-09,1,888,5.0,9,,1.0,1.0,1.0,1.0,1.0,1.0,,1.0,1.0,1.0,,1.0,1.0,1.0,,,1.0,1.0,1.0,,1.0,1.0,1.0,1.0,1.0,1.0,,1.0,1.0,,5.65,8.75,5.0,8.25,4.25,0.75
61,Zürich,2024-07-09,1,385,4.78,27,,1.0,1.0,1.0,,1.0,1.0,,1.0,1.0,1.0,1.0,1.0,1.0,1.0,,,1.0,1.0,,,1.0,1.0,,1.0,,1.0,,,,,5.65,8.75,5.0,8.25,4.25,0.75
62,Zürich,2024-07-09,1,421,4.88,8,2.0,1.0,,,,,,,,,,,1.0,,1.0,,,,,,,,1.0,,,,,,1.0,,,5.65,8.75,5.0,8.25,4.25,0.75
63,Zürich,2024-07-09,1,649,4.88,8,1.0,1.0,1.0,1.0,1.0,,,,,,1.0,,1.0,1.0,1.0,1.0,,,,,,1.0,,,,,,,,,,5.65,8.75,5.0,8.25,4.25,0.75
64,Zürich,2024-07-09,1,641,4.84,45,,1.0,1.0,1.0,1.0,1.0,1.0,1.0,,1.0,1.0,1.0,,,1.0,,,,,1.0,,,1.0,,1.0,,1.0,,,1.0,,5.65,8.75,5.0,8.25,4.25,0.75
65,Zürich,2024-07-09,1,798,4.40,10,2.0,1.0,1.0,1.0,1.0,1.0,1.0,1.0,,1.0,1.0,1.0,,1.0,,,,,,,,1.0,1.0,1.0,1.0,,1.0,,,1.0,,5.65,8.75,5.0,8.25,4.25,0.75
66,Zürich,2024-07-09,1,688,,,1.0,1.0,1.0,,,1.0,,1.0,1.0,1.0,1.0,1.0,1.0,1.0,1.0,,,,,1.0,,,1.0,,,1.0,1.0,,,,,5.65,8.75,5.0,8.25,4.25,0.75
67,Zürich,2024-07-09,1,540,4.0,10,,1.0,1.0,,,1.0,,,,,1.0,,1.0,1.0,,1.0,,,,,,,,,,,,,,,,5.65,8.75,5.0,8.25,4.25,0.75
68,Zürich,2024-07-09,1,366,4.96,51,2.0,2.0,1.0,1.0,1.0,1.0,1.0,,,1.0,1.0,1.0,1.0,1.0,1.0,,,1.0,1.0,,,,1.0,1.0,,,1.0,,,,,5.65,8.75,5.0,8.25,4.25,0.75
69,Zürich,2024-07-09,1,491,4.69,13,,,1.0,,,1.0,,1.0,,1.0,1.0,1.0,1.0,1.0,1.0,,,,,1.0,,,1.0,,,,1.0,,,,,5.65,8.75,5.0,8.25,4.25,0.75
70,Zürich,2024-07-09,1,852,3.88,8,,1.0,1.0,1.0,1.0,1.0,,1.0,,1.0,1.0,1.0,1.0,,1.0,,,,,,,1.0,1.0,1.0,1.0,,1.0,,,,,5.65,8.75,5.0,8.25,4.25,0.75
71,Zürich,2024-07-09,1,586,4.82,40,,1.0,1.0,,1.0,1.0,,,,1.0,1.0,,1.0,1.0,1.0,,,,,1.0,,,1.0,,,,,,,,,5.65,8.75,5.0,8.25,4.25,0.75
72,Zürich,2024-07-09,1,880,,,,1.0,1.0,1.0,,1.0,1.0,1.0,1.0,,1.0,1.0,1.0,1.0,1.0,1.0,1.0,1.0,1.0,1.0,,,1.0,,1.0,1.0,,,,,,5.65,8.75,5.0,8.25,4.25,0.75
73,Zürich,2024-07-09,1,888,4.97,36,,1.0,1.0,,,1.0,1.0,1.0,1.0,1.0,1.0,,,,1.0,,,,,1.0,,1.0,,,,1.0,1.0,,,,,5.65,8.75,5.0,8.25,4.25,0.75
74,Zürich,2024-07-09,1,641,5.0,4,,1.0,,,,,,,,1.0,1.0,,1.0,1.0,,,,,,1.0,,,1.0,1.0,,,1.0,,,,,5.65,8.75,5.0,8.25,4.25,0.75
75,Zürich,2024-07-09,1,183,4.78,74,10.0,,1.0,,,1.0,,,,,,,1.0,,1.0,,,,,,,,1.0,1.0,,,1.0,,1.0,,,5.65,8.75,5.0,8.25,4.25,0.75
76,Zürich,2024-07-09,1,458,5.0,16,,1.0,1.0,1.0,,1.0,1.0,1.0,1.0,1.0,1.0,1.0,1.0,1.0,1.0,,,,,1.0,,,1.0,1.0,,,1.0,,1.0,,,5.65,8.75,5.0,8.25,4.25,0.75
77,Zürich,2024-07-09,1,1008,5.0,28,,1.0,1.0,1.0,1.0,1.0,1.0,1.0,,1.0,1.0,1.0,1.0,1.0,1.0,1.0,1.0,1.0,1.0,,,,1.0,1.0,1.0,1.0,1.0,,1.0,,,5.65,8.75,5.0,8.25,4.25,0.75
78,Zürich,2024-07-09,1,660,4.92,92,5.0,4.0,1.0,1.0,,1.0,1.0,1.0,1.0,1.0,1.0,1.0,,1.0,1.0,,,1.0,1.0,,,1.0,1.0,1.0,,1.0,1.0,,1.0,,,5.65,8.75,5.0,8.25,4.25,0.75
79,Zürich,2024-07-09,1,477,4.75,4,,1.0,1.0,1.0,,,,,,1.0,1.0,,1.0,1.0,,1.0,1.0,,,,,,1.0,1.0,,,,,,,,5.65,8.75,5.0,8.25,4.25,0.75
80,Zürich,2024-07-09,1,446,,,,1.0,,,,,,,,1.0,1.0,,1.0,1.0,,,,,,1.0,,,1.0,,,,,,,,,5.65,8.75,5.0,8.25,4.25,0.75
81,Zürich,2024-07-09,1,570,,,3.0,1.0,1.0,1.0,1.0,1.0,,1.0,,1.0,1.0,,,1.0,1.0,,,1.0,1.0,1.0,,1.0,1.0,,,,,,,,,5.65,8.75,5.0,8.25,4.25,0.75
82,Zürich,2024-07-09,1,790,4.92,111,,5.0,1.0,1.0,1.0,1.0,1.0,1.0,1.0,1.0,1.0,1.0,1.0,,1.0,,,1.0,1.0,,,1.0,1.0,1.0,,,1.0,,1.0,,,5.65,8.75,5.0,8.25,4.25,0.75
83,Zürich,2024-07-09,1,587,5.0,17,,1.0,1.0,1.0,1.0,1.0,1.0,1.0,1.0,1.0,1.0,1.0,,1.0,1.0,,,1.0,1.0,1.0,1.0,,1.0,1.0,1.0,1.0,1.0,1.0,1.0,,,5.65,8.75,5.0,8.25,4.25,0.75
84,Zürich,2024-07-09,1,623,4.38,13,,1.0,1.0,1.0,1.0,1.0,,1.0,,1.0,1.0,1.0,1.0,1.0,1.0,,,1.0,1.0,1.0,,,1.0,1.0,1.0,1.0,1.0,,,,,5.65,8.75,5.0,8.25,4.25,0.75
85,Zürich,2024-07-09,1,633,4.83,30,,1.0,1.0,1.0,1.0,1.0,1.0,,,,1.0,1.0,1.0,1.0,1.0,,,,,,,,1.0,,,,1.0,,,,,5.65,8.75,5.0,8.25,4.25,0.75
86,Zürich,2024-07-09,1,973,5.0,12,2.0,1.0,1.0,,1.0,,1.0,1.0,,1.0,1.0,1.0,1.0,1.0,1.0,,,,,1.0,,,1.0,,,,1.0,,,,,5.65,8.75,5.0,8.25,4.25,0.75
87,Zürich,2024-07-09,1,960,4.96,23,,1.0,1.0,1.0,1.0,1.0,1.0,1.0,,1.0,1.0,,1.0,1.0,1.0,1.0,1.0,,,,,,1.0,1.0,,1.0,1.0,,,,,5.65,8.75,5.0,8.25,4.25,0.75
88,Zürich,2024-07-09,1,752,4.87,116,,3.0,1.0,1.0,1.0,1.0,1.0,,,1.0,1.0,1.0,,1.0,1.0,,,,,1.0,1.0,,1.0,1.0,1.0,,1.0,,1.0,,,5.65,8.75,5.0,8.25,4.25,0.75
89,Zürich,2024-07-09,1,578,,,,1.0,,,,,,,,,1.0,,,1.0,,,,,,1.0,,,1.0,,,,,,,,,5.65,8.75,5.0,8.25,4.25,0.75
90,Zürich,2024-07-09,1,615,4.75,4,,1.0,1.0,1.0,1.0,1.0,1.0,,,,1.0,,1.0,1.0,,,,1.0,1.0,,,1.0,,,,,1.0,,,,,5.65,8.75,5.0,8.25,4.25,0.75
91,Zürich,2024-07-09,1,798,,,,2.0,1.0,1.0,1.0,1.0,1.0,1.0,1.0,1.0,1.0,1.0,1.0,1.0,1.0,,,,,1.0,,,1.0,1.0,,1.0,1.0,,1.0,,,5.65,8.75,5.0,8.25,4.25,0.75
92,Zürich,2024-07-09,1,1015,,,1.0,1.0,,,,,,,,1.0,1.0,,1.0,1.0,,,,,,,,,,,,,1.0,,,,,5.65,8.75,5.0,8.25,4.25,0.75
93,Zürich,2024-07-09,1,532,4.33,51,,1.0,1.0,1.0,1.0,1.0,1.0,1.0,,1.0,1.0,,,1.0,,,,1.0,1.0,1.0,,1.0,1.0,1.0,,,1.0,,,,,5.65,8.75,5.0,8.25,4.25,0.75
94,Zürich,2024-07-09,1,936,4.53,38,,1.0,1.0,1.0,1.0,1.0,1.0,1.0,,1.0,1.0,1.0,,,1.0,1.0,1.0,,,1.0,,,1.0,1.0,1.0,,1.0,,,,,5.65,8.75,5.0,8.25,4.25,0.75
95,Zürich,2024-07-09,1,522,4.91,154,,1.0,1.0,1.0,1.0,1.0,1.0,1.0,,1.0,1.0,1.0,1.0,1.0,1.0,,,,,1.0,,,1.0,1.0,1.0,1.0,1.0,,,,,5.65,8.75,5.0,8.25,4.25,0.75
96,Zürich,2024-07-09,1,522,4.95,103,,1.0,1.0,1.0,1.0,1.0,1.0,,,1.0,1.0,1.0,1.0,1.0,1.0,1.0,1.0,,,1.0,,,1.0,1.0,1.0,1.0,1.0,,,,,5.65,8.75,5.0,8.25,4.25,0.75
97,Zürich,2024-07-09,1,843,5.0,9,3.0,3.0,1.0,1.0,1.0,1.0,1.0,,1.0,1.0,1.0,1.0,,1.0,1.0,,,1.0,1.0,1.0,,1.0,1.0,1.0,1.0,1.0,1.0,,1.0,,,5.65,8.75,5.0,8.25,4.25,0.75
98,Zürich,2024-07-09,1,1026,5.0,5,,1.0,1.0,1.0,1.0,1.0,,,,1.0,1.0,,,1.0,,,,1.0,1.0,1.0,,1.0,1.0,,,,,,,,,5.65,8.75,5.0,8.25,4.25,0.75
99,Zürich,2024-07-09,1,843,4.87,15,,1.0,,,,,,1.0,,1.0,1.0,1.0,,1.0,1.0,,,,,1.0,,1.0,1.0,,1.0,,,,,,,5.65,8.75,5.0,8.25,4.25,0.75
100,Zürich,2024-07-09,1,788,5.0,4,,1.0,,,,,,,,,1.0,,,1.0,,1.0,1.0,,,1.0,,,1.0,,,,,,,,,5.65,8.75,5.0,8.25,4.25,0.75
101,Zürich,2024-07-09,1,514,,,1.0,1.0,1.0,,,1.0,,1.0,1.0,1.0,1.0,1.0,1.0,1.0,1.0,,,,,1.0,1.0,,1.0,,,1.0,1.0,1.0,,,,5.65,8.75,5.0,8.25,4.25,0.75
102,Zürich,2024-07-09,1,568,4.89,64,,3.0,1.0,1.0,1.0,1.0,1.0,1.0,,,1.0,1.0,,1.0,1.0,,,,,,,,1.0,1.0,,,1.0,,,,,5.65,8.75,5.0,8.25,4.25,0.75
103,Zürich,2024-07-09,1,889,,,,2.0,,,,,,,,1.0,1.0,,,1.0,1.0,,,,,1.0,,,1.0,,,,,,,,,5.65,8.75,5.0,8.25,4.25,0.75
104,Zürich,2024-07-09,1,660,4.88,59,,6.0,1.0,1.0,1.0,1.0,1.0,,1.0,1.0,1.0,1.0,1.0,1.0,1.0,,,1.0,1.0,,,1.0,1.0,1.0,1.0,1.0,1.0,,1.0,,,5.65,8.75,5.0,8.25,4.25,0.75
105,Zürich,2024-07-09,1,779,,,,1.0,1.0,1.0,,,,,,1.0,1.0,,1.0,1.0,1.0,1.0,1.0,,,1.0,,1.0,1.0,,,,1.0,,1.0,,,5.65,8.75,5.0,8.25,4.25,0.75
106,Zürich,2024-07-09,1,641,4.96,57,,1.0,1.0,1.0,1.0,1.0,1.0,,,1.0,1.0,1.0,,,1.0,,,,,1.0,,,1.0,1.0,1.0,,1.0,,,1.0,,5.65,8.75,5.0,8.25,4.25,0.75
107,Zürich,2024-07-09,1,934,4.89,54,,1.0,1.0,1.0,,1.0,1.0,,1.0,1.0,1.0,,1.0,1.0,1.0,,,1.0,1.0,,,,1.0,1.0,,1.0,1.0,,1.0,,,5.65,8.75,5.0,8.25,4.25,0.75
108,Zürich,2024-07-09,1,789,,,,1.0,1.0,1.0,,1.0,1.0,1.0,,1.0,1.0,,1.0,1.0,,,,,,,,,,,,,,,,,,5.65,8.75,5.0,8.25,4.25,0.75
109,Zürich,2024-07-09,1,852,4.89,57,,,1.0,1.0,1.0,1.0,1.0,,1.0,1.0,1.0,1.0,1.0,1.0,1.0,,,1.0,1.0,1.0,1.0,1.0,1.0,1.0,1.0,,1.0,1.0,,,,5.65,8.75,5.0,8.25,4.25,0.75
110,Zürich,2024-07-09,1,669,4.20,10,,2.0,,,,,,,,,1.0,,,1.0,,,,,,,,,,,,,,,,,,5.65,8.75,5.0,8.25,4.25,0.75
111,Zürich,2024-07-09,1,532,4.38,34,,1.0,1.0,1.0,1.0,1.0,1.0,1.0,,1.0,1.0,,,1.0,,,,1.0,1.0,1.0,,,1.0,1.0,,,1.0,,,,,5.65,8.75,5.0,8.25,4.25,0.75
112,Zürich,2024-07-09,1,651,4.50,6,,1.0,,,,,,,,1.0,1.0,,1.0,1.0,1.0,,,,,1.0,,,1.0,,,,,1.0,,,1.0,5.65,8.75,5.0,8.25,4.25,0.75
113,Zürich,2024-07-09,1,505,4.45,20,,1.0,1.0,,,1.0,1.0,,1.0,1.0,1.0,1.0,1.0,1.0,1.0,1.0,1.0,1.0,1.0,,,1.0,1.0,,,,,,1.0,1.0,,5.65,8.75,5.0,8.25,4.25,0.75
114,Zürich,2024-07-09,1,1026,5.0,8,,1.0,1.0,1.0,,1.0,1.0,,1.0,1.0,1.0,1.0,1.0,1.0,1.0,,,,,1.0,1.0,1.0,1.0,1.0,1.0,,1.0,,1.0,,,5.65,8.75,5.0,8.25,4.25,0.75
115,Zürich,2024-07-09,1,597,4.96,26,,1.0,1.0,1.0,1.0,1.0,1.0,1.0,,1.0,1.0,1.0,1.0,,1.0,,,,,1.0,,1.0,1.0,1.0,1.0,,1.0,,,,,5.65,8.75,5.0,8.25,4.25,0.75
116,Zürich,2024-07-09,1,733,,,,1.0,1.0,1.0,,1.0,1.0,,1.0,1.0,1.0,,1.0,1.0,1.0,1.0,1.0,1.0,1.0,1.0,,1.0,1.0,1.0,,1.0,1.0,,1.0,,1.0,5.65,8.75,5.0,8.25,4.25,0.75
117,Zürich,2024-07-09,1,440,5.0,5,,1.0,,,,,,,,,1.0,,,,1.0,,,,,,,,,,,,,,,,,5.65,8.75,5.0,8.25,4.25,0.75
118,Zürich,2024-07-09,1,568,,,,1.0,1.0,1.0,,1.0,1.0,1.0,,,1.0,,,1.0,1.0,1.0,1.0,,,1.0,,1.0,1.0,,,,,,,,,5.65,8.75,5.0,8.25,4.25,0.75
119,Zürich,2024-07-09,1,1008,3.83,6,,1.0,,,,,,,,,,,1.0,,1.0,,,,,1.0,,,,,,1.0,,,,,,5.65,8.75,5.0,8.25,4.25,0.75
120,Zürich,2024-07-09,1,843,5.0,17,,2.0,1.0,1.0,1.0,1.0,1.0,1.0,1.0,1.0,1.0,1.0,1.0,1.0,1.0,,,,,,,,,,,,,,,,,5.65,8.75,5.0,8.25,4.25,0.75
121,Zürich,2024-07-09,1,605,4.82,11,,1.0,,,,,,,,,1.0,,,1.0,,,,,,1.0,,,1.0,,,,,,,,,5.65,8.75,5.0,8.25,4.25,0.75
122,Zürich,2024-07-09,1,934,4.75,4,,1.0,1.0,1.0,1.0,,1.0,1.0,,,1.0,1.0,1.0,1.0,,1.0,1.0,,,,,,1.0,1.0,,,1.0,,,,,5.65,8.75,5.0,8.25,4.25,0.75
123,Zürich,2024-07-09,1,888,4.90,31,,2.0,1.0,1.0,,1.0,1.0,1.0,,1.0,,1.0,1.0,,1.0,,,,,,,,1.0,1.0,1.0,,1.0,,1.0,,,5.65,8.75,5.0,8.25,4.25,0.75
124,Zürich,2024-07-09,1,660,4.94,48,,1.0,1.0,1.0,1.0,1.0,1.0,1.0,,,1.0,,1.0,1.0,1.0,1.0,1.0,,,1.0,,,1.0,1.0,,1.0,1.0,,,,,5.65,8.75,5.0,8.25,4.25,0.75
125,Zürich,2024-07-09,1,915,4.98,41,,1.0,1.0,1.0,,,,,,,1.0,1.0,1.0,1.0,1.0,1.0,1.0,,,1.0,,,1.0,,,,1.0,,1.0,,,5.65,8.75,5.0,8.25,4.25,0.75
126,Zürich,2024-07-09,1,549,4.0,6,,4.0,1.0,1.0,1.0,1.0,1.0,,,1.0,1.0,1.0,1.0,,1.0,,,1.0,1.0,,,1.0,1.0,1.0,,,,,,,,5.65,8.75,5.0,8.25,4.25,0.75
127,Zürich,2024-07-09,1,890,,,,1.0,1.0,1.0,,1.0,,1.0,,,1.0,,1.0,,1.0,,,,,1.0,,1.0,1.0,,,,,,1.0,,,5.65,8.75,5.0,8.25,4.25,0.75
128,Zürich,2024-07-09,1,449,4.93,14,,2.0,1.0,,1.0,1.0,1.0,,1.0,1.0,1.0,1.0,1.0,,1.0,1.0,1.0,1.0,1.0,,,1.0,1.0,,1.0,1.0,1.0,,,1.0,1.0,5.65,8.75,5.0,8.25,4.25,0.75
129,Zürich,2024-07-09,1,752,,,,1.0,1.0,1.0,,,,,,,1.0,,,1.0,,,,1.0,1.0,1.0,,1.0,1.0,1.0,1.0,,1.0,,,1.0,,5.65,8.75,5.0,8.25,4.25,0.75
130,Zürich,2024-07-09,1,779,4.88,49,2.0,1.0,1.0,1.0,,1.0,1.0,1.0,1.0,1.0,1.0,1.0,,,1.0,,,,,,,,1.0,1.0,,1.0,1.0,,1.0,,,5.65,8.75,5.0,8.25,4.25,0.75
131,Zürich,2024-07-09,1,695,5.0,7,,1.0,1.0,1.0,1.0,1.0,1.0,,1.0,1.0,1.0,,1.0,,,,,1.0,1.0,,,1.0,1.0,1.0,,,1.0,,1.0,,,5.65,8.75,5.0,8.25,4.25,0.75
132,Zürich,2024-07-09,1,664,,,,3.0,1.0,1.0,1.0,,1.0,1.0,,1.0,1.0,1.0,1.0,1.0,1.0,,,,,1.0,1.0,,1.0,1.0,,,,,,1.0,,5.65,8.75,5.0,8.25,4.25,0.75
133,Zürich,2024-07-09,1,934,4.71,24,,1.0,1.0,1.0,,1.0,1.0,,,1.0,1.0,,,1.0,1.0,,,,,,,,1.0,1.0,,,1.0,,1.0,,,5.65,8.75,5.0,8.25,4.25,0.75
134,Zürich,2024-07-09,1,888,,,,1.0,1.0,,1.0,1.0,,,1.0,1.0,1.0,1.0,1.0,,1.0,,,1.0,1.0,,,1.0,1.0,1.0,1.0,,1.0,,,1.0,,5.65,8.75,5.0,8.25,4.25,0.75
135,Zürich,2024-07-09,1,687,5.0,33,,4.0,1.0,1.0,,1.0,1.0,,,1.0,1.0,1.0,,1.0,1.0,,,,,,,,1.0,1.0,,1.0,1.0,,,,,5.65,8.75,5.0,8.25,4.25,0.75
136,Zürich,2024-07-09,1,1044,5.0,4,,1.0,1.0,1.0,1.0,,,,,1.0,1.0,,1.0,1.0,1.0,,,,,1.0,,,1.0,,,,,,,,,5.65,8.75,5.0,8.25,4.25,0.75
137,Zürich,2024-07-09,1,706,4.11,9,,1.0,1.0,1.0,1.0,1.0,1.0,,1.0,,1.0,1.0,,,1.0,,,1.0,1.0,,,1.0,1.0,1.0,1.0,,1.0,,,1.0,,5.65,8.75,5.0,8.25,4.25,0.75
138,Zürich,2024-07-09,1,934,5.0,7,,1.0,,,,,,,,,1.0,,,1.0,,,,,,1.0,,,1.0,1.0,,,,,,1.0,,5.65,8.75,5.0,8.25,4.25,0.75
139,Zürich,2024-07-09,1,869,4.93,15,,1.0,,,,,,,,,1.0,,,1.0,1.0,,,,,,,1.0,1.0,,,,1.0,,,,,5.65,8.75,5.0,8.25,4.25,0.75
140,Zürich,2024-07-09,1,660,,,,1.0,1.0,1.0,1.0,1.0,1.0,,,,1.0,,,1.0,1.0,,,,,,,,,,,,,,,,,5.65,8.75,5.0,8.25,4.25,0.75
141,Zürich,2024-07-09,1,1007,4.97,122,,1.0,1.0,1.0,1.0,1.0,1.0,,,1.0,1.0,,1.0,1.0,1.0,1.0,1.0,,,,,,1.0,1.0,,1.0,1.0,,1.0,,,5.65,8.75,5.0,8.25,4.25,0.75
142,Zürich,2024-07-09,1,505,4.71,7,,1.0,1.0,1.0,1.0,1.0,1.0,,1.0,1.0,1.0,1.0,1.0,1.0,1.0,1.0,,1.0,1.0,,,1.0,1.0,1.0,,,1.0,,1.0,,,5.65,8.75,5.0,8.25,4.25,0.75
143,Zürich,2024-07-09,1,459,4.60,20,,1.0,1.0,1.0,1.0,1.0,1.0,,1.0,1.0,1.0,1.0,,1.0,1.0,1.0,,,,,,1.0,1.0,1.0,,,1.0,,1.0,,,5.65,8.75,5.0,8.25,4.25,0.75
144,Zürich,2024-07-09,1,806,4.50,6,,1.0,1.0,1.0,,1.0,,,1.0,1.0,1.0,,1.0,,,,,,,,,1.0,1.0,1.0,1.0,,1.0,,1.0,,,5.65,8.75,5.0,8.25,4.25,0.75
145,Zürich,2024-07-09,1,477,4.91,11,,1.0,1.0,1.0,,,,,,1.0,1.0,,1.0,1.0,,1.0,1.0,,,,,,1.0,1.0,,,,,1.0,,,5.65,8.75,5.0,8.25,4.25,0.75
146,Zürich,2024-07-09,1,1008,4.76,126,,1.0,1.0,1.0,1.0,1.0,1.0,1.0,1.0,1.0,1.0,1.0,1.0,1.0,1.0,,,1.0,1.0,1.0,,,1.0,1.0,,1.0,1.0,,1.0,,,5.65,8.75,5.0,8.25,4.25,0.75
147,Zürich,2024-07-09,1,733,5.0,3,,5.0,1.0,1.0,,1.0,1.0,,1.0,1.0,1.0,1.0,1.0,1.0,1.0,,,,,1.0,,1.0,1.0,1.0,,,1.0,,1.0,,,5.65,8.75,5.0,8.25,4.25,0.75
148,Zürich,2024-07-09,1,706,5.0,8,,1.0,1.0,1.0,1.0,1.0,1.0,,,1.0,1.0,1.0,1.0,1.0,1.0,,,,,1.0,,,1.0,1.0,1.0,,1.0,,1.0,,,5.65,8.75,5.0,8.25,4.25,0.75
149,Zürich,2024-07-09,1,393,4.67,18,,16.0,1.0,1.0,1.0,,,,,,1.0,,1.0,1.0,1.0,,,,,,,,,,,,,,,,,5.65,8.75,5.0,8.25,4.25,0.75
150,Zürich,2024-07-09,1,431,4.88,41,,1.0,1.0,1.0,,1.0,,1.0,,1.0,1.0,1.0,,1.0,1.0,,,,,,,1.0,1.0,1.0,1.0,,1.0,,,1.0,,5.65,8.75,5.0,8.25,4.25,0.75
151,Zürich,2024-07-09,1,1183,,,2.0,1.0,1.0,1.0,,,,,,1.0,1.0,1.0,,1.0,1.0,,,,,1.0,,,1.0,1.0,1.0,1.0,1.0,,,,1.0,5.65,8.75,5.0,8.25,4.25,0.75
152,Zürich,2024-07-09,1,712,3.67,3,,1.0,1.0,1.0,,1.0,1.0,1.0,,1.0,1.0,,1.0,1.0,,,,,,,,,,,,,,,,,,5.65,8.75,5.0,8.25,4.25,0.75
153,Zürich,2024-07-09,1,477,4.78,49,,1.0,1.0,,,1.0,,,,,1.0,1.0,1.0,1.0,1.0,1.0,1.0,,,1.0,,,1.0,1.0,,,,,,,,5.65,8.75,5.0,8.25,4.25,0.75
154,Zürich,2024-07-09,1,660,4.74,38,,1.0,1.0,1.0,1.0,,1.0,,,1.0,1.0,,1.0,1.0,1.0,1.0,,,,1.0,1.0,,1.0,,,,,,,1.0,,5.65,8.75,5.0,8.25,4.25,0.75
155,Zürich,2024-07-09,1,541,4.0,6,,1.0,1.0,1.0,,,,,,1.0,1.0,1.0,,1.0,1.0,,,,,1.0,,1.0,1.0,1.0,1.0,1.0,1.0,,1.0,,1.0,5.65,8.75,5.0,8.25,4.25,0.75
156,Zürich,2024-07-09,1,669,4.71,7,,2.0,1.0,1.0,1.0,1.0,,,1.0,1.0,1.0,1.0,1.0,1.0,1.0,,,,,1.0,,1.0,1.0,1.0,1.0,,1.0,,1.0,,,5.65,8.75,5.0,8.25,4.25,0.75
157,Zürich,2024-07-09,1,788,,,,1.0,1.0,1.0,1.0,1.0,,,,1.0,1.0,1.0,,1.0,1.0,,,1.0,1.0,1.0,1.0,,1.0,1.0,1.0,,1.0,,,,1.0,5.65,8.75,5.0,8.25,4.25,0.75
158,Zürich,2024-07-09,1,825,4.76,34,,1.0,1.0,,,1.0,1.0,,,1.0,1.0,1.0,,1.0,1.0,,,,,1.0,,,1.0,1.0,,,1.0,,,,,5.65,8.75,5.0,8.25,4.25,0.75
159,Zürich,2024-07-09,1,494,,,,,1.0,,,1.0,,1.0,1.0,1.0,1.0,1.0,1.0,1.0,1.0,,,,,1.0,,,1.0,1.0,,1.0,1.0,,,,,5.65,8.75,5.0,8.25,4.25,0.75
160,Zürich,2024-07-09,1,888,4.96,26,,1.0,,,,,,,,,1.0,,,1.0,,,,,,1.0,,,1.0,,,,,,,,,5.65,8.75,5.0,8.25,4.25,0.75
161,Zürich,2024-07-09,1,870,5.0,6,,1.0,,,,,,,,1.0,,,1.0,,1.0,,,,,,,,1.0,1.0,,,1.0,1.0,,,1.0,5.65,8.75,5.0,8.25,4.25,0.75
162,Zürich,2024-07-09,1,802,,,1.0,1.0,1.0,,,1.0,,1.0,1.0,1.0,1.0,1.0,1.0,1.0,1.0,,,,,,1.0,,1.0,,,1.0,1.0,,,,,5.65,8.75,5.0,8.25,4.25,0.75
163,Zürich,2024-07-09,1,972,4.71,7,3.0,3.0,1.0,1.0,,1.0,,,,1.0,1.0,,1.0,1.0,1.0,,,1.0,1.0,1.0,,1.0,1.0,1.0,1.0,1.0,1.0,,1.0,1.0,,5.65,8.75,5.0,8.25,4.25,0.75
164,Zürich,2024-07-09,1,971,4.67,12,4.0,3.0,1.0,1.0,,,,,,,1.0,1.0,,1.0,1.0,1.0,1.0,,,,,,1.0,1.0,,,1.0,,1.0,,,5.65,8.75,5.0,8.25,4.25,0.75
165,Zürich,2024-07-09,1,779,5.0,10,2.0,1.0,,,,,,,,1.0,,,,,1.0,,,,,,1.0,,,,,,1.0,,,1.0,,5.65,8.75,5.0,8.25,4.25,0.75
166,Zürich,2024-07-09,1,935,,,1.0,1.0,1.0,1.0,,,,,,,1.0,,,1.0,,1.0,1.0,,,1.0,,,1.0,,,,,,,,,5.65,8.75,5.0,8.25,4.25,0.75
167,Zürich,2024-07-09,1,725,3.57,7,,1.0,1.0,1.0,,1.0,,,,,1.0,1.0,,1.0,1.0,1.0,1.0,1.0,1.0,1.0,,1.0,1.0,1.0,,1.0,1.0,,,1.0,,5.65,8.75,5.0,8.25,4.25,0.75
168,Zürich,2024-07-09,1,922,4.85,13,,3.0,1.0,1.0,1.0,1.0,1.0,1.0,,1.0,1.0,1.0,1.0,1.0,1.0,,,,,1.0,1.0,,1.0,1.0,1.0,1.0,1.0,,1.0,,,5.65,8.75,5.0,8.25,4.25,0.75
169,Zürich,2024-07-09,1,934,4.80,5,2.0,2.0,1.0,,,,,,,,,,,,1.0,,,,,,,,,,,,1.0,,,,,5.65,8.75,5.0,8.25,4.25,0.75
170,Zürich,2024-07-09,1,678,5.0,7,,1.0,1.0,1.0,,1.0,,1.0,,,1.0,,,1.0,1.0,,,,,,,,1.0,1.0,,,1.0,,,1.0,,5.65,8.75,5.0,8.25,4.25,0.75
171,Zürich,2024-07-09,1,1035,4.67,6,2.0,1.0,1.0,1.0,,,,,,,1.0,,,1.0,1.0,,,,,,,1.0,1.0,1.0,,,,1.0,,,,5.65,8.75,5.0,8.25,4.25,0.75
172,Zürich,2024-07-09,1,522,4.40,42,15.0,2.0,,,,,,,,,,,,,,,,,,,,,1.0,,,,1.0,,1.0,1.0,,5.65,8.75,5.0,8.25,4.25,0.75
173,Zürich,2024-07-09,1,852,5.0,3,,1.0,1.0,1.0,1.0,1.0,1.0,1.0,1.0,1.0,1.0,1.0,1.0,1.0,1.0,,,1.0,1.0,,1.0,1.0,1.0,1.0,1.0,1.0,1.0,,1.0,,,5.65,8.75,5.0,8.25,4.25,0.75
174,Zürich,2024-07-09,1,651,,,,1.0,,,,,,1.0,,,1.0,,,1.0,,,,,,1.0,,,,,,,1.0,,,,,5.65,8.75,5.0,8.25,4.25,0.75
175,Zürich,2024-07-09,1,522,4.40,5,,1.0,1.0,1.0,,,,,,1.0,1.0,,,,,,,,,,,,1.0,,,,1.0,,,,,5.65,8.75,5.0,8.25,4.25,0.75
176,Zürich,2024-07-09,1,963,4.0,3,,1.0,1.0,1.0,1.0,1.0,1.0,1.0,1.0,1.0,1.0,1.0,,1.0,1.0,,,1.0,1.0,1.0,,1.0,1.0,1.0,1.0,1.0,1.0,,,,,5.65,8.75,5.0,8.25,4.25,0.75
177,Zürich,2024-07-09,1,861,4.75,4,,1.0,,,,,,,,1.0,1.0,,,1.0,1.0,,,,,,,,1.0,,,,1.0,,1.0,,,5.65,8.75,5.0,8.25,4.25,0.75
178,Zürich,2024-07-09,1,917,4.45,11,,1.0,,,,,,,,,1.0,,,1.0,1.0,,,,,,,,,,,,,,,,,5.65,8.75,5.0,8.25,4.25,0.75
179,Zürich,2024-07-09,1,1101,,,1.0,1.0,1.0,1.0,1.0,1.0,1.0,1.0,1.0,1.0,1.0,1.0,1.0,1.0,1.0,,,,,,,,1.0,,,,1.0,,,,,5.65,8.75,5.0,8.25,4.25,0.75
180,Zürich,2024-07-09,1,587,5.0,9,,1.0,1.0,,1.0,1.0,1.0,,,1.0,1.0,,,1.0,1.0,,,,,,1.0,,1.0,,,,,,,1.0,,5.65,8.75,5.0,8.25,4.25,0.75
181,Zürich,2024-07-09,1,470,,,,,1.0,,,1.0,,1.0,,1.0,1.0,1.0,1.0,1.0,1.0,,,,,1.0,,,1.0,,,,1.0,,,,,5.65,8.75,5.0,8.25,4.25,0.75
182,Zürich,2024-07-09,1,1023,,,1.0,1.0,1.0,1.0,1.0,1.0,1.0,1.0,,1.0,1.0,1.0,1.0,1.0,1.0,,,,,,,,1.0,,,,1.0,,,,,5.65,8.75,5.0,8.25,4.25,0.75
183,Zürich,2024-07-09,1,752,,,,1.0,1.0,,1.0,1.0,1.0,,,1.0,1.0,1.0,1.0,1.0,,,,1.0,1.0,,,1.0,1.0,1.0,1.0,,1.0,,1.0,,,5.65,8.75,5.0,8.25,4.25,0.75
184,Zürich,2024-07-09,1,660,4.64,12,,1.0,1.0,1.0,1.0,1.0,1.0,1.0,,1.0,1.0,1.0,1.0,1.0,1.0,1.0,,,,1.0,1.0,,1.0,1.0,1.0,,,,,1.0,,5.65,8.75,5.0,8.25,4.25,0.75
185,Zürich,2024-07-09,1,522,,,,1.0,,,,,,,,,,,,,,,,,,,,,,,,,,,,,,5.65,8.75,5.0,8.25,4.25,0.75
186,Zürich,2024-07-09,1,723,,,,3.0,1.0,1.0,1.0,1.0,1.0,1.0,,1.0,1.0,1.0,1.0,1.0,1.0,,,1.0,1.0,,,,1.0,1.0,,,,,,,,5.65,8.75,5.0,8.25,4.25,0.75
187,Zürich,2024-07-09,1,522,4.83,6,,3.0,1.0,1.0,1.0,1.0,1.0,,1.0,1.0,1.0,1.0,1.0,1.0,1.0,,,1.0,1.0,1.0,,,1.0,1.0,1.0,,1.0,,,,,5.65,8.75,5.0,8.25,4.25,0.75
188,Zürich,2024-07-09,1,505,4.33,3,,2.0,1.0,1.0,1.0,1.0,1.0,1.0,1.0,1.0,1.0,1.0,,1.0,1.0,1.0,,1.0,1.0,,,1.0,1.0,1.0,,,1.0,,,,,5.65,8.75,5.0,8.25,4.25,0.75
189,Zürich,2024-07-09,1,615,4.80,15,,1.0,1.0,1.0,1.0,1.0,1.0,1.0,,1.0,1.0,1.0,1.0,1.0,1.0,,,1.0,1.0,1.0,1.0,,1.0,1.0,,,1.0,,,1.0,,5.65,8.75,5.0,8.25,4.25,0.75
190,Zürich,2024-07-09,1,660,4.20,5,,1.0,,,,,,1.0,,,1.0,,,1.0,,,,,,,,,,,,,1.0,,,,,5.65,8.75,5.0,8.25,4.25,0.75
191,Zürich,2024-07-09,1,918,,,1.0,1.0,1.0,,1.0,1.0,,1.0,1.0,1.0,1.0,1.0,1.0,1.0,1.0,,,,,1.0,1.0,,1.0,,,1.0,1.0,,,,,5.65,8.75,5.0,8.25,4.25,0.75
192,Zürich,2024-07-09,1,604,,,2.0,1.0,1.0,,,,,1.0,,,,,,,,,,,,,,,1.0,1.0,,,1.0,,,,,5.65,8.75,5.0,8.25,4.25,0.75
193,Zürich,2024-07-09,1,984,5.0,4,,1.0,1.0,1.0,1.0,1.0,1.0,1.0,1.0,1.0,1.0,1.0,1.0,,1.0,,,1.0,1.0,,,1.0,1.0,1.0,1.0,,1.0,,1.0,1.0,,5.65,8.75,5.0,8.25,4.25,0.75
194,Zürich,2024-07-09,1,878,,,2.0,1.0,1.0,,1.0,1.0,,,,1.0,1.0,,1.0,1.0,1.0,,,1.0,1.0,,,,1.0,1.0,,,,,1.0,,,5.65,8.75,5.0,8.25,4.25,0.75
195,Zürich,2024-07-09,1,934,4.63,8,,1.0,1.0,1.0,1.0,1.0,1.0,1.0,1.0,1.0,1.0,1.0,1.0,1.0,1.0,,,1.0,1.0,,,,1.0,1.0,1.0,1.0,1.0,,1.0,,,5.65,8.75,5.0,8.25,4.25,0.75
196,Zürich,2024-07-09,1,505,4.60,5,,1.0,1.0,,,1.0,1.0,,1.0,1.0,1.0,1.0,1.0,1.0,1.0,1.0,1.0,,,1.0,,1.0,1.0,,,,,,,1.0,,5.65,8.75,5.0,8.25,4.25,0.75
197,Zürich,2024-07-09,1,706,,,,1.0,1.0,1.0,1.0,1.0,1.0,,,1.0,1.0,1.0,1.0,1.0,1.0,,,1.0,1.0,1.0,,1.0,1.0,1.0,1.0,1.0,1.0,,,,,5.65,8.75,5.0,8.25,4.25,0.75
198,Zürich,2024-07-09,1,706,4.55,11,,2.0,1.0,1.0,1.0,1.0,1.0,,,1.0,1.0,,1.0,1.0,1.0,,,,,1.0,1.0,,1.0,,,,,,,,,5.65,8.75,5.0,8.25,4.25,0.75
199,Zürich,2024-07-09,1,888,3.0,4,2.0,1.0,,,,,,,,1.0,1.0,,,1.0,1.0,,,,,,,,,,,,,,,,,5.65,8.75,5.0,8.25,4.25,0.75
200,Zürich,2024-07-09,1,871,5.0,9,,11.0,1.0,1.0,1.0,1.0,1.0,1.0,1.0,1.0,1.0,1.0,1.0,1.0,1.0,,,1.0,1.0,1.0,1.0,1.0,1.0,1.0,1.0,1.0,1.0,,1.0,,,5.65,8.75,5.0,8.25,4.25,0.75
201,Zürich,2024-07-09,1,431,4.76,26,,16.0,1.0,1.0,,1.0,,,,,1.0,1.0,1.0,1.0,1.0,,,,,,,,1.0,,,,1.0,,,,,5.65,8.75,5.0,8.25,4.25,0.75
202,Zürich,2024-07-09,1,605,,,,1.0,1.0,1.0,1.0,1.0,1.0,1.0,1.0,1.0,1.0,1.0,1.0,1.0,1.0,,,1.0,1.0,1.0,1.0,,1.0,1.0,1.0,,1.0,,,,,5.65,8.75,5.0,8.25,4.25,0.75
203,Zürich,2024-07-09,1,1045,3.33,3,,1.0,1.0,,,1.0,,1.0,1.0,,1.0,1.0,1.0,1.0,1.0,,,,,1.0,,,1.0,1.0,1.0,1.0,1.0,,,,,5.65,8.75,5.0,8.25,4.25,0.75
204,Zürich,2024-07-09,1,1008,,,,1.0,1.0,,,,,,,1.0,,,,,1.0,1.0,,1.0,1.0,,,,1.0,1.0,,,,1.0,,1.0,,5.65,8.75,5.0,8.25,4.25,0.75
205,Zürich,2024-07-09,1,651,4.70,10,,7.0,1.0,1.0,,,1.0,,,,,,,,1.0,,,,,,,,1.0,,,1.0,1.0,,1.0,1.0,,5.65,8.75,5.0,8.25,4.25,0.75
206,Zürich,2024-07-09,1,615,,,,1.0,1.0,,1.0,1.0,,,,1.0,1.0,,1.0,1.0,1.0,1.0,1.0,1.0,1.0,1.0,,1.0,1.0,1.0,1.0,1.0,1.0,,1.0,1.0,,5.65,8.75,5.0,8.25,4.25,0.75
207,Zürich,2024-07-09,1,844,4.57,14,,1.0,1.0,1.0,1.0,1.0,1.0,,,1.0,1.0,,1.0,1.0,1.0,,,,,1.0,1.0,,1.0,1.0,,1.0,,,,,,5.65,8.75,5.0,8.25,4.25,0.75
208,Zürich,2024-07-09,1,522,4.65,17,12.0,2.0,1.0,,,,,,,,1.0,,,,1.0,,,,,,,,1.0,,,,1.0,,1.0,,,5.65,8.75,5.0,8.25,4.25,0.75
209,Zürich,2024-07-09,1,463,,,,1.0,,,,,,,,1.0,1.0,,,1.0,1.0,,,,,1.0,,,1.0,,,,,1.0,,1.0,1.0,5.65,8.75,5.0,8.25,4.25,0.75
210,Zürich,2024-07-09,1,752,,,,,,,,,,,,1.0,1.0,,1.0,1.0,1.0,,,,,1.0,,,1.0,,,,1.0,,,,,5.65,8.75,5.0,8.25,4.25,0.75
211,Zürich,2024-07-09,1,440,,,,1.0,,,,,,,,1.0,,,1.0,,1.0,,,,,1.0,,,1.0,,,,,,,,1.0,5.65,8.75,5.0,8.25,4.25,0.75
212,Zürich,2024-07-09,1,915,4.50,6,2.0,1.0,1.0,1.0,,,1.0,,,,1.0,,,1.0,,,,,,1.0,,,1.0,,,,,,,,,5.65,8.75,5.0,8.25,4.25,0.75
213,Zürich,2024-07-09,1,752,5.0,3,,1.0,1.0,1.0,1.0,1.0,1.0,1.0,,1.0,1.0,,,1.0,,,,,,1.0,,,1.0,,,,,,,1.0,,5.65,8.75,5.0,8.25,4.25,0.75
214,Zürich,2024-07-09,1,926,,,2.0,1.0,,,,,,,,1.0,1.0,,1.0,1.0,,,,,,,,,,,,1.0,1.0,,,,,5.65,8.75,5.0,8.25,4.25,0.75
215,Zürich,2024-07-09,1,752,4.83,25,,1.0,1.0,1.0,,,1.0,1.0,,1.0,1.0,,,1.0,,,,,,1.0,,,1.0,,,,,,,,,5.65,8.75,5.0,8.25,4.25,0.75
216,Zürich,2024-07-09,1,953,,,3.0,1.0,,,,,,,,,1.0,,,1.0,1.0,,,,,1.0,,,1.0,,,,1.0,,,,,5.65,8.75,5.0,8.25,4.25,0.75
217,Zürich,2024-07-09,1,980,,,,4.0,,,,,,,,,1.0,,,1.0,1.0,,,,,1.0,,,1.0,,,,1.0,,,,,5.65,8.75,5.0,8.25,4.25,0.75
218,Zürich,2024-07-09,1,632,,,,1.0,1.0,1.0,1.0,1.0,1.0,1.0,,1.0,1.0,,1.0,1.0,1.0,,,,,1.0,,,1.0,1.0,,,,,,,,5.65,8.75,5.0,8.25,4.25,0.75
219,Zürich,2024-07-09,1,915,4.67,3,2.0,1.0,,,,,,,,1.0,1.0,,,1.0,1.0,,,,,1.0,,,1.0,,,,,,,,,5.65,8.75,5.0,8.25,4.25,0.75
220,Zürich,2024-07-09,1,446,,,,1.0,,,,,,,,1.0,1.0,,1.0,1.0,1.0,,,,,1.0,1.0,,1.0,,,,,,,,1.0,5.65,8.75,5.0,8.25,4.25,0.75
221,Zürich,2024-07-09,1,1031,,,2.0,2.0,1.0,,,1.0,,1.0,1.0,1.0,1.0,1.0,1.0,1.0,1.0,,,,,1.0,,,1.0,,,,1.0,,,,,5.65,8.75,5.0,8.25,4.25,0.75
222,Zürich,2024-07-09,1,843,,,,2.0,,,,,,,,,,,,,1.0,,,,,,,,1.0,1.0,,,,,,,,5.65,8.75,5.0,8.25,4.25,0.75
223,Zürich,2024-07-09,1,934,,,,1.0,,,,,,,,,1.0,,,1.0,,,,,,,,,1.0,1.0,,,,,,,,5.65,8.75,5.0,8.25,4.25,0.75
224,Zürich,2024-07-09,1,779,4.82,11,,2.0,1.0,1.0,,1.0,1.0,1.0,1.0,1.0,1.0,1.0,1.0,1.0,1.0,,,,,1.0,,,1.0,1.0,1.0,,1.0,,,1.0,,5.65,8.75,5.0,8.25,4.25,0.75
225,Zürich,2024-07-09,1,568,,,,1.0,,,,,,,,,,,1.0,,,,,,,1.0,,,,,,,,,,,,5.65,8.75,5.0,8.25,4.25,0.75
226,Zürich,2024-07-09,1,549,3.0,4,,1.0,,,,,,,,,,,,,,,,,,,,,,,,,,,,,,5.65,8.75,5.0,8.25,4.25,0.75
227,Zürich,2024-07-09,1,752,,,,1.0,1.0,,1.0,1.0,1.0,,,1.0,1.0,1.0,1.0,1.0,1.0,,,,,,,,1.0,,,,,,,,,5.65,8.75,5.0,8.25,4.25,0.75
228,Zürich,2024-07-09,1,419,,,,6.0,1.0,,,1.0,,,,,1.0,1.0,,,1.0,,,,,1.0,,1.0,1.0,1.0,,,1.0,,,,,5.65,8.75,5.0,8.25,4.25,0.75
229,Zürich,2024-07-09,1,770,4.0,4,,1.0,,,,,1.0,1.0,,,1.0,,,,,,,,,1.0,,,1.0,,,,1.0,,,,,5.65,8.75,5.0,8.25,4.25,0.75
230,Zürich,2024-07-09,1,463,,,1.0,1.0,1.0,,1.0,1.0,,,1.0,,,,,,1.0,,,1.0,1.0,,,1.0,1.0,1.0,,1.0,,,,,,5.65,8.75,5.0,8.25,4.25,0.75
231,Zürich,2024-07-09,1,540,,,,1.0,,,,,,,,1.0,1.0,,,1.0,,,,,,,,,1.0,,,,,,,,,5.65,8.75,5.0,8.25,4.25,0.75
232,Zürich,2024-07-09,1,1965,4.82,73,2.0,2.0,1.0,1.0,1.0,1.0,1.0,1.0,1.0,1.0,1.0,1.0,1.0,1.0,1.0,,,,,,,,1.0,,,1.0,,,,,,5.65,8.75,5.0,8.25,4.25,0.75
233,Zürich,2024-07-09,1,2043,4.57,35,2.0,1.0,1.0,1.0,1.0,1.0,1.0,1.0,1.0,1.0,1.0,1.0,1.0,1.0,1.0,,,,,,,,1.0,,,1.0,,,,,,5.65,8.75,5.0,8.25,4.25,0.75
234,Zürich,2024-07-09,1,1731,4.87,69,1.0,1.0,1.0,1.0,1.0,1.0,1.0,1.0,,1.0,1.0,1.0,1.0,1.0,1.0,,,,,,,,,,,1.0,,,,,,5.65,8.75,5.0,8.25,4.25,0.75
235,Zürich,2024-07-09,1,1351,,,,1.0,1.0,1.0,,,,,,1.0,1.0,,1.0,1.0,1.0,1.0,1.0,,,,,1.0,1.0,,,1.0,,,,,1.0,5.65,8.75,5.0,8.25,4.25,0.75
236,Zürich,2024-07-09,1,1871,5.0,23,7.0,6.0,1.0,1.0,1.0,1.0,1.0,1.0,1.0,1.0,1.0,1.0,1.0,1.0,1.0,1.0,1.0,1.0,1.0,,,,1.0,1.0,1.0,1.0,1.0,,1.0,,,5.65,8.75,5.0,8.25,4.25,0.75
237,Zürich,2024-07-09,1,1530,4.80,44,4.0,2.0,1.0,1.0,1.0,1.0,1.0,1.0,,1.0,1.0,1.0,,1.0,1.0,1.0,,1.0,1.0,,,1.0,1.0,1.0,1.0,1.0,1.0,,,,,5.65,8.75,5.0,8.25,4.25,0.75
238,Zürich,2024-07-09,1,1264,,,1.0,1.0,,,,,,,,1.0,1.0,,1.0,1.0,1.0,,,,,,,,,,,,1.0,,,,1.0,5.65,8.75,5.0,8.25,4.25,0.75
239,Zürich,2024-07-09,1,1805,4.90,61,2.0,1.0,1.0,1.0,1.0,1.0,1.0,,,1.0,1.0,1.0,,1.0,,1.0,1.0,,,1.0,,,1.0,1.0,,,,,,,,5.65,8.75,5.0,8.25,4.25,0.75
240,Zürich,2024-07-09,1,1615,,,2.0,1.0,,,,,,,,1.0,1.0,,1.0,1.0,1.0,,,,,,,,,,,,1.0,,1.0,,1.0,5.65,8.75,5.0,8.25,4.25,0.75
241,Zürich,2024-07-09,1,1072,4.62,74,2.0,1.0,1.0,1.0,1.0,1.0,1.0,1.0,,1.0,1.0,,1.0,1.0,1.0,,,,,1.0,,,1.0,1.0,,1.0,,1.0,,,,5.65,8.75,5.0,8.25,4.25,0.75
242,Zürich,2024-07-09,1,1510,4.67,52,4.0,,1.0,,,1.0,1.0,1.0,,1.0,1.0,1.0,,,1.0,1.0,1.0,1.0,1.0,,,,1.0,1.0,1.0,1.0,1.0,,1.0,1.0,,5.65,8.75,5.0,8.25,4.25,0.75
243,Zürich,2024-07-09,1,1575,4.84,25,2.0,1.0,,,,,,,,,1.0,,,1.0,,1.0,1.0,,,,,,1.0,1.0,,,1.0,,,,,5.65,8.75,5.0,8.25,4.25,0.75
244,Zürich,2024-07-09,1,1850,4.92,12,4.0,4.0,,,,,,,,1.0,1.0,,1.0,1.0,1.0,1.0,1.0,,,1.0,1.0,,1.0,,,,1.0,,,,,5.65,8.75,5.0,8.25,4.25,0.75
245,Zürich,2024-07-09,1,1072,5.0,15,,1.0,,,,,,,,1.0,1.0,,1.0,1.0,1.0,,,,,1.0,1.0,,1.0,1.0,,,1.0,,,,,5.65,8.75,5.0,8.25,4.25,0.75
246,Zürich,2024-07-09,1,1227,4.89,149,,2.0,1.0,1.0,1.0,1.0,1.0,,1.0,,1.0,1.0,1.0,1.0,1.0,,,1.0,1.0,,,,1.0,1.0,1.0,,1.0,,1.0,,,5.65,8.75,5.0,8.25,4.25,0.75
247,Zürich,2024-07-09,1,1439,5.0,4,2.0,1.0,1.0,1.0,1.0,1.0,1.0,,,1.0,1.0,1.0,,1.0,1.0,1.0,,1.0,1.0,1.0,,,1.0,1.0,1.0,,,,,,,5.65,8.75,5.0,8.25,4.25,0.75
248,Zürich,2024-07-09,1,1210,4.85,33,2.0,1.0,1.0,1.0,,,,,,1.0,1.0,1.0,,1.0,1.0,1.0,1.0,,,,,,1.0,1.0,,,1.0,,,,,5.65,8.75,5.0,8.25,4.25,0.75
249,Zürich,2024-07-09,1,1145,4.78,59,3.0,2.0,1.0,1.0,1.0,1.0,1.0,1.0,1.0,1.0,1.0,1.0,,1.0,1.0,1.0,1.0,1.0,1.0,1.0,,1.0,1.0,1.0,1.0,1.0,,,,,,5.65,8.75,5.0,8.25,4.25,0.75
250,Zürich,2024-07-09,1,1510,,,,1.0,,,,,1.0,,1.0,,1.0,,,1.0,1.0,,,,,,,,1.0,,,1.0,1.0,,1.0,,,5.65,8.75,5.0,8.25,4.25,0.75
251,Zürich,2024-07-09,1,1583,4.80,5,2.0,1.0,,,,,,,,1.0,1.0,,1.0,1.0,,,,,,,,,,,,,1.0,,,,,5.65,8.75,5.0,8.25,4.25,0.75
252,Zürich,2024-07-09,1,1878,4.88,8,2.0,1.0,1.0,1.0,1.0,1.0,1.0,1.0,1.0,1.0,1.0,1.0,,1.0,1.0,1.0,1.0,1.0,1.0,,,,1.0,1.0,,,,,,,,5.65,8.75,5.0,8.25,4.25,0.75
253,Zürich,2024-07-09,1,1498,,,2.0,2.0,,,,,,,,1.0,1.0,,1.0,1.0,1.0,,,,,,,,,,,,1.0,,1.0,,1.0,5.65,8.75,5.0,8.25,4.25,0.75
254,Zürich,2024-07-09,1,1148,,,1.0,1.0,,,,,,,,1.0,1.0,,1.0,1.0,1.0,,,,,,,,,,,,1.0,,,,1.0,5.65,8.75,5.0,8.25,4.25,0.75
255,Zürich,2024-07-09,1,1475,5.0,4,2.0,2.0,1.0,1.0,,1.0,1.0,,1.0,1.0,1.0,,,1.0,1.0,,,,,1.0,,1.0,1.0,1.0,1.0,1.0,1.0,,,,,5.65,8.75,5.0,8.25,4.25,0.75
256,Zürich,2024-07-09,1,1392,4.43,23,,1.0,,,,,,,,1.0,1.0,,1.0,1.0,1.0,,,,,1.0,,,1.0,,,,1.0,,1.0,,1.0,5.65,8.75,5.0,8.25,4.25,0.75
257,Zürich,2024-07-09,1,1751,5.0,6,3.0,2.0,1.0,1.0,1.0,1.0,1.0,,1.0,1.0,1.0,1.0,,1.0,1.0,1.0,1.0,1.0,1.0,,,1.0,1.0,1.0,,,,,,,,5.65,8.75,5.0,8.25,4.25,0.75
258,Zürich,2024-07-09,1,1273,4.80,5,,1.0,1.0,1.0,,1.0,1.0,,1.0,,1.0,1.0,1.0,1.0,1.0,1.0,1.0,,,1.0,,1.0,1.0,1.0,1.0,1.0,1.0,,,,,5.65,8.75,5.0,8.25,4.25,0.75
259,Zürich,2024-07-09,1,1218,4.58,12,2.0,,1.0,1.0,,1.0,1.0,1.0,1.0,1.0,1.0,,1.0,1.0,1.0,1.0,1.0,,,,,1.0,,,,1.0,1.0,,,,,5.65,8.75,5.0,8.25,4.25,0.75
260,Zürich,2024-07-09,1,1118,4.33,6,,1.0,1.0,1.0,1.0,1.0,1.0,,1.0,1.0,1.0,1.0,1.0,1.0,1.0,,,1.0,1.0,1.0,,1.0,1.0,1.0,1.0,1.0,,,,,,5.65,8.75,5.0,8.25,4.25,0.75
261,Zürich,2024-07-09,1,1118,,,1.0,1.0,,,,,,,,1.0,1.0,,1.0,1.0,,,,,,1.0,,,,,,,,,,,,5.65,8.75,5.0,8.25,4.25,0.75
262,Zürich,2024-07-09,1,2079,4.96,28,,1.0,1.0,1.0,1.0,1.0,1.0,1.0,,1.0,1.0,1.0,1.0,1.0,1.0,1.0,,,,1.0,1.0,,1.0,1.0,1.0,,1.0,,,,,5.65,8.75,5.0,8.25,4.25,0.75
263,Zürich,2024-07-09,1,1160,4.96,25,3.0,3.0,1.0,1.0,1.0,1.0,1.0,,1.0,1.0,1.0,1.0,1.0,1.0,1.0,1.0,1.0,1.0,1.0,1.0,,1.0,1.0,1.0,1.0,1.0,1.0,,,,,5.65,8.75,5.0,8.25,4.25,0.75
264,Zürich,2024-07-09,1,1575,4.40,5,2.0,1.0,,,,,,,,1.0,1.0,,1.0,1.0,,,,,,,,,,,,,,,,,,5.65,8.75,5.0,8.25,4.25,0.75
265,Zürich,2024-07-09,1,1829,,,1.0,1.0,,,,,,,,1.0,1.0,,1.0,1.0,1.0,,,,,1.0,,1.0,1.0,,,,,,,,,5.65,8.75,5.0,8.25,4.25,0.75
266,Zürich,2024-07-09,1,1351,,,4.0,2.0,1.0,1.0,,,,,,1.0,1.0,,1.0,1.0,1.0,1.0,1.0,,,1.0,,,1.0,,,,1.0,,1.0,,,5.65,8.75,5.0,8.25,4.25,0.75
267,Zürich,2024-07-09,1,2112,,,,1.0,1.0,,,1.0,1.0,,,1.0,1.0,,1.0,1.0,1.0,,,,,1.0,,1.0,,,,,,,,,,5.65,8.75,5.0,8.25,4.25,0.75
268,Zürich,2024-07-09,1,1099,4.50,4,2.0,1.0,1.0,1.0,1.0,1.0,1.0,,1.0,,1.0,1.0,1.0,1.0,1.0,,,1.0,1.0,,,1.0,1.0,,,,,,,,,5.65,8.75,5.0,8.25,4.25,0.75
269,Zürich,2024-07-09,1,1378,4.92,13,3.0,2.0,1.0,1.0,1.0,1.0,1.0,,,1.0,1.0,1.0,,1.0,1.0,1.0,1.0,,,,,,1.0,1.0,,,1.0,,1.0,,1.0,5.65,8.75,5.0,8.25,4.25,0.75
270,Zürich,2024-07-09,1,1346,,,6.0,3.0,1.0,1.0,1.0,1.0,,,,1.0,1.0,,1.0,1.0,1.0,,,,,1.0,,,1.0,,,1.0,,,,,,5.65,8.75,5.0,8.25,4.25,0.75
271,Zürich,2024-07-09,1,1534,4.82,11,,1.0,1.0,1.0,1.0,1.0,1.0,1.0,1.0,1.0,1.0,1.0,1.0,,1.0,1.0,,1.0,1.0,,,,1.0,1.0,1.0,,1.0,,1.0,,,5.65,8.75,5.0,8.25,4.25,0.75
272,Zürich,2024-07-09,1,1072,,,,1.0,1.0,1.0,,,,,,1.0,1.0,,1.0,,1.0,,,,,1.0,,,1.0,,,,1.0,,1.0,1.0,,5.65,8.75,5.0,8.25,4.25,0.75
273,Zürich,2024-07-09,1,1392,4.77,31,4.0,2.0,1.0,1.0,1.0,1.0,1.0,1.0,1.0,1.0,1.0,,1.0,1.0,1.0,1.0,1.0,1.0,1.0,,,1.0,1.0,,,1.0,1.0,,1.0,,,5.65,8.75,5.0,8.25,4.25,0.75
274,Zürich,2024-07-09,1,1840,4.88,17,,1.0,1.0,1.0,1.0,1.0,1.0,,,1.0,1.0,1.0,1.0,1.0,1.0,1.0,1.0,,,1.0,1.0,,1.0,1.0,1.0,1.0,1.0,,,,,5.65,8.75,5.0,8.25,4.25,0.75
275,Zürich,2024-07-09,1,1267,4.50,8,2.0,,1.0,1.0,,1.0,1.0,1.0,1.0,1.0,1.0,,1.0,1.0,1.0,1.0,1.0,,,,,1.0,1.0,1.0,,1.0,1.0,,,,,5.65,8.75,5.0,8.25,4.25,0.75
276,Zürich,2024-07-09,1,1355,4.89,27,,2.0,1.0,1.0,1.0,1.0,1.0,1.0,,1.0,1.0,1.0,,,1.0,1.0,1.0,,,1.0,,,1.0,1.0,1.0,,1.0,,,1.0,,5.65,8.75,5.0,8.25,4.25,0.75
277,Zürich,2024-07-09,1,1937,4.71,7,,2.0,1.0,1.0,1.0,1.0,1.0,1.0,1.0,1.0,1.0,1.0,1.0,1.0,1.0,1.0,,1.0,1.0,1.0,,,1.0,,1.0,,1.0,,1.0,,,5.65,8.75,5.0,8.25,4.25,0.75
278,Zürich,2024-07-09,1,1392,,,2.0,1.0,,,,,,,,1.0,1.0,,,1.0,1.0,,,,,,,,1.0,,,,,,,,,5.65,8.75,5.0,8.25,4.25,0.75
279,Zürich,2024-07-09,1,1300,5.0,6,6.0,4.0,,,,,,,,1.0,1.0,,1.0,1.0,1.0,,,,,1.0,,,1.0,,,,,,1.0,,,5.65,8.75,5.0,8.25,4.25,0.75
280,Zürich,2024-07-09,1,1146,4.84,76,4.0,3.0,1.0,1.0,,1.0,1.0,1.0,1.0,1.0,1.0,1.0,,,1.0,,,,,,,,1.0,1.0,,1.0,1.0,,1.0,,,5.65,8.75,5.0,8.25,4.25,0.75
281,Zürich,2024-07-09,1,1210,4.33,15,6.0,,1.0,1.0,1.0,1.0,,1.0,,1.0,1.0,,1.0,1.0,1.0,1.0,1.0,1.0,1.0,,,1.0,1.0,1.0,1.0,1.0,,,1.0,1.0,,5.65,8.75,5.0,8.25,4.25,0.75
282,Zürich,2024-07-09,1,1751,4.86,29,3.0,2.0,1.0,1.0,1.0,1.0,1.0,,,1.0,1.0,1.0,,1.0,1.0,1.0,1.0,,,1.0,,,1.0,,,,,,,,,5.65,8.75,5.0,8.25,4.25,0.75
283,Zürich,2024-07-09,1,1438,4.65,37,2.0,1.0,1.0,1.0,1.0,,1.0,,,,1.0,,1.0,1.0,1.0,,,,,,,,,,,,,,,,,5.65,8.75,5.0,8.25,4.25,0.75
284,Zürich,2024-07-09,1,1484,4.71,7,4.0,2.0,1.0,1.0,1.0,1.0,,1.0,,1.0,1.0,,1.0,1.0,1.0,1.0,1.0,,,1.0,,,1.0,1.0,,1.0,,,,,,5.65,8.75,5.0,8.25,4.25,0.75
285,Zürich,2024-07-09,1,2184,,,,,1.0,1.0,1.0,1.0,1.0,1.0,,1.0,1.0,1.0,1.0,1.0,1.0,1.0,,,,1.0,,,1.0,,,1.0,1.0,,,,,5.65,8.75,5.0,8.25,4.25,0.75
286,Zürich,2024-07-09,1,1878,4.75,4,5.0,3.0,1.0,1.0,,1.0,,,,1.0,1.0,1.0,,1.0,1.0,1.0,1.0,,,,,,1.0,1.0,1.0,1.0,1.0,1.0,,,,5.65,8.75,5.0,8.25,4.25,0.75
287,Zürich,2024-07-09,1,1179,4.0,3,2.0,2.0,1.0,1.0,1.0,1.0,1.0,1.0,,1.0,1.0,1.0,1.0,1.0,1.0,,,,,,,,1.0,,,,1.0,,,,,5.65,8.75,5.0,8.25,4.25,0.75
288,Zürich,2024-07-09,1,1722,4.68,20,5.0,3.0,1.0,1.0,1.0,,1.0,,,1.0,1.0,,1.0,1.0,1.0,1.0,,,,1.0,,,1.0,,,,,,,,,5.65,8.75,5.0,8.25,4.25,0.75
289,Zürich,2024-07-09,1,1099,,,2.0,1.0,1.0,1.0,,1.0,1.0,,,1.0,1.0,,1.0,1.0,1.0,1.0,,,,1.0,,,1.0,1.0,,1.0,,,,,,5.65,8.75,5.0,8.25,4.25,0.75
290,Zürich,2024-07-09,1,1072,,,,1.0,1.0,,1.0,1.0,,,1.0,1.0,,1.0,,,1.0,,,1.0,1.0,,,,1.0,,,1.0,1.0,,,,1.0,5.65,8.75,5.0,8.25,4.25,0.75
291,Zürich,2024-07-09,1,1323,,,2.0,2.0,1.0,,1.0,1.0,,1.0,1.0,1.0,1.0,1.0,1.0,1.0,1.0,,,,,,1.0,,1.0,,,1.0,1.0,,,,,5.65,8.75,5.0,8.25,4.25,0.75
292,Zürich,2024-07-09,1,1210,,,2.0,1.0,1.0,1.0,1.0,1.0,1.0,,1.0,,1.0,1.0,,1.0,1.0,1.0,1.0,1.0,1.0,,,1.0,1.0,1.0,1.0,1.0,1.0,,1.0,,,5.65,8.75,5.0,8.25,4.25,0.75
293,Zürich,2024-07-09,1,1072,5.0,3,2.0,1.0,1.0,,1.0,1.0,,,1.0,1.0,1.0,1.0,1.0,1.0,1.0,,,1.0,1.0,,,1.0,1.0,1.0,,1.0,1.0,,1.0,,,5.65,8.75,5.0,8.25,4.25,0.75
294,Zürich,2024-07-09,1,2190,4.70,23,4.0,1.0,1.0,1.0,1.0,1.0,1.0,,1.0,1.0,1.0,1.0,1.0,,1.0,1.0,1.0,1.0,1.0,,,1.0,1.0,,1.0,1.0,1.0,,1.0,,,5.65,8.75,5.0,8.25,4.25,0.75
295,Zürich,2024-07-09,1,2070,,,1.0,3.0,1.0,1.0,1.0,,1.0,1.0,,1.0,1.0,1.0,1.0,1.0,1.0,,,,,1.0,,,1.0,,,,1.0,,,,,5.65,8.75,5.0,8.25,4.25,0.75
296,Zürich,2024-07-09,1,1108,4.93,15,,1.0,1.0,1.0,,1.0,1.0,1.0,1.0,1.0,1.0,1.0,1.0,,1.0,1.0,1.0,1.0,1.0,1.0,,,1.0,1.0,1.0,1.0,1.0,,,,,5.65,8.75,5.0,8.25,4.25,0.75
297,Zürich,2024-07-09,1,1841,5.0,3,,1.0,1.0,1.0,1.0,1.0,1.0,,1.0,,1.0,,,1.0,1.0,,,,,,,1.0,1.0,1.0,1.0,,1.0,,1.0,,,5.65,8.75,5.0,8.25,4.25,0.75
298,Zürich,2024-07-09,1,1792,,,2.0,2.0,1.0,1.0,1.0,1.0,1.0,,1.0,1.0,1.0,1.0,1.0,1.0,1.0,,,1.0,1.0,1.0,,1.0,1.0,,1.0,1.0,1.0,,,,1.0,5.65,8.75,5.0,8.25,4.25,0.75
299,Zürich,2024-07-09,1,2070,,,2.0,1.0,1.0,1.0,,1.0,1.0,1.0,1.0,1.0,1.0,1.0,,1.0,1.0,,,1.0,1.0,1.0,,1.0,1.0,1.0,,,,,,,,5.65,8.75,5.0,8.25,4.25,0.75
300,Zürich,2024-07-09,1,2055,,,4.0,2.0,1.0,,,1.0,,1.0,1.0,1.0,1.0,1.0,1.0,1.0,1.0,,,,,1.0,,,1.0,,,1.0,1.0,,,,,5.65,8.75,5.0,8.25,4.25,0.75
301,Zürich,2024-07-09,1,1851,,,,1.0,,,,,,,,1.0,1.0,,,1.0,1.0,,,,,1.0,,,1.0,,,,1.0,1.0,,,,5.65,8.75,5.0,8.25,4.25,0.75
302,Zürich,2024-07-09,1,2203,,,1.0,2.0,1.0,1.0,1.0,1.0,1.0,,,1.0,1.0,1.0,1.0,1.0,1.0,,,,,1.0,,,1.0,,,,1.0,,,,,5.65,8.75,5.0,8.25,4.25,0.75
303,Zürich,2024-07-09,1,1851,4.50,32,,1.0,1.0,1.0,1.0,1.0,1.0,1.0,,,1.0,1.0,1.0,1.0,,1.0,1.0,,,,,,1.0,,,,1.0,,1.0,,,5.65,8.75,5.0,8.25,4.25,0.75
304,Zürich,2024-07-09,1,1759,4.57,96,6.0,4.0,1.0,1.0,1.0,1.0,1.0,,,1.0,1.0,,1.0,1.0,1.0,,,,,1.0,1.0,,1.0,1.0,,1.0,1.0,,,,,5.65,8.75,5.0,8.25,4.25,0.75
305,Zürich,2024-07-09,1,1301,,,,1.0,,,,,,,,1.0,1.0,,,1.0,,,,,,1.0,,,1.0,,,,,,,,,5.65,8.75,5.0,8.25,4.25,0.75
306,Zürich,2024-07-09,1,1615,,,,3.0,1.0,1.0,1.0,1.0,1.0,1.0,1.0,1.0,1.0,1.0,1.0,1.0,1.0,1.0,,1.0,1.0,,,,1.0,1.0,1.0,,1.0,,1.0,,,5.65,8.75,5.0,8.25,4.25,0.75
307,Zürich,2024-07-09,1,1099,4.53,17,,1.0,1.0,1.0,1.0,,1.0,1.0,,,1.0,1.0,1.0,1.0,,1.0,1.0,,,,,,1.0,1.0,,,1.0,,1.0,,,5.65,8.75,5.0,8.25,4.25,0.75
308,Zürich,2024-07-09,1,1144,4.53,17,,1.0,1.0,1.0,,1.0,1.0,,1.0,1.0,1.0,,1.0,1.0,1.0,,,1.0,1.0,,,,1.0,1.0,1.0,1.0,1.0,,,,,5.65,8.75,5.0,8.25,4.25,0.75
309,Zürich,2024-07-09,1,1053,,,10.0,1.0,1.0,1.0,1.0,1.0,1.0,,1.0,1.0,1.0,1.0,1.0,1.0,1.0,1.0,1.0,1.0,1.0,,,1.0,1.0,1.0,,1.0,1.0,,,,,5.65,8.75,5.0,8.25,4.25,0.75
310,Zürich,2024-07-09,1,1703,5.0,23,6.0,3.0,1.0,1.0,1.0,1.0,1.0,,1.0,1.0,1.0,1.0,1.0,1.0,1.0,,,1.0,1.0,,,,1.0,1.0,1.0,1.0,1.0,,1.0,,,5.65,8.75,5.0,8.25,4.25,0.75
311,Zürich,2024-07-09,1,1447,4.42,21,,2.0,1.0,1.0,1.0,,1.0,,1.0,1.0,1.0,1.0,1.0,1.0,,,,,,1.0,,,1.0,1.0,1.0,1.0,1.0,,,,,5.65,8.75,5.0,8.25,4.25,0.75
312,Zürich,2024-07-09,1,1370,,,2.0,2.0,,,,,1.0,,1.0,,1.0,,1.0,,1.0,,,,,,,,,,,1.0,,,,,,5.65,8.75,5.0,8.25,4.25,0.75
313,Zürich,2024-07-09,1,1160,,,2.0,2.0,1.0,,,1.0,,1.0,1.0,1.0,1.0,1.0,1.0,1.0,1.0,,,,,,1.0,,1.0,,,1.0,1.0,,,,,5.65,8.75,5.0,8.25,4.25,0.75
314,Zürich,2024-07-09,1,1556,4.89,10,,1.0,1.0,,1.0,1.0,,1.0,,,1.0,,1.0,1.0,1.0,,,,,1.0,,,1.0,1.0,,,,,,1.0,,5.65,8.75,5.0,8.25,4.25,0.75
315,Zürich,2024-07-09,1,1392,4.71,7,,9.0,1.0,1.0,1.0,1.0,1.0,,1.0,1.0,1.0,1.0,1.0,,1.0,1.0,,1.0,1.0,,,1.0,1.0,1.0,1.0,,1.0,1.0,1.0,,1.0,5.65,8.75,5.0,8.25,4.25,0.75
316,Zürich,2024-07-09,1,1210,4.79,14,4.0,3.0,1.0,1.0,1.0,1.0,1.0,,1.0,1.0,1.0,1.0,1.0,1.0,1.0,,,,,,,,,,,,,,,,,5.65,8.75,5.0,8.25,4.25,0.75
317,Zürich,2024-07-09,1,1179,,,2.0,1.0,1.0,1.0,1.0,1.0,1.0,1.0,1.0,1.0,1.0,1.0,1.0,1.0,1.0,,,,,,,,1.0,,,,1.0,,,,,5.65,8.75,5.0,8.25,4.25,0.75
318,Zürich,2024-07-09,1,2042,,,6.0,4.0,1.0,1.0,1.0,,,,,1.0,1.0,,,1.0,1.0,,,,,,,,1.0,,,1.0,,,,,,5.65,8.75,5.0,8.25,4.25,0.75
319,Zürich,2024-07-09,1,1385,,,,1.0,,,,,,,,,1.0,,,1.0,,,,,,,,,1.0,,,,,,,,,5.65,8.75,5.0,8.25,4.25,0.75
320,Zürich,2024-07-09,1,1832,4.64,12,,1.0,1.0,1.0,1.0,1.0,1.0,,,1.0,1.0,1.0,1.0,1.0,1.0,,,1.0,1.0,,,,1.0,1.0,,1.0,1.0,,,,,5.65,8.75,5.0,8.25,4.25,0.75
321,Zürich,2024-07-09,1,1594,,,,1.0,,,,,,,,,1.0,,,1.0,1.0,,,,,1.0,,,1.0,,,,,,,,,5.65,8.75,5.0,8.25,4.25,0.75
322,Zürich,2024-07-09,1,1392,,,,1.0,,,,,,,,,1.0,1.0,,1.0,1.0,,,,,1.0,,,1.0,,,1.0,1.0,,1.0,,,5.65,8.75,5.0,8.25,4.25,0.75
323,Zürich,2024-07-09,1,1115,4.81,114,,1.0,1.0,1.0,,1.0,1.0,,,,1.0,1.0,1.0,1.0,1.0,,,,,1.0,,,1.0,1.0,1.0,1.0,1.0,,,,,5.65,8.75,5.0,8.25,4.25,0.75
324,Zürich,2024-07-09,1,1805,4.85,13,,1.0,1.0,1.0,1.0,1.0,1.0,1.0,,1.0,1.0,1.0,1.0,1.0,1.0,,,1.0,1.0,1.0,1.0,,1.0,1.0,1.0,1.0,1.0,,,,,5.65,8.75,5.0,8.25,4.25,0.75
325,Zürich,2024-07-09,1,1667,,,,1.0,1.0,,1.0,,,1.0,,,1.0,1.0,,1.0,1.0,,,,,1.0,,,1.0,,,,,,,,,5.65,8.75,5.0,8.25,4.25,0.75
326,Zürich,2024-07-09,1,1530,,,,1.0,1.0,1.0,1.0,1.0,1.0,,1.0,1.0,1.0,1.0,1.0,1.0,1.0,,,1.0,1.0,1.0,,1.0,1.0,1.0,1.0,,1.0,,1.0,,,5.65,8.75,5.0,8.25,4.25,0.75
327,Zürich,2024-07-09,1,1328,,,1.0,1.0,,,,,,,,1.0,1.0,,1.0,1.0,1.0,,,,,,,,,,,,1.0,,,,,5.65,8.75,5.0,8.25,4.25,0.75
328,Zürich,2024-07-09,1,2266,,,,1.0,,,,,,,,,1.0,,,1.0,1.0,,,,,,,,1.0,,,,1.0,,,1.0,,5.65,8.75,5.0,8.25,4.25,0.75
329,Zürich,2024-07-09,1,1118,,,,1.0,,,,,,,,,1.0,,,1.0,,,,,,,,,,,,,,,,,,5.65,8.75,5.0,8.25,4.25,0.75
330,Zürich,2024-07-09,1,1627,,,4.0,1.0,,,,,,,,,,,,,,,,,,,,,,,,,,,,,,5.65,8.75,5.0,8.25,4.25,0.75
331,Zürich,2024-07-09,1,1257,,,2.0,2.0,1.0,1.0,1.0,1.0,1.0,1.0,1.0,1.0,1.0,1.0,1.0,1.0,1.0,,,,,,,,1.0,,,,1.0,,,,,5.65,8.75,5.0,8.25,4.25,0.75
332,Zürich,2024-07-09,1,1694,,,2.0,1.0,1.0,1.0,1.0,1.0,1.0,,1.0,1.0,1.0,1.0,1.0,1.0,1.0,,,1.0,1.0,,,,1.0,1.0,,1.0,1.0,,,,,5.65,8.75,5.0,8.25,4.25,0.75
333,Zürich,2024-07-09,1,1400,,,,1.0,,,,,,,,1.0,1.0,,1.0,1.0,1.0,,,,,,,1.0,,,,,,,,,,5.65,8.75,5.0,8.25,4.25,0.75
334,Zürich,2024-07-09,1,1713,4.63,8,3.0,1.0,1.0,1.0,1.0,1.0,,1.0,1.0,1.0,1.0,1.0,,1.0,1.0,,,1.0,1.0,,,,1.0,,1.0,1.0,1.0,,,,,5.65,8.75,5.0,8.25,4.25,0.75
335,Zürich,2024-07-09,1,1255,,,2.0,1.0,1.0,,,1.0,,1.0,1.0,,1.0,1.0,1.0,1.0,1.0,,,,,1.0,,,1.0,1.0,1.0,1.0,1.0,,,,,5.65,8.75,5.0,8.25,4.25,0.75
336,Zürich,2024-07-09,1,1902,,,,2.0,1.0,1.0,1.0,1.0,,,1.0,1.0,1.0,,1.0,1.0,1.0,1.0,1.0,,,,,1.0,1.0,1.0,,1.0,1.0,,,1.0,,5.65,8.75,5.0,8.25,4.25,0.75
337,Zürich,2024-07-09,1,2052,,,3.0,3.0,,,,,,,,1.0,1.0,,1.0,1.0,1.0,,,,,,,,,,,,,,,,,5.65,8.75,5.0,8.25,4.25,0.75
338,Zürich,2024-07-09,1,1665,5.0,29,2.0,1.0,1.0,1.0,,1.0,1.0,1.0,,1.0,1.0,1.0,1.0,1.0,1.0,1.0,1.0,,,,,,1.0,1.0,,1.0,1.0,1.0,,,,5.65,8.75,5.0,8.25,4.25,0.75
339,Zürich,2024-07-09,1,1164,,,,1.0,1.0,,,1.0,,1.0,1.0,,1.0,1.0,1.0,1.0,1.0,,,,,1.0,,,1.0,1.0,1.0,,1.0,,,,,5.65,8.75,5.0,8.25,4.25,0.75
340,Zürich,2024-07-09,1,1179,4.96,24,,1.0,1.0,1.0,,,,,,1.0,1.0,,1.0,1.0,1.0,,,,,1.0,,1.0,1.0,,,,,,,,,5.65,8.75,5.0,8.25,4.25,0.75
341,Zürich,2024-07-09,1,1822,,,2.0,1.0,1.0,1.0,1.0,,1.0,,,1.0,1.0,,1.0,1.0,1.0,,,,,,,,,,,1.0,,,,,,5.65,8.75,5.0,8.25,4.25,0.75
342,Zürich,2024-07-09,1,1664,,,,1.0,,,,,,,,1.0,1.0,,,1.0,,,,,,1.0,,,1.0,,,,,,,,,5.65,8.75,5.0,8.25,4.25,0.75
343,Zürich,2024-07-09,1,1926,,,4.0,4.0,1.0,,,1.0,,1.0,1.0,1.0,1.0,1.0,1.0,1.0,1.0,,,,,1.0,,,1.0,,,,1.0,,,,,5.65,8.75,5.0,8.25,4.25,0.75
344,Zürich,2024-07-09,1,2217,4.82,11,2.0,1.0,1.0,1.0,,,1.0,1.0,,1.0,1.0,1.0,1.0,1.0,1.0,,,1.0,1.0,1.0,,,1.0,1.0,1.0,,,,,,,5.65,8.75,5.0,8.25,4.25,0.75
345,Zürich,2024-07-09,1,1428,,,,1.0,1.0,1.0,1.0,,,,,1.0,1.0,,1.0,1.0,1.0,,,1.0,1.0,1.0,,,1.0,,,,1.0,,,,,5.65,8.75,5.0,8.25,4.25,0.75
346,Zürich,2024-07-09,1,1552,,,,2.0,,,,,,,,1.0,1.0,,,1.0,1.0,,,,,1.0,1.0,,1.0,,,,1.0,,,,,5.65,8.75,5.0,8.25,4.25,0.75
347,Zürich,2024-07-09,1,1419,,,1.0,1.0,1.0,1.0,1.0,,1.0,,,1.0,1.0,,1.0,1.0,1.0,,,,,,,,,,,1.0,,,,,,5.65,8.75,5.0,8.25,4.25,0.75
348,Zürich,2024-07-09,1,1576,,,,,1.0,,1.0,1.0,1.0,,1.0,,1.0,1.0,,,1.0,,,1.0,1.0,,,1.0,,,,,,,1.0,,,5.65,8.75,5.0,8.25,4.25,0.75
349,Zürich,2024-07-09,1,1099,5.0,3,2.0,1.0,1.0,1.0,,1.0,1.0,,,1.0,1.0,,1.0,1.0,1.0,1.0,,,,1.0,,,1.0,1.0,,1.0,,,,,,5.65,8.75,5.0,8.25,4.25,0.75
350,Zürich,2024-07-09,1,1164,,,,1.0,1.0,1.0,,1.0,1.0,,1.0,,1.0,1.0,1.0,1.0,1.0,,,1.0,1.0,1.0,,1.0,1.0,1.0,1.0,,1.0,,1.0,,,5.65,8.75,5.0,8.25,4.25,0.75
351,Zürich,2024-07-09,1,1968,,,2.0,2.0,1.0,1.0,1.0,,1.0,,,1.0,1.0,,1.0,1.0,1.0,,,,,,,,,,,1.0,,,,,,5.65,8.75,5.0,8.25,4.25,0.75
352,Zürich,2024-07-09,1,1136,3.50,4,,1.0,1.0,,,1.0,,,1.0,,1.0,1.0,1.0,1.0,1.0,,,,,1.0,,,1.0,1.0,1.0,,1.0,,,,,5.65,8.75,5.0,8.25,4.25,0.75
353,Zürich,2024-07-09,1,1099,,,,3.0,1.0,1.0,,1.0,1.0,1.0,,1.0,1.0,,1.0,1.0,1.0,1.0,,,,1.0,,,1.0,1.0,,1.0,,,,,,5.65,8.75,5.0,8.25,4.25,0.75
354,Zürich,2024-07-09,1,1419,,,,3.0,1.0,1.0,,,1.0,,,1.0,1.0,,,1.0,1.0,,,,,1.0,,,,,,,,,,,,5.65,8.75,5.0,8.25,4.25,0.75
355,Zürich,2024-07-09,1,1087,4.83,102,,1.0,1.0,1.0,1.0,1.0,1.0,1.0,,,1.0,1.0,1.0,,1.0,,,,,,,,1.0,1.0,1.0,1.0,1.0,,,,,5.65,8.75,5.0,8.25,4.25,0.75
356,Zürich,2024-07-09,1,1747,,,,1.0,,,,,,,,,1.0,,,1.0,1.0,,,,,,,,,,,,,,,,,5.65,8.75,5.0,8.25,4.25,0.75
357,Zürich,2024-07-09,1,1099,,,,1.0,1.0,,,,,,,1.0,1.0,,1.0,1.0,1.0,,,,,1.0,1.0,,1.0,,,,1.0,,1.0,,,5.65,8.75,5.0,8.25,4.25,0.75
358,Zürich,2024-07-09,1,1685,4.70,26,4.0,1.0,1.0,1.0,,,1.0,,,1.0,1.0,,,1.0,,,,,,1.0,,,1.0,,,,1.0,,,1.0,,5.65,8.75,5.0,8.25,4.25,0.75
359,Zürich,2024-07-09,1,1117,,,4.0,1.0,1.0,,1.0,1.0,1.0,,,,,,,,,,,,,1.0,,,1.0,1.0,,,,,,,,5.65,8.75,5.0,8.25,4.25,0.75
360,Zürich,2024-07-09,1,1108,,,,1.0,1.0,1.0,,,,,,,1.0,,1.0,,,,,,,,,,1.0,1.0,,,1.0,,1.0,,,5.65,8.75,5.0,8.25,4.25,0.75
361,Zürich,2024-07-09,1,1576,3.86,7,,,1.0,,1.0,1.0,1.0,,1.0,,1.0,1.0,,,1.0,,,1.0,1.0,,,1.0,,,,,,,1.0,,,5.65,8.75,5.0,8.25,4.25,0.75
362,Zürich,2024-07-09,1,1786,5.0,6,,1.0,,,,,,,,,1.0,,,1.0,1.0,,,,,1.0,,,1.0,,,,1.0,,,,,5.65,8.75,5.0,8.25,4.25,0.75
363,Zürich,2024-07-09,1,1585,,,2.0,1.0,1.0,1.0,,,,,,1.0,1.0,,,1.0,,1.0,1.0,,,,,,1.0,,,,1.0,,,,,5.65,8.75,5.0,8.25,4.25,0.75
364,Zürich,2024-07-09,1,1355,3.67,3,,,1.0,,1.0,1.0,1.0,,1.0,,,1.0,,,1.0,,,1.0,1.0,,,1.0,,,,,,,,,,5.65,8.75,5.0,8.25,4.25,0.75
365,Zürich,2024-07-09,1,1164,,,,1.0,1.0,1.0,1.0,1.0,1.0,,1.0,1.0,1.0,1.0,,1.0,,,,1.0,1.0,1.0,,1.0,1.0,1.0,,1.0,,,,,,5.65,8.75,5.0,8.25,4.25,0.75
366,Zürich,2024-07-09,1,1063,,,,3.0,,,,,,,,1.0,,,,,,,,,,,,,1.0,1.0,,,,,,,1.0,5.65,8.75,5.0,8.25,4.25,0.75
367,Zürich,2024-07-09,1,2113,5.0,3,,4.0,1.0,,1.0,,,,,1.0,1.0,,,1.0,1.0,,,,,1.0,,,1.0,,,,,,,,,5.65,8.75,5.0,8.25,4.25,0.75
368,Zürich,2024-07-09,1,1484,,,,2.0,,,,,,,,1.0,1.0,,1.0,1.0,1.0,,,,,,1.0,,1.0,,,,,,,,,5.65,8.75,5.0,8.25,4.25,0.75
369,Zürich,2024-07-09,1,1118,,,,2.0,1.0,1.0,,,,,,1.0,1.0,1.0,1.0,1.0,1.0,1.0,1.0,,,1.0,,,1.0,1.0,,,,,,,,5.65,8.75,5.0,8.25,4.25,0.75
370,Zürich,2024-07-09,1,1324,,,2.0,1.0,,,,,,,,,1.0,,1.0,1.0,1.0,,,,,1.0,,1.0,1.0,,,,,,,,,5.65,8.75,5.0,8.25,4.25,0.75
371,Zürich,2024-07-09,1,1099,4.63,8,2.0,2.0,1.0,1.0,,1.0,1.0,1.0,,1.0,1.0,1.0,1.0,1.0,1.0,,,,,1.0,,,1.0,,,,,,,,,5.65,8.75,5.0,8.25,4.25,0.75
372,Zürich,2024-07-09,1,1924,,,,,1.0,,1.0,1.0,1.0,,1.0,,1.0,1.0,,,1.0,,,1.0,1.0,,,1.0,1.0,,,1.0,1.0,,,,,5.65,8.75,5.0,8.25,4.25,0.75
373,Zürich,2024-07-09,1,1118,,,,1.0,1.0,1.0,,,,,,1.0,1.0,1.0,1.0,1.0,1.0,1.0,1.0,,,1.0,,,1.0,,,,,,,,,5.65,8.75,5.0,8.25,4.25,0.75
374,Zürich,2024-07-09,1,2025,,,3.0,1.0,1.0,,,,,,,,,,,,1.0,,,1.0,1.0,1.0,,1.0,1.0,,,,1.0,,1.0,,,5.65,8.75,5.0,8.25,4.25,0.75
375,Zürich,2024-07-09,1,2113,5.0,6,,1.0,1.0,1.0,1.0,1.0,1.0,1.0,,,1.0,1.0,,1.0,1.0,1.0,1.0,,,1.0,,,1.0,1.0,1.0,1.0,1.0,,,1.0,,5.65,8.75,5.0,8.25,4.25,0.75
376,Zürich,2024-07-09,1,1118,,,,1.0,,,,,,,,,,,,,,,,,,,,,,,,,,,,,,5.65,8.75,5.0,8.25,4.25,0.75
377,Zürich,2024-07-09,1,1202,,,,7.0,1.0,1.0,,,,,,1.0,1.0,1.0,1.0,1.0,1.0,1.0,1.0,,,1.0,1.0,,1.0,,,,,,,,,5.65,8.75,5.0,8.25,4.25,0.75
378,Zürich,2024-07-09,1,1235,,,,1.0,,,,,1.0,,,1.0,1.0,,,1.0,1.0,,,,,1.0,,,1.0,,,,,,,,,5.65,8.75,5.0,8.25,4.25,0.75
379,Zürich,2024-07-09,1,1228,,,,7.0,1.0,1.0,,,,,,1.0,1.0,1.0,1.0,1.0,1.0,1.0,1.0,,,1.0,1.0,,1.0,1.0,,,,,,,,5.65,8.75,5.0,8.25,4.25,0.75
380,Zürich,2024-07-09,1,1805,,,1.0,1.0,,,,,,,,,1.0,,1.0,1.0,,,,,,1.0,,,1.0,,,,,,,,,5.65,8.75,5.0,8.25,4.25,0.75
381,Zürich,2024-07-09,1,1539,,,,1.0,,,,,,,,1.0,1.0,,,1.0,1.0,,,,,1.0,,,1.0,,,,,,,,,5.65,8.75,5.0,8.25,4.25,0.75
382,Zürich,2024-07-09,1,3461,4.92,314,10.0,8.0,1.0,1.0,1.0,1.0,1.0,1.0,1.0,1.0,1.0,1.0,1.0,1.0,1.0,1.0,1.0,,,,,,1.0,1.0,1.0,1.0,1.0,,,,,5.65,8.75,5.0,8.25,4.25,0.75
383,Zürich,2024-07-09,1,2950,5.0,10,2.0,1.0,1.0,1.0,1.0,1.0,,1.0,,,1.0,1.0,,,1.0,,,,,,,1.0,1.0,1.0,,1.0,1.0,1.0,1.0,1.0,,5.65,8.75,5.0,8.25,4.25,0.75
384,Zürich,2024-07-09,1,2938,4.60,5,2.0,1.0,1.0,1.0,1.0,1.0,1.0,1.0,,1.0,1.0,1.0,1.0,1.0,1.0,,,,,,,1.0,1.0,1.0,,,,,,,,5.65,8.75,5.0,8.25,4.25,0.75
385,Zürich,2024-07-09,1,2445,5.0,8,2.0,1.0,1.0,1.0,1.0,1.0,1.0,,1.0,,1.0,1.0,1.0,1.0,1.0,1.0,1.0,1.0,1.0,,,,1.0,1.0,1.0,1.0,1.0,,,,,5.65,8.75,5.0,8.25,4.25,0.75
386,Zürich,2024-07-09,1,2308,4.47,15,3.0,1.0,1.0,,,1.0,1.0,1.0,1.0,,1.0,1.0,,1.0,,1.0,1.0,1.0,1.0,,,,1.0,1.0,,1.0,,,,,,5.65,8.75,5.0,8.25,4.25,0.75
387,Zürich,2024-07-09,1,2315,4.50,6,1.0,1.0,1.0,1.0,1.0,1.0,1.0,1.0,1.0,1.0,1.0,1.0,1.0,1.0,1.0,,,,,,,1.0,1.0,,,1.0,,,,,,5.65,8.75,5.0,8.25,4.25,0.75
388,Zürich,2024-07-09,1,2307,,,2.0,1.0,1.0,1.0,1.0,1.0,1.0,1.0,1.0,1.0,1.0,1.0,1.0,1.0,1.0,1.0,,,,1.0,,1.0,1.0,1.0,1.0,1.0,1.0,1.0,,,1.0,5.65,8.75,5.0,8.25,4.25,0.75
389,Zürich,2024-07-09,1,2766,,,4.0,2.0,1.0,,,,,,,1.0,1.0,,,1.0,,,,,,1.0,,,1.0,,,,1.0,,,,,5.65,8.75,5.0,8.25,4.25,0.75
390,Zürich,2024-07-09,1,3021,4.90,52,4.0,3.0,1.0,,1.0,,1.0,1.0,1.0,1.0,,1.0,1.0,,1.0,,,1.0,1.0,,,1.0,1.0,1.0,,1.0,1.0,,1.0,1.0,,5.65,8.75,5.0,8.25,4.25,0.75
391,Zürich,2024-07-09,1,3315,,,2.0,1.0,1.0,1.0,1.0,1.0,1.0,,1.0,1.0,1.0,1.0,1.0,1.0,1.0,1.0,,,,,,1.0,1.0,,,,1.0,,,,,5.65,8.75,5.0,8.25,4.25,0.75
392,Zürich,2024-07-09,1,2903,,,2.0,1.0,1.0,1.0,1.0,1.0,1.0,1.0,,1.0,1.0,1.0,1.0,1.0,1.0,,,1.0,1.0,,,1.0,1.0,1.0,,,1.0,,1.0,,1.0,5.65,8.75,5.0,8.25,4.25,0.75
393,Zürich,2024-07-09,1,3558,4.96,53,6.0,3.0,1.0,1.0,1.0,1.0,1.0,1.0,,1.0,1.0,1.0,1.0,1.0,1.0,1.0,,,,,,,1.0,1.0,1.0,,1.0,,,,,5.65,8.75,5.0,8.25,4.25,0.75
394,Zürich,2024-07-09,1,3518,4.34,174,3.0,1.0,1.0,1.0,,1.0,1.0,1.0,,1.0,1.0,1.0,,1.0,1.0,1.0,1.0,,,,,,1.0,1.0,1.0,,1.0,,,,,5.65,8.75,5.0,8.25,4.25,0.75
395,Zürich,2024-07-09,1,3132,,,2.0,1.0,1.0,1.0,1.0,1.0,1.0,,,1.0,1.0,,1.0,1.0,1.0,,,,,,1.0,,1.0,,,,,1.0,,,,5.65,8.75,5.0,8.25,4.25,0.75
396,Zürich,2024-07-09,1,2554,4.67,3,3.0,2.0,1.0,1.0,,1.0,,,,1.0,1.0,1.0,,1.0,,,,1.0,1.0,,,,1.0,1.0,,,1.0,,1.0,,1.0,5.65,8.75,5.0,8.25,4.25,0.75
397,Zürich,2024-07-09,1,2958,4.91,11,3.0,2.0,1.0,1.0,1.0,1.0,1.0,,1.0,1.0,1.0,1.0,,1.0,1.0,1.0,1.0,1.0,1.0,,,1.0,1.0,1.0,1.0,1.0,1.0,,,,1.0,5.65,8.75,5.0,8.25,4.25,0.75
398,Zürich,2024-07-09,1,2405,4.60,126,2.0,1.0,1.0,1.0,1.0,1.0,,1.0,,1.0,1.0,1.0,,1.0,,1.0,,,,1.0,,,1.0,1.0,,,,,,,,5.65,8.75,5.0,8.25,4.25,0.75
399,Zürich,2024-07-09,1,2400,4.60,20,,1.0,1.0,1.0,1.0,1.0,1.0,1.0,,,1.0,1.0,1.0,1.0,,1.0,1.0,1.0,1.0,,,,1.0,1.0,,,1.0,,,,,5.65,8.75,5.0,8.25,4.25,0.75
400,Zürich,2024-07-09,1,2655,4.83,46,4.0,1.0,1.0,1.0,1.0,1.0,1.0,,,1.0,1.0,1.0,1.0,1.0,1.0,1.0,1.0,,,1.0,,,1.0,,,,,,,,,5.65,8.75,5.0,8.25,4.25,0.75
401,Zürich,2024-07-09,1,2756,4.75,4,1.0,2.0,1.0,1.0,1.0,1.0,1.0,,,1.0,1.0,1.0,1.0,1.0,1.0,,,,,1.0,,,1.0,1.0,,,1.0,,,,,5.65,8.75,5.0,8.25,4.25,0.75
402,Zürich,2024-07-09,1,3039,,,2.0,1.0,,,,,,,,1.0,1.0,,1.0,1.0,1.0,,,,,,,,,,,,,,,,,5.65,8.75,5.0,8.25,4.25,0.75
403,Zürich,2024-07-09,1,2743,5.0,5,2.0,2.0,1.0,1.0,1.0,1.0,1.0,1.0,1.0,1.0,1.0,1.0,1.0,1.0,1.0,,,,,,,1.0,1.0,,,,,,,,,5.65,8.75,5.0,8.25,4.25,0.75
404,Zürich,2024-07-09,1,2906,,,2.0,1.0,,,,,,,,1.0,1.0,,1.0,1.0,1.0,,,,,,,1.0,,,,,1.0,1.0,,,1.0,5.65,8.75,5.0,8.25,4.25,0.75
405,Zürich,2024-07-09,1,2307,,,2.0,1.0,1.0,1.0,1.0,1.0,1.0,1.0,1.0,1.0,1.0,1.0,1.0,1.0,1.0,1.0,,,,1.0,,1.0,1.0,1.0,1.0,1.0,1.0,1.0,,,1.0,5.65,8.75,5.0,8.25,4.25,0.75
406,Zürich,2024-07-09,1,2733,4.91,35,2.0,1.0,1.0,1.0,1.0,1.0,,,,1.0,1.0,1.0,,1.0,1.0,1.0,,,,1.0,,,1.0,1.0,,,,,,,,5.65,8.75,5.0,8.25,4.25,0.75
407,Zürich,2024-07-09,1,2317,5.0,3,4.0,3.0,1.0,1.0,1.0,1.0,1.0,,1.0,1.0,1.0,1.0,,1.0,1.0,1.0,1.0,1.0,1.0,,,1.0,1.0,1.0,1.0,,1.0,,1.0,,,5.65,8.75,5.0,8.25,4.25,0.75
408,Zürich,2024-07-09,1,2400,4.65,34,,1.0,1.0,1.0,1.0,,1.0,1.0,,,1.0,1.0,1.0,1.0,,1.0,1.0,,,,,,1.0,1.0,,,1.0,,,,,5.65,8.75,5.0,8.25,4.25,0.75
409,Zürich,2024-07-09,1,2674,,,4.0,2.0,,,,,,,,1.0,1.0,,1.0,1.0,1.0,,,,,,,1.0,,,,,,,,,,5.65,8.75,5.0,8.25,4.25,0.75
410,Zürich,2024-07-09,1,2733,4.67,33,2.0,1.0,1.0,1.0,1.0,1.0,1.0,,,1.0,1.0,1.0,,1.0,1.0,1.0,,,,1.0,,,1.0,1.0,,,,,,,,5.65,8.75,5.0,8.25,4.25,0.75
411,Zürich,2024-07-09,1,2491,,,2.0,1.0,1.0,1.0,1.0,1.0,1.0,,1.0,1.0,1.0,1.0,1.0,,1.0,,,1.0,1.0,1.0,,1.0,1.0,,1.0,1.0,1.0,,1.0,,,5.65,8.75,5.0,8.25,4.25,0.75
412,Zürich,2024-07-09,1,2530,,,5.0,3.0,1.0,1.0,1.0,,1.0,,1.0,1.0,1.0,,,1.0,1.0,,,,,,,,,,,1.0,,,,,,5.65,8.75,5.0,8.25,4.25,0.75
413,Zürich,2024-07-09,1,3362,4.25,4,16.0,1.0,,,,,,,,,,,,,1.0,,,,,1.0,,1.0,1.0,1.0,1.0,1.0,,,,1.0,,5.65,8.75,5.0,8.25,4.25,0.75
414,Zürich,2024-07-09,1,2766,,,,1.0,,,,,,,,,1.0,,,1.0,,,,,,,,,1.0,,,,,,,,,5.65,8.75,5.0,8.25,4.25,0.75
415,Zürich,2024-07-09,1,2299,,,4.0,2.0,,,,,,,,1.0,1.0,,1.0,1.0,,,,,,,,,,,,,1.0,,,,,5.65,8.75,5.0,8.25,4.25,0.75
416,Zürich,2024-07-09,1,2472,,,6.0,6.0,1.0,,,,,,,,1.0,1.0,1.0,1.0,1.0,,,,,,,,1.0,,,1.0,1.0,1.0,,,,5.65,8.75,5.0,8.25,4.25,0.75
417,Zürich,2024-07-09,1,3233,4.47,21,2.0,1.0,1.0,1.0,,1.0,,,,1.0,1.0,,,1.0,,1.0,1.0,,,,,,1.0,,1.0,,,,,,,5.65,8.75,5.0,8.25,4.25,0.75
418,Zürich,2024-07-09,1,2600,4.50,8,4.0,2.0,1.0,1.0,,1.0,1.0,,,1.0,1.0,,1.0,1.0,1.0,,,1.0,1.0,1.0,,1.0,1.0,,,,1.0,,,,,5.65,8.75,5.0,8.25,4.25,0.75
419,Zürich,2024-07-09,1,3156,,,,3.0,1.0,,,1.0,,,,,1.0,,1.0,1.0,,1.0,,,,,,,,,,,,,,,,5.65,8.75,5.0,8.25,4.25,0.75
420,Zürich,2024-07-09,1,2839,,,4.0,2.0,1.0,1.0,1.0,1.0,1.0,,,1.0,1.0,1.0,1.0,1.0,1.0,,,1.0,1.0,,,1.0,1.0,1.0,,1.0,1.0,,,,,5.65,8.75,5.0,8.25,4.25,0.75
421,Zürich,2024-07-09,1,2583,,,2.0,1.0,1.0,1.0,1.0,,1.0,,,1.0,1.0,,1.0,1.0,1.0,,,,,1.0,,1.0,1.0,,,,,,,,,5.65,8.75,5.0,8.25,4.25,0.75
422,Zürich,2024-07-09,1,2766,4.68,22,,1.0,1.0,1.0,1.0,1.0,1.0,1.0,,,1.0,1.0,1.0,1.0,,1.0,1.0,,,,,,1.0,1.0,,1.0,1.0,,1.0,,,5.65,8.75,5.0,8.25,4.25,0.75
423,Zürich,2024-07-09,1,2793,,,2.0,1.0,1.0,1.0,1.0,1.0,1.0,1.0,,1.0,1.0,,1.0,1.0,1.0,,,,,1.0,1.0,,1.0,1.0,1.0,1.0,,,,,,5.65,8.75,5.0,8.25,4.25,0.75
424,Zürich,2024-07-09,1,2587,4.30,10,6.0,5.0,1.0,1.0,1.0,1.0,1.0,1.0,,1.0,1.0,,,1.0,1.0,1.0,1.0,,,,,1.0,1.0,1.0,1.0,,,,,,,5.65,8.75,5.0,8.25,4.25,0.75
425,Zürich,2024-07-09,1,2694,,,,1.0,,,,,,,,,1.0,,1.0,1.0,1.0,,,,,1.0,,,1.0,,,,1.0,,,,,5.65,8.75,5.0,8.25,4.25,0.75
426,Zürich,2024-07-09,1,2766,4.40,10,,1.0,1.0,1.0,1.0,,1.0,,,,1.0,1.0,1.0,1.0,,1.0,1.0,,,,,,1.0,1.0,,1.0,1.0,,1.0,,,5.65,8.75,5.0,8.25,4.25,0.75
427,Zürich,2024-07-09,1,3269,4.42,13,2.0,1.0,1.0,1.0,,1.0,,,,1.0,1.0,,,1.0,,1.0,1.0,,,1.0,,,1.0,1.0,,,,,,,,5.65,8.75,5.0,8.25,4.25,0.75
428,Zürich,2024-07-09,1,2400,4.66,38,,1.0,1.0,1.0,1.0,,1.0,1.0,,,1.0,1.0,1.0,1.0,1.0,1.0,1.0,,,,,,1.0,1.0,,,1.0,,,,,5.65,8.75,5.0,8.25,4.25,0.75
429,Zürich,2024-07-09,1,2629,,,2.0,1.0,1.0,1.0,1.0,,,1.0,,1.0,1.0,1.0,1.0,1.0,1.0,,,1.0,1.0,1.0,,1.0,1.0,1.0,1.0,1.0,,,1.0,,,5.65,8.75,5.0,8.25,4.25,0.75
430,Zürich,2024-07-09,1,2712,,,6.0,6.0,1.0,,,1.0,1.0,1.0,1.0,1.0,1.0,1.0,1.0,1.0,1.0,,,,,1.0,,,1.0,,,1.0,1.0,,,,,5.65,8.75,5.0,8.25,4.25,0.75
431,Zürich,2024-07-09,1,2369,,,,2.0,1.0,,,1.0,,,,,1.0,,1.0,1.0,,1.0,,,,,,,,,,,,,,,,5.65,8.75,5.0,8.25,4.25,0.75
432,Zürich,2024-07-09,1,2537,,,2.0,1.0,1.0,,1.0,1.0,1.0,1.0,,,,1.0,1.0,,1.0,,,,,,,,1.0,1.0,,1.0,1.0,,,,,5.65,8.75,5.0,8.25,4.25,0.75
433,Zürich,2024-07-09,1,2872,,,6.0,6.0,1.0,,,1.0,,1.0,1.0,1.0,1.0,1.0,1.0,1.0,1.0,,,,,,,,1.0,1.0,,,1.0,,,,,5.65,8.75,5.0,8.25,4.25,0.75
434,Zürich,2024-07-09,1,2564,,,4.0,2.0,1.0,1.0,1.0,,1.0,,,1.0,1.0,,1.0,1.0,1.0,,,,,,,,,,,1.0,,,,,,5.65,8.75,5.0,8.25,4.25,0.75
435,Zürich,2024-07-09,1,2765,,,2.0,1.0,1.0,1.0,1.0,1.0,1.0,,1.0,,1.0,1.0,,1.0,1.0,,,,,1.0,,1.0,1.0,1.0,1.0,1.0,1.0,,,,,5.65,8.75,5.0,8.25,4.25,0.75
436,Zürich,2024-07-09,1,2840,,,8.0,,1.0,1.0,1.0,1.0,1.0,,1.0,,,1.0,,,1.0,,,1.0,1.0,,,1.0,1.0,,,1.0,1.0,,,,,5.65,8.75,5.0,8.25,4.25,0.75
437,Zürich,2024-07-09,1,2757,,,1.0,1.0,1.0,,1.0,,,,,1.0,1.0,,,1.0,,,,,,,,,1.0,,,1.0,,,,,,5.65,8.75,5.0,8.25,4.25,0.75
